{"type":"FeatureCollection","features":[{"type":"Feature","geometry":{"type":"Polygon","coordinates":[[[106.5827,11.0382],[106.5824,11.0367],[106.581,11.0352],[106.5793,11.0346],[106.578,11.0331],[106.578,11.0318],[106.5775,11.0308],[106.5779,11.0294],[106.5793,11.0297],[106.5801,11.028],[106.5784,11.0266],[106.5785,11.0233],[106.5795,11.0225],[106.5795,11.0216],[106.5786,11.0202],[106.578,11.0186],[106.5812,11.0154],[106.566,11.007],[106.5701,10.999],[106.5765,10.9837],[106.5941,10.9825],[106.5939,10.9782],[106.5933,10.9783],[106.5931,10.9758],[106.5968,10.975],[106.5985,10.9748],[106.6058,10.9748],[106.6105,10.9745],[106.6104,10.9722],[106.6088,10.9721],[106.6087,10.9678],[106.6093,10.9664],[106.6097,10.9644],[106.6104,10.9641],[106.6092,10.9602],[106.611,10.9598],[106.6112,10.9603],[106.6142,10.9599],[106.6163,10.9601],[106.6186,10.9595],[106.6245,10.9576],[106.625,10.9547],[106.6256,10.9523],[106.6254,10.9496],[106.6234,10.9471],[106.606,10.9268],[106.6029,10.9231],[106.6012,10.9233],[106.6002,10.9234],[106.5926,10.9258],[106.5873,10.9276],[106.5837,10.9287],[106.5831,10.9298],[106.5807,10.9337],[106.5785,10.9401],[106.5765,10.9446],[106.5745,10.948],[106.5731,10.9506],[106.5687,10.9592],[106.5651,10.9669],[106.5641,10.9687],[106.5628,10.9701],[106.5614,10.9711],[106.5579,10.9725],[106.5504,10.9752],[106.5434,10.9778],[106.5381,10.9833],[106.5377,10.984],[106.5376,10.9875],[106.5383,10.9884],[106.5379,10.9896],[106.5385,10.9901],[106.5385,10.9927],[106.5378,10.9932],[106.538,10.9948],[106.5387,10.9955],[106.5321,10.9969],[106.5306,10.9977],[106.5272,10.9998],[106.5264,11.0002],[106.522,11.0031],[106.5197,11.0031],[106.5186,11.0036],[106.5181,11.0048],[106.5164,11.0065],[106.5155,11.0072],[106.5162,11.008],[106.5257,11.0123],[106.5372,11.0179],[106.5411,11.0199],[106.5481,11.0236],[106.5472,11.0249],[106.5513,11.027],[106.552,11.0271],[106.5542,11.0284],[106.5526,11.0321],[106.5505,11.035],[106.5481,11.04],[106.547,11.0412],[106.5461,11.043],[106.5484,11.0437],[106.5499,11.0463],[106.5519,11.0457],[106.556,11.0457],[106.5561,11.0457],[106.5587,11.0455],[106.5636,11.0449],[106.5668,11.0449],[106.5678,11.0456],[106.5685,11.0473],[106.5686,11.0493],[106.5691,11.051],[106.5711,11.0538],[106.5728,11.0543],[106.5741,11.0534],[106.5754,11.0517],[106.5785,11.049],[106.5799,11.0473],[106.5806,11.0452],[106.5809,11.0425],[106.5817,11.0399],[106.5827,11.0382]]]},"properties":{"code":"27541","name":"Xã Phú Hòa Đông"}},{"type":"Feature","geometry":{"type":"Polygon","coordinates":[[[106.6342,10.759],[106.6353,10.7578],[106.6374,10.7554],[106.6376,10.7547],[106.6372,10.7536],[106.6385,10.7523],[106.6389,10.7509],[106.6398,10.7492],[106.6234,10.7452],[106.6231,10.7451],[106.6238,10.7457],[106.6242,10.7539],[106.6244,10.756],[106.6253,10.7575],[106.6241,10.7625],[106.6247,10.7608],[106.629,10.7603],[106.6305,10.7598],[106.632,10.7589],[106.6337,10.7582],[106.6342,10.759]]]},"properties":{"code":"27349","name":"Phường Phú Lâm"}},{"type":"Feature","geometry":{"type":"Polygon","coordinates":[[[106.7027,11.0026],[106.7025,11.0022],[106.7042,11.0011],[106.7047,11.0002],[106.7064,10.9983],[106.7072,10.9967],[106.706,10.9956],[106.6971,10.99],[106.6965,10.989],[106.6968,10.9872],[106.6982,10.9859],[106.6987,10.983],[106.7,10.9802],[106.7008,10.9793],[106.7013,10.978],[106.7009,10.9759],[106.7011,10.9742],[106.7019,10.9733],[106.7018,10.9724],[106.7007,10.9707],[106.7003,10.9708],[106.6991,10.9694],[106.6946,10.9668],[106.6916,10.9657],[106.6901,10.9648],[106.6893,10.9636],[106.6818,10.9671],[106.6753,10.9707],[106.6715,10.9727],[106.6705,10.9738],[106.6671,10.9809],[106.666,10.985],[106.6655,10.9865],[106.6634,10.9905],[106.6619,10.9919],[106.6609,10.9922],[106.6562,10.9928],[106.6547,10.9936],[106.6509,10.9959],[106.6499,10.9965],[106.6497,10.9967],[106.6492,10.997],[106.6476,10.9985],[106.6474,10.9987],[106.647,10.9995],[106.6456,11.0051],[106.6493,11.0058],[106.6505,11.0065],[106.6568,11.0088],[106.6581,11.0101],[106.6589,11.0116],[106.6613,11.0101],[106.6623,11.0098],[106.6641,11.0086],[106.6654,11.0073],[106.6668,11.0056],[106.6677,11.0068],[106.669,11.0065],[106.6707,11.005],[106.6723,11.0041],[106.6735,11.0041],[106.681,10.999],[106.6838,10.9966],[106.6844,10.997],[106.6863,11.0002],[106.6863,11.0016],[106.687,11.003],[106.689,11.0051],[106.69,11.0043],[106.6925,11.004],[106.6928,11.0047],[106.6957,11.0079],[106.6997,11.0048],[106.7004,11.0039],[106.7027,11.0026]]]},"properties":{"code":"25750","name":"Phường Phú Lợi"}},{"type":"Feature","geometry":{"type":"Polygon","coordinates":[[[107.091,10.6532],[107.0897,10.6524],[107.0886,10.6509],[107.0866,10.6494],[107.0851,10.6488],[107.0814,10.6494],[107.0783,10.649],[107.0752,10.6464],[107.0747,10.6444],[107.0735,10.6435],[107.0763,10.6365],[107.0773,10.6343],[107.0794,10.6316],[107.0815,10.6304],[107.0827,10.6278],[107.0807,10.6274],[107.08,10.626],[107.0793,10.626],[107.0783,10.6253],[107.0788,10.6244],[107.078,10.624],[107.0789,10.6221],[107.0802,10.6208],[107.0812,10.6204],[107.0819,10.6181],[107.0813,10.6173],[107.0837,10.6166],[107.0844,10.6161],[107.0836,10.6141],[107.0838,10.613],[107.083,10.6123],[107.0827,10.6107],[107.0819,10.6089],[107.078,10.6096],[107.0769,10.6052],[107.0777,10.6046],[107.0793,10.6047],[107.0805,10.6042],[107.0822,10.604],[107.0828,10.6032],[107.0855,10.6014],[107.087,10.6017],[107.0893,10.5963],[107.0927,10.5902],[107.0898,10.5819],[107.0886,10.5822],[107.0829,10.5822],[107.0817,10.5825],[107.0801,10.5819],[107.0784,10.5823],[107.0766,10.5813],[107.0761,10.5804],[107.0717,10.5792],[107.0665,10.5777],[107.0643,10.5766],[107.0615,10.5757],[107.0611,10.5776],[107.0531,10.5776],[107.0481,10.5748],[107.0473,10.5767],[107.0473,10.5778],[107.0405,10.578],[107.0433,10.5728],[107.0404,10.5713],[107.0362,10.5729],[107.0344,10.5715],[107.0338,10.5688],[107.0324,10.5683],[107.032,10.5676],[107.0323,10.5664],[107.0318,10.5658],[107.0301,10.5655],[107.03,10.5647],[107.0313,10.564],[107.0319,10.5632],[107.0319,10.5601],[107.033,10.5584],[107.0349,10.5574],[107.0356,10.5567],[107.0359,10.5555],[107.0345,10.5543],[107.0314,10.553],[107.0309,10.5522],[107.0311,10.5506],[107.0318,10.5488],[107.0318,10.5475],[107.031,10.5465],[107.0283,10.5467],[107.0267,10.5465],[107.0249,10.5455],[107.024,10.5462],[107.0209,10.5467],[107.0164,10.5477],[107.0143,10.5484],[107.0125,10.5499],[107.0115,10.5515],[107.0109,10.555],[107.011,10.5576],[107.0114,10.5588],[107.0146,10.565],[107.0166,10.5676],[107.0178,10.5695],[107.0187,10.5705],[107.0215,10.5742],[107.024,10.578],[107.0259,10.5816],[107.0266,10.5831],[107.027,10.5868],[107.0267,10.5887],[107.0247,10.5916],[107.0239,10.5924],[107.0224,10.5952],[107.0211,10.5979],[107.0203,10.599],[107.0199,10.6011],[107.0198,10.6026],[107.0195,10.6037],[107.0174,10.6065],[107.0114,10.6108],[107.0076,10.6133],[107.0058,10.6145],[107.0038,10.616],[107,10.6193],[106.9993,10.6202],[106.9975,10.6229],[106.9966,10.6248],[106.9963,10.6273],[106.9967,10.6303],[106.9974,10.632],[106.9984,10.6333],[106.9997,10.6346],[107.0034,10.637],[107.0054,10.6377],[107.0067,10.6377],[107.0082,10.6371],[107.0099,10.6357],[107.0126,10.6327],[107.0141,10.6319],[107.0155,10.632],[107.0169,10.633],[107.0169,10.6337],[107.015,10.6368],[107.0134,10.6414],[107.0134,10.6437],[107.0169,10.6448],[107.0191,10.6454],[107.0192,10.6469],[107.0207,10.6474],[107.0212,10.6467],[107.0241,10.648],[107.0319,10.6517],[107.0361,10.6538],[107.0386,10.6549],[107.0383,10.6557],[107.04,10.6561],[107.0444,10.6574],[107.0465,10.6577],[107.0489,10.6578],[107.0516,10.6581],[107.0544,10.6582],[107.0579,10.6569],[107.0617,10.6574],[107.0628,10.6574],[107.0645,10.6569],[107.0655,10.6546],[107.067,10.6535],[107.0702,10.6535],[107.0728,10.6538],[107.0747,10.6538],[107.0778,10.6534],[107.0816,10.6536],[107.0852,10.6535],[107.088,10.6532],[107.091,10.6532]]]},"properties":{"code":"26704","name":"Phường Phú Mỹ"}},{"type":"Feature","geometry":{"type":"Polygon","coordinates":[[[106.6786,10.7993],[106.6796,10.7967],[106.6778,10.7949],[106.6779,10.7942],[106.681,10.7924],[106.682,10.7916],[106.6816,10.7911],[106.681,10.7914],[106.6793,10.791],[106.6763,10.7905],[106.671,10.7893],[106.6706,10.788],[106.6682,10.7888],[106.6667,10.7896],[106.666,10.7908],[106.6682,10.7938],[106.6685,10.7982],[106.6691,10.7989],[106.6677,10.8002],[106.6786,10.7993]]]},"properties":{"code":"27073","name":"Phường Phú Nhuận"}},{"type":"Feature","geometry":{"type":"Polygon","coordinates":[[[106.6342,10.759],[106.6337,10.7582],[106.632,10.7589],[106.6305,10.7598],[106.629,10.7603],[106.6247,10.7608],[106.6241,10.7625],[106.6237,10.7642],[106.622,10.7713],[106.6216,10.7737],[106.6213,10.7771],[106.6201,10.7805],[106.6188,10.7846],[106.6208,10.7847],[106.6287,10.7822],[106.6343,10.7807],[106.636,10.7817],[106.6357,10.78],[106.6346,10.7773],[106.6328,10.7747],[106.6322,10.7727],[106.6318,10.7698],[106.6319,10.7673],[106.6325,10.7634],[106.6326,10.7605],[106.6342,10.759]]]},"properties":{"code":"27028","name":"Phường Phú Thạnh"}},{"type":"Feature","geometry":{"type":"Polygon","coordinates":[[[106.66,10.7638],[106.6508,10.7589],[106.6512,10.7628],[106.6464,10.7653],[106.6521,10.769],[106.6524,10.7691],[106.6533,10.7758],[106.656,10.7782],[106.66,10.7638]]]},"properties":{"code":"27226","name":"Phường Phú Thọ"}},{"type":"Feature","geometry":{"type":"Polygon","coordinates":[[[106.636,10.7817],[106.6343,10.7807],[106.6287,10.7822],[106.6208,10.7847],[106.6188,10.7846],[106.6156,10.7927],[106.6142,10.7957],[106.624,10.7958],[106.6273,10.7958],[106.6306,10.7943],[106.6325,10.794],[106.6329,10.7939],[106.636,10.7934],[106.6392,10.7931],[106.6412,10.7871],[106.6402,10.7869],[106.6368,10.7871],[106.636,10.7817]]]},"properties":{"code":"27022","name":"Phường Phú Thọ Hòa"}},{"type":"Feature","geometry":{"type":"Polygon","coordinates":[[[106.7697,10.7442],[106.7669,10.7406],[106.7634,10.7365],[106.7605,10.7327],[106.7581,10.729],[106.7563,10.7259],[106.7536,10.7203],[106.7518,10.7167],[106.7514,10.7136],[106.7513,10.7114],[106.7514,10.7085],[106.7522,10.705],[106.7458,10.7033],[106.7445,10.7032],[106.7378,10.7036],[106.7379,10.7049],[106.7373,10.7073],[106.7366,10.7202],[106.7363,10.7214],[106.7332,10.7273],[106.7311,10.7333],[106.7305,10.7375],[106.7364,10.7408],[106.7447,10.7451],[106.7459,10.7433],[106.7467,10.7427],[106.7492,10.7418],[106.7518,10.7419],[106.7571,10.7439],[106.7588,10.7445],[106.7625,10.7445],[106.7697,10.7442]]]},"properties":{"code":"27484","name":"Phường Phú Thuận"}},{"type":"Feature","geometry":{"type":"Polygon","coordinates":[[[107.2445,10.4256],[107.2483,10.4259],[107.25,10.4267],[107.2527,10.4293],[107.2541,10.4283],[107.2562,10.4302],[107.2553,10.4321],[107.2545,10.4333],[107.2552,10.4347],[107.2539,10.4344],[107.2518,10.435],[107.2519,10.4366],[107.251,10.4383],[107.2529,10.44],[107.2546,10.4429],[107.2547,10.4441],[107.2534,10.4437],[107.252,10.4446],[107.2515,10.4442],[107.2501,10.4453],[107.2518,10.4474],[107.2546,10.4516],[107.2544,10.4527],[107.2553,10.4535],[107.2558,10.4561],[107.2566,10.4576],[107.2573,10.4621],[107.2593,10.4606],[107.2639,10.4595],[107.2646,10.4586],[107.2669,10.4614],[107.2677,10.4614],[107.2678,10.4623],[107.269,10.462],[107.2711,10.4642],[107.2742,10.4651],[107.2744,10.4664],[107.2756,10.4664],[107.2773,10.4684],[107.2782,10.4687],[107.2788,10.4705],[107.2803,10.4707],[107.2807,10.4736],[107.2818,10.4734],[107.2832,10.4723],[107.2839,10.4733],[107.2855,10.4732],[107.2859,10.4737],[107.2876,10.4732],[107.2883,10.4722],[107.291,10.473],[107.292,10.4736],[107.294,10.4738],[107.2955,10.4742],[107.2957,10.4759],[107.2954,10.477],[107.2957,10.4785],[107.2955,10.4822],[107.2958,10.4858],[107.2958,10.488],[107.2971,10.4883],[107.299,10.4879],[107.2999,10.4867],[107.3009,10.4864],[107.3014,10.4849],[107.3017,10.4818],[107.3025,10.4818],[107.3033,10.4804],[107.3045,10.4814],[107.3055,10.4816],[107.3074,10.4813],[107.3082,10.4831],[107.31,10.4834],[107.3113,10.4842],[107.3116,10.486],[107.3125,10.4875],[107.3142,10.4864],[107.3161,10.4865],[107.318,10.4857],[107.3194,10.4859],[107.3227,10.4831],[107.3255,10.4823],[107.3264,10.4823],[107.3304,10.4807],[107.3358,10.4833],[107.337,10.4841],[107.3386,10.4855],[107.3401,10.4861],[107.3418,10.4864],[107.3435,10.4869],[107.3457,10.4882],[107.3475,10.49],[107.3491,10.4907],[107.3496,10.4917],[107.3535,10.4935],[107.3553,10.4946],[107.3602,10.4946],[107.3642,10.4951],[107.3652,10.4969],[107.3674,10.4973],[107.3694,10.4985],[107.371,10.4967],[107.372,10.4966],[107.3719,10.4953],[107.3746,10.4953],[107.3743,10.4965],[107.3756,10.4968],[107.3764,10.4957],[107.3763,10.4945],[107.3768,10.4924],[107.3737,10.4908],[107.3719,10.4907],[107.3709,10.4902],[107.3726,10.4892],[107.3723,10.4881],[107.3708,10.4877],[107.3705,10.4869],[107.3707,10.4853],[107.3716,10.4847],[107.3725,10.4851],[107.3732,10.4847],[107.3731,10.4827],[107.3723,10.4817],[107.3705,10.4824],[107.3694,10.4824],[107.3683,10.4818],[107.368,10.4812],[107.3681,10.4792],[107.3672,10.4779],[107.3662,10.478],[107.3641,10.4796],[107.3634,10.4795],[107.3627,10.4782],[107.3631,10.4759],[107.364,10.4747],[107.3655,10.4746],[107.3673,10.4757],[107.3684,10.4754],[107.3688,10.4741],[107.3679,10.4728],[107.3663,10.47],[107.3639,10.4686],[107.3585,10.466],[107.3533,10.4639],[107.3515,10.4628],[107.3499,10.4614],[107.3462,10.4588],[107.3421,10.4567],[107.3402,10.4562],[107.3369,10.4557],[107.3332,10.4527],[107.3321,10.4526],[107.3304,10.452],[107.328,10.4506],[107.3266,10.449],[107.3252,10.4488],[107.3204,10.4466],[107.3183,10.4452],[107.3167,10.4436],[107.312,10.4395],[107.3109,10.4381],[107.3102,10.4383],[107.3081,10.4358],[107.304,10.4322],[107.3032,10.4317],[107.2993,10.4282],[107.2972,10.4269],[107.2957,10.425],[107.2939,10.4235],[107.2921,10.4214],[107.2913,10.421],[107.2887,10.418],[107.2872,10.4166],[107.2864,10.4153],[107.2857,10.415],[107.2848,10.4137],[107.2835,10.4124],[107.2819,10.4101],[107.2802,10.4083],[107.2776,10.4043],[107.2762,10.4035],[107.2748,10.4018],[107.2728,10.3986],[107.2709,10.3968],[107.2692,10.3958],[107.2672,10.3953],[107.2662,10.3938],[107.2628,10.3892],[107.2593,10.3829],[107.258,10.3819],[107.2571,10.3807],[107.2546,10.3795],[107.2532,10.3844],[107.2507,10.3941],[107.2466,10.4128],[107.2445,10.4211],[107.2445,10.4256]]]},"properties":{"code":"26686","name":"Xã Phước Hải"}},{"type":"Feature","geometry":{"type":"Polygon","coordinates":[[[106.7133,10.8657],[106.7156,10.8639],[106.7169,10.8619],[106.7182,10.8575],[106.7179,10.8553],[106.7178,10.8552],[106.7156,10.8524],[106.7133,10.8513],[106.7109,10.8511],[106.7068,10.8516],[106.7044,10.8517],[106.7011,10.8511],[106.699,10.85],[106.6983,10.8486],[106.6978,10.8461],[106.6978,10.8448],[106.6982,10.843],[106.6989,10.8421],[106.699,10.842],[106.7007,10.8403],[106.7028,10.8391],[106.701,10.8377],[106.7004,10.8352],[106.6988,10.8341],[106.6964,10.8331],[106.6952,10.8309],[106.6944,10.8302],[106.6931,10.83],[106.6924,10.8305],[106.6909,10.8331],[106.6911,10.8346],[106.6905,10.8365],[106.689,10.8387],[106.6887,10.8404],[106.6892,10.8435],[106.6888,10.8449],[106.6879,10.8465],[106.6868,10.8472],[106.6845,10.847],[106.6835,10.8471],[106.6829,10.8481],[106.6844,10.8507],[106.6841,10.8514],[106.6822,10.8516],[106.6796,10.8508],[106.6788,10.851],[106.6759,10.852],[106.6758,10.853],[106.6765,10.8549],[106.6766,10.8567],[106.6763,10.8583],[106.6771,10.8604],[106.6775,10.8634],[106.6786,10.8664],[106.6788,10.8677],[106.6773,10.8697],[106.6769,10.8712],[106.6768,10.8746],[106.677,10.876],[106.6798,10.8824],[106.6818,10.8855],[106.6839,10.887],[106.6849,10.8882],[106.6859,10.8906],[106.6877,10.8931],[106.6891,10.8963],[106.6891,10.8975],[106.6884,10.9006],[106.688,10.9013],[106.6888,10.9017],[106.6905,10.9033],[106.6927,10.9043],[106.6941,10.8989],[106.6944,10.8971],[106.6943,10.8948],[106.6939,10.8936],[106.692,10.89],[106.6906,10.8881],[106.6892,10.8855],[106.6889,10.8839],[106.6889,10.8825],[106.6894,10.881],[106.6903,10.8795],[106.6952,10.8731],[106.6984,10.8696],[106.7003,10.8682],[106.7018,10.8673],[106.7032,10.8669],[106.7049,10.8669],[106.7104,10.8665],[106.7133,10.8657]]]},"properties":{"code":"26767","name":"Phường An Phú Đông"}},{"type":"Feature","geometry":{"type":"Polygon","coordinates":[[[106.8495,11.2515],[106.8495,11.2506],[106.8489,11.2486],[106.8486,11.2465],[106.8488,11.2449],[106.8493,11.2434],[106.8502,11.2426],[106.8519,11.2424],[106.8538,11.2413],[106.8544,11.2396],[106.8542,11.2379],[106.8531,11.2365],[106.8497,11.2344],[106.8465,11.2337],[106.8447,11.2327],[106.8435,11.2312],[106.8423,11.2286],[106.8415,11.2275],[106.8395,11.226],[106.8376,11.2261],[106.8347,11.2273],[106.8336,11.2273],[106.8321,11.2268],[106.8313,11.2261],[106.8279,11.2208],[106.8271,11.2179],[106.8286,11.2174],[106.8322,11.2183],[106.8342,11.2182],[106.8371,11.2174],[106.8389,11.216],[106.839,11.2134],[106.8383,11.2127],[106.8358,11.2118],[106.8348,11.2114],[106.8318,11.2093],[106.8305,11.2091],[106.8291,11.2093],[106.8271,11.2104],[106.8243,11.2126],[106.8234,11.2144],[106.8235,11.2168],[106.8237,11.2177],[106.8217,11.2177],[106.8208,11.2169],[106.8198,11.2153],[106.8202,11.2115],[106.8207,11.2102],[106.8189,11.2104],[106.8188,11.2092],[106.8177,11.2076],[106.8163,11.2062],[106.8157,11.2064],[106.8136,11.2055],[106.8133,11.2046],[106.8116,11.2026],[106.8038,11.1939],[106.7986,11.1981],[106.7941,11.2019],[106.7944,11.1931],[106.7929,11.1931],[106.7936,11.1906],[106.7937,11.1891],[106.7899,11.1885],[106.7836,11.1886],[106.7828,11.1888],[106.7802,11.1888],[106.7643,11.1884],[106.7644,11.1892],[106.7634,11.1902],[106.7625,11.1904],[106.762,11.1907],[106.7586,11.1908],[106.7584,11.2037],[106.7581,11.2105],[106.7541,11.2101],[106.7529,11.2098],[106.7509,11.208],[106.7504,11.2064],[106.7508,11.2052],[106.7502,11.204],[106.7487,11.2023],[106.7487,11.2016],[106.7467,11.2001],[106.7454,11.1997],[106.7432,11.2005],[106.7408,11.2006],[106.7385,11.2001],[106.7367,11.2002],[106.7348,11.1999],[106.7337,11.1991],[106.7323,11.1973],[106.732,11.1956],[106.7326,11.194],[106.7322,11.1917],[106.7309,11.1898],[106.7291,11.1903],[106.7247,11.1896],[106.7217,11.2028],[106.7214,11.2034],[106.712,11.2108],[106.7111,11.2193],[106.7103,11.2249],[106.7083,11.2247],[106.7063,11.2302],[106.7059,11.2317],[106.7061,11.2331],[106.7046,11.2343],[106.7043,11.2364],[106.7058,11.2367],[106.7065,11.2373],[106.7062,11.2392],[106.7094,11.2395],[106.7117,11.2413],[106.7117,11.2429],[106.7128,11.2429],[106.7161,11.2478],[106.7166,11.2476],[106.7193,11.2515],[106.7195,11.2521],[106.721,11.2521],[106.721,11.2587],[106.7231,11.2591],[106.7262,11.2604],[106.7279,11.2599],[106.7291,11.2599],[106.7298,11.2609],[106.7302,11.2629],[106.7286,11.2634],[106.7278,11.264],[106.7274,11.2657],[106.7268,11.2705],[106.7264,11.2716],[106.7237,11.2752],[106.7219,11.28],[106.723,11.2797],[106.7266,11.2799],[106.7281,11.2791],[106.729,11.2782],[106.7308,11.2773],[106.7312,11.2755],[106.7307,11.2751],[106.7301,11.2725],[106.7316,11.2719],[106.7322,11.2711],[106.7331,11.2719],[106.7354,11.2725],[106.7375,11.2721],[106.7401,11.277],[106.7405,11.2784],[106.7414,11.2783],[106.7438,11.2807],[106.7466,11.2837],[106.7496,11.2867],[106.7508,11.2877],[106.7507,11.29],[106.7503,11.2907],[106.7511,11.2921],[106.753,11.2931],[106.7539,11.2942],[106.7549,11.2959],[106.7575,11.2983],[106.7588,11.299],[106.7595,11.3],[106.7591,11.3019],[106.7607,11.3055],[106.7619,11.3052],[106.7634,11.3067],[106.7696,11.3072],[106.7695,11.3083],[106.77,11.3144],[106.7698,11.3151],[106.7764,11.3146],[106.7748,11.3163],[106.7736,11.3172],[106.7739,11.3177],[106.7772,11.3188],[106.7791,11.3187],[106.7803,11.3184],[106.7807,11.3173],[106.7806,11.316],[106.7811,11.315],[106.7809,11.3142],[106.7814,11.3128],[106.7821,11.3125],[106.7826,11.3113],[106.7826,11.31],[106.7833,11.3101],[106.7842,11.3091],[106.7844,11.3073],[106.7835,11.3069],[106.7844,11.3058],[106.7846,11.3038],[106.7834,11.3033],[106.7833,11.2998],[106.7842,11.2984],[106.7841,11.2957],[106.785,11.2946],[106.7864,11.2914],[106.7884,11.2905],[106.7883,11.2891],[106.7897,11.289],[106.7903,11.2878],[106.7916,11.2861],[106.7928,11.2855],[106.7932,11.2846],[106.7945,11.2843],[106.7951,11.2824],[106.7958,11.2818],[106.7956,11.2808],[106.7962,11.2801],[106.7964,11.2785],[106.797,11.2779],[106.7968,11.2757],[106.7979,11.2741],[106.7987,11.2737],[106.7991,11.2727],[106.8006,11.2714],[106.8033,11.2669],[106.8047,11.2659],[106.8055,11.2639],[106.8081,11.2627],[106.8095,11.2615],[106.8107,11.2612],[106.8114,11.2602],[106.8128,11.2598],[106.8139,11.2592],[106.8149,11.2593],[106.8156,11.2584],[106.8172,11.2583],[106.8182,11.2578],[106.8189,11.2567],[106.8191,11.2555],[106.8206,11.2545],[106.821,11.2553],[106.8234,11.2538],[106.8251,11.2541],[106.8265,11.2534],[106.8269,11.2554],[106.8284,11.2553],[106.8308,11.2564],[106.832,11.2561],[106.8338,11.2551],[106.835,11.2548],[106.8374,11.2557],[106.8389,11.2543],[106.8387,11.2531],[106.84,11.2526],[106.8407,11.251],[106.8414,11.2505],[106.8414,11.2497],[106.8428,11.2488],[106.843,11.2479],[106.8448,11.2475],[106.8459,11.2492],[106.8473,11.2484],[106.8495,11.2515]]]},"properties":{"code":"25882","name":"Xã Phước Hòa"}},{"type":"Feature","geometry":{"type":"Polygon","coordinates":[[[106.7899,10.815],[106.7903,10.8134],[106.7919,10.8104],[106.7934,10.8079],[106.7933,10.8053],[106.7898,10.8047],[106.7894,10.8043],[106.7889,10.8021],[106.7885,10.8014],[106.7866,10.8005],[106.7851,10.8007],[106.783,10.7998],[106.7819,10.7987],[106.7822,10.7974],[106.7819,10.7954],[106.7811,10.7944],[106.7768,10.809],[106.7749,10.8078],[106.7725,10.8076],[106.7707,10.8084],[106.7689,10.8084],[106.7674,10.8082],[106.7656,10.8089],[106.7647,10.8098],[106.7642,10.8109],[106.7638,10.8133],[106.763,10.8141],[106.7617,10.8146],[106.7606,10.8144],[106.7592,10.8137],[106.757,10.8132],[106.7579,10.8183],[106.7589,10.8226],[106.7595,10.8241],[106.7624,10.8292],[106.7637,10.8316],[106.7691,10.841],[106.7707,10.84],[106.7704,10.8392],[106.7713,10.8386],[106.7712,10.8355],[106.7737,10.8344],[106.7744,10.8335],[106.7773,10.8309],[106.7817,10.8277],[106.7813,10.8273],[106.7837,10.8252],[106.7837,10.8244],[106.7857,10.8228],[106.7866,10.8224],[106.7877,10.8211],[106.7879,10.8198],[106.7874,10.8192],[106.7883,10.8181],[106.7884,10.816],[106.7874,10.8147],[106.7899,10.815]]]},"properties":{"code":"26848","name":"Phường Phước Long"}},{"type":"Feature","geometry":{"type":"Polygon","coordinates":[[[107.2118,10.4232],[107.212,10.4223],[107.2118,10.4208],[107.2105,10.4196],[107.2065,10.4185],[107.2045,10.4184],[107.2033,10.4191],[107.2023,10.4212],[107.2014,10.422],[107.2006,10.4219],[107.1972,10.4207],[107.1951,10.4205],[107.1935,10.4212],[107.1931,10.422],[107.1924,10.4253],[107.1922,10.427],[107.1915,10.4281],[107.1892,10.4289],[107.188,10.4284],[107.1873,10.4275],[107.1855,10.423],[107.185,10.4205],[107.1844,10.4177],[107.1833,10.4149],[107.1813,10.4116],[107.1786,10.4085],[107.1728,10.4046],[107.172,10.4034],[107.1713,10.4015],[107.1658,10.4018],[107.1657,10.3998],[107.163,10.3975],[107.1605,10.3951],[107.1592,10.3935],[107.159,10.3916],[107.1567,10.3891],[107.1541,10.387],[107.1506,10.3862],[107.1465,10.3845],[107.1446,10.3832],[107.144,10.3832],[107.1403,10.3809],[107.1364,10.379],[107.134,10.3772],[107.1321,10.3765],[107.1317,10.377],[107.1295,10.3786],[107.1288,10.3799],[107.129,10.3809],[107.1268,10.3834],[107.1255,10.3833],[107.1228,10.3865],[107.1225,10.3878],[107.121,10.3892],[107.122,10.391],[107.123,10.3945],[107.1217,10.3947],[107.1206,10.3939],[107.1197,10.3945],[107.1197,10.3959],[107.1192,10.3965],[107.1202,10.3975],[107.1216,10.3976],[107.121,10.3988],[107.1224,10.4001],[107.1216,10.4023],[107.121,10.4028],[107.1201,10.4047],[107.1209,10.4067],[107.1216,10.4093],[107.1202,10.4145],[107.1225,10.4144],[107.1235,10.4147],[107.1255,10.4158],[107.1268,10.4161],[107.1366,10.4163],[107.1407,10.4169],[107.1432,10.4179],[107.1448,10.4191],[107.1466,10.4213],[107.148,10.4241],[107.1485,10.4301],[107.1492,10.4352],[107.1498,10.4421],[107.1502,10.4442],[107.1507,10.4453],[107.1535,10.4481],[107.1537,10.4491],[107.1523,10.4508],[107.1516,10.4527],[107.1518,10.4535],[107.1549,10.4554],[107.1552,10.4561],[107.1544,10.4581],[107.1519,10.4613],[107.152,10.4627],[107.154,10.4645],[107.155,10.4651],[107.1568,10.4669],[107.1583,10.4716],[107.1596,10.4733],[107.1632,10.474],[107.164,10.4739],[107.1649,10.4735],[107.1665,10.4719],[107.1669,10.4705],[107.167,10.4664],[107.1674,10.4643],[107.1713,10.4639],[107.1749,10.4628],[107.1791,10.461],[107.18,10.4597],[107.18,10.4579],[107.1796,10.4567],[107.18,10.4553],[107.1807,10.4548],[107.1831,10.4574],[107.1838,10.4575],[107.1855,10.457],[107.1866,10.4548],[107.1866,10.4525],[107.1873,10.4511],[107.1886,10.4503],[107.1912,10.4493],[107.194,10.448],[107.1965,10.4467],[107.197,10.4459],[107.1978,10.4433],[107.1983,10.4427],[107.203,10.4408],[107.2082,10.4391],[107.2099,10.4381],[107.2105,10.4371],[107.211,10.4358],[107.2109,10.4342],[107.2104,10.4332],[107.2074,10.4306],[107.2069,10.4297],[107.207,10.4283],[107.208,10.4265],[107.2116,10.4235],[107.2118,10.4232]]]},"properties":{"code":"26542","name":"Phường Phước Thắng"}},{"type":"Feature","geometry":{"type":"Polygon","coordinates":[[[106.7803,11.3184],[106.7791,11.3187],[106.7772,11.3188],[106.7739,11.3177],[106.7736,11.3172],[106.7748,11.3163],[106.7764,11.3146],[106.7698,11.3151],[106.77,11.3144],[106.7695,11.3083],[106.7696,11.3072],[106.7634,11.3067],[106.7619,11.3052],[106.7607,11.3055],[106.7591,11.3019],[106.7595,11.3],[106.7588,11.299],[106.7575,11.2983],[106.7549,11.2959],[106.7539,11.2942],[106.753,11.2931],[106.7511,11.2921],[106.7503,11.2907],[106.7507,11.29],[106.7508,11.2877],[106.7496,11.2867],[106.7466,11.2837],[106.7438,11.2807],[106.7414,11.2783],[106.7405,11.2784],[106.7403,11.28],[106.7396,11.2811],[106.7371,11.2832],[106.7333,11.2855],[106.7316,11.2876],[106.7311,11.2893],[106.7313,11.2907],[106.7325,11.2927],[106.7338,11.297],[106.734,11.2987],[106.7331,11.3005],[106.7308,11.3033],[106.7281,11.3059],[106.7253,11.3068],[106.7246,11.3081],[106.7254,11.3089],[106.7252,11.3102],[106.7241,11.3109],[106.724,11.312],[106.7248,11.3123],[106.7262,11.3145],[106.7268,11.314],[106.7277,11.3158],[106.7297,11.3184],[106.7305,11.3181],[106.7315,11.3191],[106.7318,11.3211],[106.7315,11.3222],[106.7294,11.325],[106.7293,11.3279],[106.7301,11.3286],[106.7338,11.3292],[106.7351,11.329],[106.7374,11.3305],[106.7366,11.3315],[106.7355,11.332],[106.7353,11.3345],[106.7357,11.3362],[106.7354,11.3381],[106.7343,11.3387],[106.7351,11.3405],[106.7339,11.3415],[106.7334,11.3427],[106.7319,11.3432],[106.7317,11.3448],[106.7312,11.3455],[106.7323,11.3464],[106.7321,11.3475],[106.7336,11.3493],[106.7334,11.3512],[106.7348,11.3532],[106.7346,11.3549],[106.7333,11.3575],[106.7337,11.3584],[106.7332,11.359],[106.7333,11.3609],[106.733,11.3622],[106.7325,11.3628],[106.7328,11.364],[106.7322,11.3653],[106.7328,11.3668],[106.7321,11.3672],[106.7321,11.3685],[106.7326,11.371],[106.7334,11.3722],[106.7338,11.3734],[106.7326,11.3738],[106.7316,11.3754],[106.7292,11.3764],[106.7276,11.3785],[106.7291,11.3795],[106.7277,11.3813],[106.7243,11.3803],[106.7234,11.3799],[106.7211,11.3816],[106.7199,11.384],[106.7184,11.384],[106.7186,11.3829],[106.7182,11.3823],[106.7147,11.3842],[106.7124,11.3865],[106.7117,11.3876],[106.7106,11.3918],[106.7087,11.3934],[106.7059,11.3949],[106.7047,11.3954],[106.7043,11.3962],[106.7051,11.3974],[106.7084,11.399],[106.7098,11.4001],[106.7102,11.4018],[106.709,11.4037],[106.7088,11.4047],[106.7099,11.4069],[106.7121,11.4089],[106.7146,11.4106],[106.7179,11.4136],[106.7187,11.4145],[106.719,11.4171],[106.7203,11.4215],[106.7203,11.423],[106.7215,11.4226],[106.7235,11.4227],[106.7256,11.4233],[106.7262,11.4237],[106.7263,11.4254],[106.7257,11.4278],[106.7257,11.4301],[106.7265,11.4319],[106.7291,11.4331],[106.7307,11.433],[106.7358,11.4323],[106.7382,11.4323],[106.7413,11.4335],[106.7418,11.4342],[106.7412,11.4393],[106.7417,11.4407],[106.7503,11.4445],[106.7534,11.4466],[106.7548,11.4482],[106.7562,11.4504],[106.7569,11.4524],[106.7562,11.4538],[106.7531,11.4556],[106.7526,11.4562],[106.7523,11.4585],[106.7526,11.4623],[106.751,11.4648],[106.7502,11.4663],[106.7499,11.4684],[106.7505,11.4695],[106.7529,11.4724],[106.7536,11.4749],[106.7537,11.4761],[106.7547,11.477],[106.7562,11.4774],[106.7577,11.4772],[106.7592,11.4777],[106.7626,11.4801],[106.7636,11.4805],[106.7654,11.4805],[106.7667,11.4798],[106.7677,11.4804],[106.7674,11.4811],[106.7683,11.4826],[106.7695,11.4822],[106.772,11.4826],[106.7742,11.4825],[106.7753,11.4829],[106.7759,11.4837],[106.778,11.4846],[106.7793,11.4864],[106.7814,11.4878],[106.7838,11.4888],[106.7861,11.4889],[106.7872,11.4898],[106.7885,11.4901],[106.7904,11.4918],[106.7927,11.4913],[106.7943,11.4913],[106.7953,11.491],[106.797,11.4911],[106.799,11.4881],[106.7999,11.488],[106.8022,11.4832],[106.8028,11.4821],[106.803,11.4807],[106.8028,11.4791],[106.8029,11.4767],[106.8034,11.4753],[106.8036,11.472],[106.8038,11.4707],[106.8056,11.4674],[106.8067,11.4643],[106.8074,11.4628],[106.8087,11.4611],[106.8067,11.4594],[106.806,11.4572],[106.8063,11.4533],[106.8061,11.4518],[106.805,11.4501],[106.8018,11.4471],[106.7999,11.4461],[106.7982,11.444],[106.7966,11.4426],[106.7957,11.4411],[106.7945,11.4399],[106.793,11.4377],[106.792,11.4358],[106.7889,11.4334],[106.7884,11.4321],[106.7865,11.4317],[106.7851,11.431],[106.7845,11.4302],[106.7846,11.4287],[106.7833,11.429],[106.782,11.428],[106.7791,11.4269],[106.777,11.4265],[106.7756,11.427],[106.7742,11.4265],[106.7721,11.4271],[106.7705,11.4266],[106.771,11.4172],[106.7711,11.4118],[106.77,11.406],[106.7695,11.4043],[106.7701,11.4038],[106.7744,11.4021],[106.7809,11.4012],[106.7844,11.4013],[106.789,11.4012],[106.7889,11.3974],[106.7886,11.3899],[106.7884,11.3859],[106.7893,11.3859],[106.7894,11.3829],[106.7936,11.3829],[106.7936,11.3795],[106.7962,11.3795],[106.7966,11.3805],[106.7975,11.3816],[106.7986,11.3816],[106.7985,11.3826],[106.8003,11.3826],[106.8003,11.381],[106.8,11.3801],[106.7983,11.3788],[106.7978,11.3778],[106.7985,11.3771],[106.7978,11.3731],[106.7979,11.3716],[106.7968,11.3693],[106.7959,11.369],[106.7938,11.3691],[106.7928,11.3684],[106.7902,11.3671],[106.7887,11.367],[106.7877,11.3658],[106.7871,11.3646],[106.7862,11.3611],[106.7862,11.3593],[106.7854,11.3579],[106.7837,11.3577],[106.7816,11.3557],[106.7809,11.3552],[106.78,11.3532],[106.7792,11.3527],[106.7785,11.3502],[106.7781,11.3501],[106.7771,11.3484],[106.7758,11.348],[106.7759,11.346],[106.7753,11.3448],[106.7767,11.3414],[106.7767,11.3399],[106.777,11.3393],[106.7759,11.3387],[106.7762,11.3366],[106.777,11.3343],[106.7767,11.3325],[106.7759,11.3316],[106.7771,11.3304],[106.777,11.3291],[106.7778,11.3277],[106.7797,11.3255],[106.7792,11.325],[106.7792,11.3221],[106.7798,11.3214],[106.7797,11.3205],[106.7803,11.3184]]]},"properties":{"code":"25864","name":"Xã Phước Thành"}},{"type":"Feature","geometry":{"type":"MultiPolygon","coordinates":[[[[107.1202,10.4145],[107.1216,10.4093],[107.1209,10.4067],[107.1201,10.4047],[107.121,10.4028],[107.1216,10.4023],[107.1224,10.4001],[107.121,10.3988],[107.1216,10.3976],[107.1202,10.3975],[107.1192,10.3965],[107.1197,10.3959],[107.1197,10.3945],[107.1206,10.3939],[107.1217,10.3947],[107.123,10.3945],[107.122,10.391],[107.121,10.3892],[107.1225,10.3878],[107.1228,10.3865],[107.1255,10.3833],[107.1268,10.3834],[107.129,10.3809],[107.1288,10.3799],[107.1295,10.3786],[107.1317,10.377],[107.1321,10.3765],[107.1314,10.3756],[107.1304,10.3754],[107.1284,10.3735],[107.1274,10.3735],[107.1261,10.3718],[107.1247,10.3714],[107.1232,10.37],[107.1217,10.3693],[107.1203,10.3678],[107.1191,10.3675],[107.1168,10.3706],[107.1148,10.3736],[107.1139,10.3748],[107.1118,10.3788],[107.1105,10.3808],[107.1064,10.3786],[107.1017,10.3746],[107.101,10.3738],[107.1,10.374],[107.1004,10.3751],[107.1011,10.3799],[107.0973,10.383],[107.0974,10.3861],[107.0962,10.3881],[107.0944,10.3863],[107.0941,10.3834],[107.0917,10.3787],[107.0897,10.3797],[107.0856,10.3813],[107.082,10.383],[107.0796,10.3837],[107.0777,10.3846],[107.0723,10.3864],[107.0742,10.39],[107.0756,10.3895],[107.0768,10.392],[107.0777,10.3925],[107.0788,10.3919],[107.079,10.391],[107.0775,10.388],[107.0789,10.3875],[107.0808,10.392],[107.0823,10.3914],[107.0925,10.3878],[107.0937,10.39],[107.0943,10.3901],[107.0993,10.3924],[107.0997,10.3922],[107.1014,10.393],[107.1028,10.394],[107.1044,10.3965],[107.1044,10.3978],[107.1047,10.3999],[107.1043,10.4003],[107.1051,10.4016],[107.1056,10.4035],[107.1053,10.4041],[107.1062,10.4055],[107.1069,10.4055],[107.1087,10.4085],[107.115,10.4108],[107.1174,10.4114],[107.118,10.4144],[107.1202,10.4145]]],[[[107.0959,10.3946],[107.0953,10.3947],[107.0949,10.3963],[107.0955,10.3972],[107.0964,10.4012],[107.0973,10.4023],[107.0986,10.4018],[107.0987,10.4008],[107.0981,10.3992],[107.0984,10.3973],[107.0969,10.3949],[107.0959,10.3946]]],[[[107.1034,10.4113],[107.1032,10.4095],[107.102,10.4079],[107.1009,10.409],[107.1001,10.4093],[107.0999,10.4102],[107.1006,10.411],[107.1041,10.4128],[107.1034,10.4113]]]]},"properties":{"code":"26536","name":"Phường Rạch Dừa"}},{"type":"Feature","geometry":{"type":"Polygon","coordinates":[[[106.7153,10.7852],[106.7141,10.785],[106.7114,10.783],[106.7103,10.7816],[106.7092,10.7791],[106.7086,10.7769],[106.7082,10.7735],[106.7081,10.771],[106.7085,10.7695],[106.7053,10.7689],[106.7031,10.7676],[106.7012,10.7653],[106.6993,10.7641],[106.6974,10.7671],[106.7013,10.7706],[106.6991,10.7758],[106.695,10.7796],[106.6981,10.7829],[106.6948,10.7856],[106.7019,10.7931],[106.7056,10.7921],[106.7063,10.7916],[106.707,10.7908],[106.7075,10.7893],[106.7086,10.7878],[106.7096,10.7874],[106.7124,10.7878],[106.7135,10.7871],[106.7153,10.7852]]]},"properties":{"code":"26740","name":"Phường Sài Gòn"}},{"type":"Feature","geometry":{"type":"Polygon","coordinates":[[[106.7367,10.8846],[106.7342,10.8805],[106.7354,10.8802],[106.7372,10.8803],[106.7384,10.8794],[106.7396,10.881],[106.7402,10.8807],[106.7412,10.8813],[106.7431,10.8802],[106.745,10.8816],[106.7457,10.8808],[106.7447,10.8801],[106.7472,10.8774],[106.7485,10.8781],[106.7494,10.8768],[106.7504,10.8773],[106.7514,10.8755],[106.7464,10.8739],[106.747,10.8721],[106.746,10.8717],[106.7474,10.8694],[106.7479,10.8692],[106.7479,10.8674],[106.75,10.8643],[106.7511,10.8644],[106.752,10.8635],[106.7518,10.8622],[106.7517,10.8589],[106.7511,10.8594],[106.7486,10.8588],[106.7481,10.8597],[106.7469,10.8597],[106.7464,10.8602],[106.7438,10.8599],[106.7423,10.8581],[106.7422,10.8562],[106.7425,10.8556],[106.7418,10.8524],[106.7411,10.8511],[106.7406,10.8492],[106.741,10.8479],[106.741,10.8467],[106.7401,10.8457],[106.7397,10.8453],[106.7396,10.8453],[106.738,10.847],[106.7351,10.8484],[106.7342,10.8496],[106.7345,10.852],[106.7351,10.8537],[106.7345,10.8552],[106.7334,10.8554],[106.7318,10.8551],[106.7311,10.8556],[106.7311,10.8557],[106.7306,10.8578],[106.7299,10.8584],[106.7294,10.8608],[106.7269,10.8617],[106.7268,10.8635],[106.728,10.8649],[106.7297,10.8656],[106.729,10.8663],[106.7266,10.8664],[106.727,10.8693],[106.7263,10.8694],[106.7244,10.8715],[106.7235,10.8717],[106.7236,10.8725],[106.7227,10.8733],[106.7216,10.8751],[106.7214,10.8764],[106.7175,10.8772],[106.7152,10.8775],[106.714,10.8772],[106.7134,10.879],[106.718,10.8808],[106.7171,10.8824],[106.7166,10.8847],[106.7174,10.8864],[106.7173,10.8879],[106.7155,10.8877],[106.7145,10.8868],[106.7138,10.8875],[106.7131,10.8899],[106.7155,10.8929],[106.7176,10.8964],[106.7205,10.8944],[106.7258,10.891],[106.7275,10.8901],[106.7284,10.8909],[106.7292,10.8894],[106.733,10.8908],[106.732,10.8878],[106.731,10.8859],[106.7324,10.8857],[106.7367,10.8846]]]},"properties":{"code":"26803","name":"Phường Tam Bình"}},{"type":"Feature","geometry":{"type":"Polygon","coordinates":[[[107.2464,10.5403],[107.2466,10.5379],[107.2455,10.5358],[107.2461,10.5338],[107.2469,10.5328],[107.2473,10.531],[107.247,10.5303],[107.2471,10.5291],[107.2463,10.527],[107.2449,10.527],[107.2447,10.5259],[107.2435,10.526],[107.2432,10.5238],[107.2437,10.5229],[107.2429,10.5223],[107.243,10.5203],[107.242,10.5191],[107.2423,10.5173],[107.2407,10.5144],[107.2415,10.5129],[107.2403,10.5112],[107.24,10.5099],[107.2384,10.5092],[107.2375,10.5095],[107.2361,10.508],[107.2363,10.5069],[107.2336,10.5068],[107.2331,10.5064],[107.2311,10.5069],[107.2302,10.5068],[107.23,10.5058],[107.2279,10.5056],[107.2277,10.504],[107.227,10.5034],[107.2247,10.5037],[107.2241,10.5015],[107.2226,10.5016],[107.222,10.498],[107.2195,10.4997],[107.2187,10.4979],[107.2143,10.4948],[107.2137,10.495],[107.2048,10.497],[107.2024,10.4978],[107.1969,10.5],[107.1925,10.5023],[107.1814,10.509],[107.1896,10.5157],[107.1879,10.5178],[107.1869,10.5209],[107.1868,10.5227],[107.186,10.525],[107.1844,10.5264],[107.1826,10.5271],[107.1829,10.5287],[107.1842,10.5297],[107.1839,10.5333],[107.1848,10.5356],[107.1838,10.5362],[107.1838,10.5381],[107.1848,10.5392],[107.1844,10.5407],[107.1846,10.5419],[107.1852,10.5422],[107.187,10.541],[107.1907,10.5406],[107.1908,10.5417],[107.1924,10.5426],[107.1931,10.5438],[107.1942,10.5443],[107.195,10.544],[107.1965,10.5444],[107.1963,10.5453],[107.1968,10.547],[107.1964,10.5482],[107.197,10.5498],[107.1965,10.5507],[107.1977,10.5519],[107.1992,10.5513],[107.2,10.5505],[107.2002,10.5523],[107.2014,10.5529],[107.2019,10.5537],[107.2041,10.5545],[107.2043,10.5536],[107.2053,10.5539],[107.2061,10.5535],[107.2086,10.5539],[107.2096,10.5535],[107.2101,10.5517],[107.2112,10.5514],[107.2116,10.5506],[107.2134,10.5516],[107.2136,10.5533],[107.2141,10.5543],[107.2155,10.5548],[107.2178,10.554],[107.2202,10.5632],[107.2269,10.5622],[107.2288,10.5614],[107.2279,10.5569],[107.2272,10.5547],[107.2272,10.5536],[107.2267,10.5525],[107.2338,10.5498],[107.2369,10.5459],[107.2407,10.5419],[107.2417,10.5394],[107.243,10.5381],[107.2464,10.5403]]]},"properties":{"code":"26572","name":"Phường Tam Long"}},{"type":"Feature","geometry":{"type":"Polygon","coordinates":[[[107.082,10.383],[107.0856,10.3813],[107.0897,10.3797],[107.0917,10.3787],[107.0941,10.3834],[107.0944,10.3863],[107.0962,10.3881],[107.0974,10.3861],[107.0973,10.383],[107.1011,10.3799],[107.1004,10.3751],[107.1,10.374],[107.101,10.3738],[107.1017,10.3746],[107.1064,10.3786],[107.1105,10.3808],[107.1118,10.3788],[107.1139,10.3748],[107.1148,10.3736],[107.1168,10.3706],[107.1191,10.3675],[107.1183,10.3667],[107.1163,10.3652],[107.1156,10.3644],[107.114,10.3633],[107.1129,10.3621],[107.1109,10.3608],[107.11,10.3594],[107.1086,10.3583],[107.1076,10.357],[107.1031,10.3519],[107.1013,10.3495],[107.0992,10.3506],[107.0984,10.3508],[107.0945,10.3499],[107.0928,10.349],[107.0755,10.3619],[107.0767,10.3702],[107.0803,10.37],[107.0834,10.3686],[107.0843,10.3691],[107.0819,10.374],[107.0814,10.3753],[107.0799,10.3762],[107.0803,10.3773],[107.0816,10.3788],[107.0806,10.3801],[107.0802,10.3813],[107.082,10.383]]]},"properties":{"code":"26526","name":"Phường Tam Thắng"}},{"type":"Feature","geometry":{"type":"Polygon","coordinates":[[[106.5155,11.0072],[106.5133,11.0045],[106.5084,10.9993],[106.5056,10.9965],[106.4993,10.9899],[106.4968,10.9859],[106.4981,10.9855],[106.5,10.9842],[106.5036,10.9809],[106.5051,10.9799],[106.5073,10.9812],[106.5078,10.9806],[106.5031,10.978],[106.5035,10.9776],[106.5061,10.9764],[106.5054,10.9748],[106.5037,10.9757],[106.5029,10.9753],[106.5033,10.9735],[106.5018,10.97],[106.5,10.9707],[106.4997,10.9699],[106.4997,10.9682],[106.5002,10.9681],[106.5002,10.9648],[106.4996,10.9634],[106.5002,10.9631],[106.4994,10.9613],[106.4985,10.9614],[106.4983,10.96],[106.4994,10.9564],[106.5007,10.9546],[106.5004,10.9539],[106.498,10.9502],[106.4977,10.9475],[106.4986,10.9473],[106.496,10.9423],[106.4877,10.9263],[106.4873,10.925],[106.4648,10.9363],[106.4537,10.9418],[106.44,10.9521],[106.4384,10.9534],[106.4296,10.9601],[106.426,10.963],[106.4286,10.9666],[106.4285,10.9667],[106.4314,10.9724],[106.4333,10.9789],[106.4331,10.9799],[106.4309,10.9842],[106.4283,10.9886],[106.4303,10.9894],[106.4319,10.9914],[106.4366,10.9943],[106.4372,10.9951],[106.4398,10.9998],[106.4412,10.9991],[106.4423,11.0006],[106.4475,11.0091],[106.4493,11.0123],[106.45,11.0157],[106.452,11.0155],[106.454,11.0155],[106.4558,11.0152],[106.4586,11.014],[106.4614,11.0137],[106.4629,11.0147],[106.4644,11.0129],[106.4644,11.0109],[106.4628,11.008],[106.4638,11.0072],[106.4664,11.0061],[106.4658,11.0047],[106.4648,11.005],[106.4641,11.0021],[106.4642,11.0008],[106.467,11.0005],[106.4683,10.9938],[106.4692,10.9931],[106.4708,10.9933],[106.4711,10.9922],[106.4729,10.9913],[106.475,10.9899],[106.4765,10.9901],[106.4783,10.9893],[106.4798,10.9892],[106.4798,10.9873],[106.4839,10.9874],[106.4839,10.9865],[106.4864,10.9866],[106.4861,10.9967],[106.4859,10.9983],[106.491,10.9962],[106.4911,10.9996],[106.4907,11.0011],[106.4903,11.0044],[106.4898,11.0069],[106.4917,11.0069],[106.5008,11.0081],[106.5031,11.0078],[106.5044,11.0084],[106.5061,11.0082],[106.5067,11.0073],[106.5093,11.0067],[106.5107,11.0071],[106.5118,11.0069],[106.5132,11.0073],[106.5141,11.0065],[106.5155,11.0072]]]},"properties":{"code":"27496","name":"Xã Tân An Hội"}},{"type":"Feature","geometry":{"type":"Polygon","coordinates":[[[106.8727,10.5233],[106.8712,10.5181],[106.871,10.515],[106.8706,10.5136],[106.8696,10.5122],[106.8673,10.5101],[106.8668,10.5087],[106.8677,10.5076],[106.871,10.506],[106.8728,10.5047],[106.8733,10.5035],[106.8732,10.5022],[106.8724,10.5005],[106.871,10.499],[106.8691,10.498],[106.8665,10.4974],[106.8655,10.4968],[106.8638,10.4947],[106.8656,10.4931],[106.8667,10.4906],[106.867,10.4891],[106.867,10.4875],[106.8662,10.4848],[106.8635,10.48],[106.8625,10.4786],[106.8619,10.4757],[106.8629,10.4717],[106.8639,10.4701],[106.8667,10.4681],[106.8705,10.4658],[106.8719,10.4646],[106.8727,10.4635],[106.873,10.4599],[106.872,10.4574],[106.87,10.4556],[106.8665,10.4517],[106.8656,10.4502],[106.8653,10.4487],[106.8653,10.4465],[106.8648,10.4452],[106.8623,10.4414],[106.8616,10.4395],[106.8605,10.4377],[106.8591,10.4344],[106.8584,10.4323],[106.858,10.4283],[106.8582,10.4267],[106.8592,10.4233],[106.8597,10.4209],[106.8617,10.4174],[106.8618,10.4156],[106.8624,10.4144],[106.8631,10.4113],[106.8643,10.4071],[106.8524,10.4053],[106.8515,10.4048],[106.8502,10.4046],[106.8493,10.4035],[106.8486,10.4035],[106.8474,10.4027],[106.8467,10.4027],[106.8437,10.4014],[106.841,10.3999],[106.8398,10.3984],[106.8388,10.3979],[106.8379,10.3971],[106.8349,10.3961],[106.8315,10.3961],[106.8294,10.3972],[106.8078,10.3958],[106.8065,10.3994],[106.8064,10.4045],[106.806,10.4065],[106.8054,10.4078],[106.8005,10.4126],[106.7808,10.4298],[106.7727,10.4389],[106.7629,10.4511],[106.7614,10.4537],[106.7518,10.4677],[106.75,10.4736],[106.7452,10.4829],[106.7433,10.4877],[106.7428,10.4896],[106.7424,10.4932],[106.7429,10.499],[106.7439,10.5036],[106.745,10.5077],[106.7474,10.5156],[106.7479,10.5183],[106.7482,10.5209],[106.7484,10.5252],[106.7478,10.5328],[106.7466,10.5387],[106.7453,10.5458],[106.7444,10.5494],[106.7438,10.5529],[106.7425,10.5596],[106.7418,10.5638],[106.7417,10.5671],[106.7419,10.5689],[106.7427,10.5712],[106.7447,10.5743],[106.7457,10.5756],[106.7483,10.5783],[106.7498,10.5795],[106.7518,10.5804],[106.7539,10.5809],[106.7573,10.5811],[106.76,10.5806],[106.7671,10.5783],[106.7708,10.5767],[106.7726,10.5764],[106.7749,10.5765],[106.7776,10.5773],[106.7804,10.579],[106.7817,10.5805],[106.7829,10.583],[106.7836,10.5855],[106.7836,10.5922],[106.7825,10.5966],[106.7802,10.6018],[106.7788,10.604],[106.7782,10.6049],[106.7829,10.612],[106.7846,10.6155],[106.7859,10.6173],[106.7874,10.6181],[106.7894,10.6182],[106.7914,10.6176],[106.7922,10.617],[106.7932,10.6158],[106.7933,10.6144],[106.7925,10.6128],[106.7909,10.611],[106.7903,10.6097],[106.7908,10.6077],[106.7922,10.6069],[106.7937,10.6072],[106.7957,10.6088],[106.7978,10.6116],[106.7996,10.6131],[106.803,10.6152],[106.8049,10.616],[106.8062,10.6163],[106.8093,10.6158],[106.8105,10.6144],[106.8109,10.6135],[106.811,10.612],[106.8099,10.6106],[106.8063,10.6086],[106.8056,10.6078],[106.8056,10.606],[106.8069,10.6049],[106.8095,10.6046],[106.8117,10.6047],[106.8134,10.6069],[106.8143,10.6085],[106.8156,10.6097],[106.8168,10.6098],[106.8183,10.6087],[106.8182,10.6071],[106.8177,10.6057],[106.8167,10.6041],[106.8168,10.6027],[106.8179,10.6018],[106.8192,10.6017],[106.8195,10.5997],[106.8213,10.5973],[106.8223,10.5935],[106.824,10.5901],[106.8252,10.5862],[106.8257,10.5842],[106.8278,10.5834],[106.8346,10.5815],[106.8344,10.5801],[106.835,10.5779],[106.8378,10.5714],[106.8381,10.5704],[106.8376,10.5661],[106.8375,10.563],[106.838,10.5597],[106.8386,10.5585],[106.8398,10.5571],[106.8424,10.5553],[106.8445,10.5544],[106.8471,10.5529],[106.8486,10.5519],[106.8496,10.5508],[106.8501,10.5498],[106.8501,10.5471],[106.8498,10.546],[106.8482,10.5427],[106.8487,10.541],[106.8494,10.5397],[106.8505,10.5389],[106.8525,10.538],[106.8582,10.5362],[106.861,10.535],[106.8637,10.5333],[106.8666,10.5307],[106.8697,10.5265],[106.8727,10.5233]]]},"properties":{"code":"27673","name":"Xã An Thới Đông"}},{"type":"Feature","geometry":{"type":"Polygon","coordinates":[[[106.6412,10.7871],[106.6392,10.7931],[106.6379,10.797],[106.6367,10.8016],[106.6358,10.8038],[106.6347,10.8075],[106.6362,10.8063],[106.6395,10.8077],[106.6406,10.8084],[106.6413,10.8097],[106.6444,10.811],[106.6453,10.8098],[106.648,10.8093],[106.6481,10.8089],[106.647,10.7968],[106.6458,10.7969],[106.6447,10.7936],[106.6428,10.7892],[106.6434,10.7867],[106.6416,10.786],[106.6412,10.7871]]]},"properties":{"code":"27004","name":"Phường Tân Bình"}},{"type":"Feature","geometry":{"type":"Polygon","coordinates":[[[106.7019,10.7931],[106.6948,10.7856],[106.6861,10.7925],[106.6862,10.7934],[106.6851,10.7945],[106.6848,10.7959],[106.6854,10.7969],[106.6862,10.7966],[106.6868,10.7952],[106.6877,10.7949],[106.6892,10.7956],[106.691,10.7958],[106.6916,10.7955],[106.6926,10.7949],[106.6944,10.7948],[106.6949,10.7935],[106.6967,10.7936],[106.6996,10.7935],[106.7019,10.7931]]]},"properties":{"code":"26737","name":"Phường Tân Định"}},{"type":"Feature","geometry":{"type":"Polygon","coordinates":[[[106.7834,10.9654],[106.7827,10.9643],[106.7809,10.9638],[106.7784,10.9624],[106.7773,10.9613],[106.7764,10.9599],[106.7755,10.9593],[106.7736,10.9592],[106.7729,10.9601],[106.7729,10.9621],[106.7712,10.9634],[106.7716,10.965],[106.7701,10.9651],[106.7692,10.9641],[106.7681,10.9645],[106.7671,10.964],[106.7659,10.9644],[106.7644,10.9634],[106.7636,10.9648],[106.7621,10.9634],[106.762,10.962],[106.7624,10.9611],[106.7648,10.9598],[106.7652,10.9585],[106.7646,10.9582],[106.7645,10.9561],[106.7631,10.9544],[106.7627,10.9533],[106.7645,10.9522],[106.7662,10.9517],[106.7668,10.9522],[106.769,10.9518],[106.7701,10.9525],[106.7708,10.952],[106.7698,10.9508],[106.7699,10.9495],[106.7693,10.9477],[106.7698,10.9462],[106.7699,10.9443],[106.7708,10.9428],[106.7717,10.9424],[106.7727,10.9412],[106.7746,10.9399],[106.7753,10.9404],[106.7764,10.9386],[106.7769,10.9393],[106.7784,10.9389],[106.7776,10.9376],[106.7793,10.9369],[106.782,10.9383],[106.7823,10.9374],[106.7834,10.9356],[106.7834,10.9342],[106.784,10.9326],[106.7854,10.9333],[106.7865,10.9329],[106.7887,10.9329],[106.7907,10.9319],[106.7918,10.9297],[106.7914,10.9285],[106.7915,10.9264],[106.7896,10.9247],[106.788,10.9229],[106.7881,10.9221],[106.7944,10.9237],[106.7946,10.9231],[106.7965,10.9227],[106.7971,10.9221],[106.7987,10.922],[106.8012,10.9201],[106.802,10.9199],[106.797,10.9127],[106.7934,10.9154],[106.7891,10.9172],[106.7763,10.9185],[106.7659,10.9255],[106.7636,10.9306],[106.7603,10.9274],[106.7562,10.9294],[106.7555,10.9303],[106.7507,10.9372],[106.7495,10.9395],[106.7483,10.9447],[106.747,10.9472],[106.7465,10.9495],[106.7453,10.9537],[106.7462,10.9553],[106.7472,10.9575],[106.7497,10.9607],[106.7509,10.9624],[106.7528,10.9641],[106.7539,10.9676],[106.7528,10.9665],[106.7506,10.9695],[106.7495,10.9699],[106.749,10.9709],[106.7496,10.973],[106.7494,10.9744],[106.75,10.9772],[106.7577,10.9761],[106.7585,10.9767],[106.7608,10.9811],[106.765,10.9811],[106.7689,10.9805],[106.7691,10.9795],[106.7715,10.9772],[106.7728,10.9766],[106.7766,10.9758],[106.7782,10.9753],[106.7802,10.9737],[106.7815,10.9711],[106.7822,10.9686],[106.7834,10.9654]]]},"properties":{"code":"25945","name":"Phường Tân Đông Hiệp"}},{"type":"Feature","geometry":{"type":"Polygon","coordinates":[[[107.1481,10.5357],[107.145,10.5319],[107.1409,10.5265],[107.1402,10.5247],[107.138,10.5209],[107.1364,10.5161],[107.1363,10.5154],[107.1352,10.5141],[107.1343,10.5136],[107.1341,10.5127],[107.1332,10.5113],[107.1333,10.5104],[107.1316,10.5101],[107.131,10.5089],[107.1282,10.509],[107.1273,10.508],[107.1251,10.5087],[107.1245,10.5076],[107.1244,10.4998],[107.1239,10.4998],[107.1241,10.4971],[107.1237,10.4957],[107.1244,10.4946],[107.1267,10.4931],[107.1267,10.4906],[107.1255,10.4901],[107.1246,10.4903],[107.1239,10.4894],[107.1223,10.4882],[107.1215,10.4861],[107.1216,10.4853],[107.123,10.4846],[107.1227,10.4831],[107.1208,10.4815],[107.1207,10.4808],[107.1226,10.4789],[107.1226,10.4779],[107.1209,10.4755],[107.1202,10.4752],[107.1184,10.4755],[107.1165,10.4774],[107.1149,10.4778],[107.1131,10.4772],[107.109,10.4773],[107.107,10.4765],[107.1051,10.4749],[107.1029,10.4748],[107.1003,10.4756],[107.0973,10.478],[107.0958,10.479],[107.0926,10.4803],[107.0892,10.4824],[107.0878,10.4811],[107.0865,10.4805],[107.085,10.4801],[107.0805,10.4801],[107.0767,10.4779],[107.0751,10.478],[107.0737,10.4792],[107.0718,10.4822],[107.0702,10.4839],[107.0688,10.4843],[107.0671,10.4837],[107.066,10.4819],[107.0627,10.4787],[107.0605,10.4774],[107.0596,10.4772],[107.0561,10.4775],[107.0524,10.4783],[107.0502,10.4784],[107.0481,10.477],[107.046,10.4742],[107.0449,10.4721],[107.0448,10.4749],[107.045,10.4769],[107.0462,10.481],[107.0473,10.4835],[107.0487,10.4855],[107.0516,10.4876],[107.0543,10.4905],[107.0581,10.4942],[107.0592,10.4964],[107.059,10.4993],[107.0606,10.5001],[107.0622,10.502],[107.0625,10.503],[107.062,10.5053],[107.0629,10.5063],[107.0652,10.505],[107.0665,10.5052],[107.0676,10.5073],[107.0679,10.5089],[107.0689,10.5099],[107.0713,10.5092],[107.0727,10.5103],[107.0745,10.5104],[107.0748,10.5125],[107.076,10.5129],[107.0766,10.5104],[107.0778,10.5105],[107.078,10.5134],[107.0783,10.514],[107.0802,10.5151],[107.0807,10.5169],[107.0804,10.5181],[107.0788,10.5196],[107.0785,10.5215],[107.0785,10.5231],[107.079,10.5238],[107.0783,10.5245],[107.0798,10.5266],[107.0817,10.5268],[107.0838,10.5274],[107.0845,10.5272],[107.0854,10.526],[107.0873,10.5274],[107.0881,10.5282],[107.0895,10.5263],[107.0916,10.5276],[107.0928,10.5286],[107.0953,10.529],[107.0952,10.5301],[107.0959,10.5314],[107.0976,10.531],[107.0973,10.5322],[107.0982,10.5347],[107.0993,10.5351],[107.1019,10.5336],[107.1035,10.5356],[107.1006,10.5374],[107.1001,10.5385],[107.0992,10.5391],[107.0989,10.5401],[107.0996,10.5406],[107.1009,10.5406],[107.1016,10.5417],[107.1028,10.545],[107.104,10.546],[107.1039,10.5467],[107.1054,10.5485],[107.1062,10.55],[107.1077,10.5511],[107.1096,10.551],[107.1125,10.5534],[107.1134,10.555],[107.1139,10.5566],[107.1177,10.5564],[107.1187,10.5553],[107.1205,10.5541],[107.1214,10.5532],[107.1256,10.5545],[107.1274,10.5547],[107.1327,10.5569],[107.1415,10.5482],[107.1465,10.5427],[107.1481,10.5357]]]},"properties":{"code":"26710","name":"Phường Tân Hải"}},{"type":"Feature","geometry":{"type":"Polygon","coordinates":[[[106.7714,11.0897],[106.764,11.075],[106.7604,11.0679],[106.7672,11.0678],[106.7671,11.0633],[106.7678,11.0633],[106.7677,11.0581],[106.7702,11.0554],[106.7716,11.0546],[106.7725,11.0526],[106.7733,11.0518],[106.7759,11.0508],[106.7768,11.0493],[106.7779,11.049],[106.7801,11.0477],[106.7798,11.0459],[106.78,11.0446],[106.7805,11.0441],[106.7832,11.0438],[106.7826,11.0423],[106.7829,11.0402],[106.7827,11.0397],[106.7801,11.0374],[106.7793,11.0361],[106.7791,11.0351],[106.7797,11.0319],[106.7804,11.0303],[106.7805,11.0286],[106.7795,11.0234],[106.7799,11.0221],[106.7813,11.0204],[106.7812,11.0189],[106.7796,11.0154],[106.778,11.0136],[106.7749,11.0154],[106.7756,11.0164],[106.7742,11.0181],[106.7727,11.0188],[106.7704,11.021],[106.7696,11.0222],[106.7679,11.0234],[106.7645,11.0254],[106.7633,11.0234],[106.7615,11.0213],[106.7599,11.0209],[106.7585,11.018],[106.7577,11.016],[106.7564,11.0152],[106.7538,11.0142],[106.7536,11.0128],[106.752,11.0135],[106.7508,11.0131],[106.7502,11.0134],[106.7509,11.0148],[106.7496,11.0153],[106.7476,11.0166],[106.7466,11.0168],[106.7461,11.0179],[106.7465,11.0192],[106.7444,11.0194],[106.7429,11.0206],[106.7421,11.0205],[106.7414,11.0212],[106.7412,11.0224],[106.7403,11.0228],[106.7397,11.0251],[106.7384,11.0266],[106.7385,11.0274],[106.7377,11.0281],[106.7375,11.0304],[106.7367,11.0311],[106.7352,11.031],[106.7331,11.0323],[106.732,11.0317],[106.7302,11.0323],[106.7285,11.0321],[106.7272,11.0323],[106.7261,11.0332],[106.7237,11.0331],[106.7214,11.0339],[106.7205,11.0337],[106.7187,11.034],[106.7168,11.0334],[106.7157,11.0338],[106.7143,11.0336],[106.713,11.0327],[106.7103,11.032],[106.7103,11.0333],[106.7119,11.0344],[106.7115,11.0353],[106.7119,11.0361],[106.7135,11.0367],[106.7139,11.0386],[106.7132,11.0403],[106.7152,11.0405],[106.7166,11.0403],[106.7177,11.041],[106.719,11.041],[106.7192,11.0421],[106.7187,11.045],[106.7173,11.049],[106.7161,11.0508],[106.7152,11.0531],[106.7131,11.0572],[106.7092,11.0576],[106.7086,11.0603],[106.7092,11.0602],[106.7101,11.059],[106.7108,11.0594],[106.7154,11.0606],[106.7168,11.0613],[106.7185,11.0616],[106.719,11.0622],[106.7209,11.0627],[106.7228,11.0628],[106.7215,11.0654],[106.7208,11.0669],[106.7217,11.0698],[106.7225,11.0712],[106.7231,11.0715],[106.7243,11.073],[106.7243,11.0736],[106.7266,11.0752],[106.7282,11.0778],[106.7284,11.0797],[106.7274,11.081],[106.7273,11.0822],[106.7279,11.0835],[106.7281,11.0854],[106.7287,11.0865],[106.7284,11.0885],[106.7276,11.0892],[106.7264,11.0928],[106.726,11.0945],[106.7265,11.0958],[106.7269,11.0985],[106.7281,11.0995],[106.7292,11.1014],[106.7302,11.1019],[106.731,11.1027],[106.7316,11.1027],[106.7329,11.1043],[106.7346,11.105],[106.737,11.1073],[106.7378,11.1087],[106.7384,11.1088],[106.7406,11.1097],[106.7416,11.1104],[106.7431,11.1097],[106.7439,11.11],[106.7437,11.1056],[106.743,11.1039],[106.7482,11.1009],[106.748,11.0965],[106.7526,11.096],[106.7524,11.0916],[106.7569,11.0914],[106.7568,11.0887],[106.7575,11.0877],[106.7604,11.0903],[106.7621,11.0903],[106.763,11.091],[106.764,11.0926],[106.7661,11.0916],[106.7663,11.0921],[106.7714,11.0897]]]},"properties":{"code":"25920","name":"Phường Tân Hiệp"}},{"type":"Feature","geometry":{"type":"Polygon","coordinates":[[[106.656,10.7782],[106.6533,10.7758],[106.6524,10.7691],[106.6521,10.769],[106.6509,10.7705],[106.648,10.7748],[106.6498,10.7774],[106.6501,10.7822],[106.6509,10.7841],[106.6514,10.7869],[106.6525,10.7903],[106.6542,10.7845],[106.6568,10.7852],[106.6569,10.7846],[106.6607,10.789],[106.6643,10.7871],[106.6646,10.7869],[106.6602,10.7822],[106.6564,10.7781],[106.656,10.7782]]]},"properties":{"code":"26995","name":"Phường Tân Hòa"}},{"type":"Feature","geometry":{"type":"Polygon","coordinates":[[[106.7158,10.7525],[106.7158,10.742],[106.7159,10.7383],[106.7149,10.7384],[106.7141,10.7363],[106.7124,10.7345],[106.7127,10.7331],[106.7166,10.7289],[106.7181,10.7264],[106.7187,10.7244],[106.7209,10.7222],[106.7198,10.7214],[106.7192,10.7199],[106.7182,10.7191],[106.7166,10.7192],[106.7128,10.7205],[106.7112,10.7205],[106.7089,10.7198],[106.7079,10.7205],[106.7073,10.7239],[106.7063,10.7249],[106.7048,10.7253],[106.7031,10.7252],[106.701,10.7246],[106.6984,10.7242],[106.6939,10.7252],[106.6902,10.7255],[106.6903,10.73],[106.6909,10.7312],[106.6932,10.7329],[106.6945,10.7349],[106.695,10.7361],[106.6941,10.7385],[106.6921,10.7414],[106.6918,10.7424],[106.6928,10.7441],[106.6927,10.7464],[106.6919,10.748],[106.6904,10.7499],[106.6903,10.752],[106.6927,10.7524],[106.7031,10.7523],[106.7051,10.7524],[106.7099,10.7524],[106.7158,10.7525]]]},"properties":{"code":"27475","name":"Phường Tân Hưng"}},{"type":"Feature","geometry":{"type":"Polygon","coordinates":[[[106.7072,10.9967],[106.7064,10.9983],[106.7047,11.0002],[106.7042,11.0011],[106.7025,11.0022],[106.7027,11.0026],[106.7034,11.0037],[106.7048,11.0036],[106.7069,11.0029],[106.708,11.0029],[106.7097,11.0038],[106.7074,11.0052],[106.7077,11.006],[106.7068,11.0065],[106.707,11.0073],[106.7065,11.0081],[106.7051,11.008],[106.7056,11.0093],[106.7052,11.0098],[106.7057,11.0124],[106.7065,11.0129],[106.7066,11.0147],[106.7075,11.0165],[106.7081,11.0168],[106.7078,11.0186],[106.7071,11.019],[106.7064,11.0212],[106.7061,11.0235],[106.7061,11.0269],[106.7048,11.029],[106.7046,11.03],[106.7067,11.0313],[106.7103,11.032],[106.713,11.0327],[106.7143,11.0336],[106.7157,11.0338],[106.7168,11.0334],[106.7187,11.034],[106.7205,11.0337],[106.7214,11.0339],[106.7237,11.0331],[106.7261,11.0332],[106.7272,11.0323],[106.7285,11.0321],[106.7302,11.0323],[106.732,11.0317],[106.7331,11.0323],[106.7352,11.031],[106.7367,11.0311],[106.7375,11.0304],[106.7377,11.0281],[106.7385,11.0274],[106.7384,11.0266],[106.7397,11.0251],[106.7403,11.0228],[106.7412,11.0224],[106.7414,11.0212],[106.7421,11.0205],[106.7429,11.0206],[106.7444,11.0194],[106.7465,11.0192],[106.7461,11.0179],[106.7466,11.0168],[106.7476,11.0166],[106.7496,11.0153],[106.7509,11.0148],[106.7502,11.0134],[106.7508,11.0131],[106.752,11.0135],[106.7536,11.0128],[106.7538,11.0142],[106.7564,11.0152],[106.7577,11.016],[106.7585,11.018],[106.7599,11.0209],[106.7615,11.0213],[106.7633,11.0234],[106.7645,11.0254],[106.7679,11.0234],[106.7696,11.0222],[106.7704,11.021],[106.7727,11.0188],[106.7742,11.0181],[106.7756,11.0164],[106.7749,11.0154],[106.778,11.0136],[106.7773,11.0121],[106.7768,11.0099],[106.7772,11.0089],[106.7753,11.0074],[106.7748,11.0062],[106.7746,11.0047],[106.775,11.0022],[106.7765,10.9979],[106.7787,10.9929],[106.7819,10.987],[106.7827,10.986],[106.7893,10.9803],[106.7908,10.9786],[106.7946,10.9757],[106.7955,10.9749],[106.7961,10.9737],[106.7963,10.9724],[106.7947,10.9704],[106.7923,10.9694],[106.7872,10.9681],[106.7846,10.9667],[106.7834,10.9654],[106.7822,10.9686],[106.7815,10.9711],[106.7802,10.9737],[106.7782,10.9753],[106.7766,10.9758],[106.7728,10.9766],[106.7715,10.9772],[106.7691,10.9795],[106.7689,10.9805],[106.765,10.9811],[106.7608,10.9811],[106.7585,10.9767],[106.7577,10.9761],[106.75,10.9772],[106.745,10.9779],[106.741,10.9781],[106.7406,10.9805],[106.7407,10.9816],[106.7424,10.9866],[106.7406,10.9863],[106.7378,10.9864],[106.7355,10.9878],[106.7341,10.9869],[106.7309,10.9884],[106.7301,10.9879],[106.7289,10.989],[106.7265,10.9909],[106.7246,10.992],[106.7232,10.9922],[106.7229,10.99],[106.7216,10.9903],[106.7211,10.9912],[106.7203,10.9918],[106.7189,10.9919],[106.719,10.9932],[106.7179,10.9932],[106.7177,10.994],[106.7156,10.9943],[106.7148,10.9951],[106.7127,10.994],[106.7113,10.9927],[106.7107,10.9917],[106.7094,10.992],[106.7077,10.9917],[106.7075,10.9938],[106.7086,10.9973],[106.7072,10.9967]]]},"properties":{"code":"25891","name":"Phường Tân Khánh"}},{"type":"Feature","geometry":{"type":"Polygon","coordinates":[[[106.7305,10.7375],[106.7311,10.7333],[106.7332,10.7273],[106.7363,10.7214],[106.7366,10.7202],[106.7373,10.7073],[106.7379,10.7049],[106.7378,10.7036],[106.7366,10.7035],[106.7353,10.7029],[106.7346,10.7014],[106.7342,10.6993],[106.7329,10.698],[106.7311,10.6978],[106.7283,10.6985],[106.7267,10.6993],[106.7262,10.7002],[106.7259,10.7021],[106.725,10.7046],[106.7248,10.7058],[106.7255,10.7085],[106.7256,10.7102],[106.7252,10.7118],[106.7237,10.7137],[106.7232,10.7148],[106.7235,10.7166],[106.7246,10.7183],[106.725,10.7197],[106.7247,10.7208],[106.7238,10.7217],[106.7224,10.7221],[106.7209,10.7222],[106.7187,10.7244],[106.7181,10.7264],[106.7166,10.7289],[106.7127,10.7331],[106.7124,10.7345],[106.7141,10.7363],[106.7149,10.7384],[106.7159,10.7383],[106.7305,10.7375]]]},"properties":{"code":"27487","name":"Phường Tân Mỹ"}},{"type":"Feature","geometry":{"type":"Polygon","coordinates":[[[106.6031,10.704],[106.6023,10.7038],[106.6006,10.7032],[106.5973,10.7016],[106.5974,10.6997],[106.597,10.6975],[106.5945,10.6898],[106.5932,10.686],[106.592,10.6842],[106.5894,10.6817],[106.5828,10.6761],[106.5779,10.6713],[106.5768,10.6734],[106.5747,10.672],[106.5739,10.6731],[106.5721,10.6727],[106.5704,10.6728],[106.5699,10.674],[106.5702,10.6764],[106.5699,10.6789],[106.5695,10.6795],[106.5684,10.6794],[106.5681,10.6788],[106.566,10.6784],[106.5658,10.6783],[106.5631,10.6779],[106.5622,10.6774],[106.5627,10.6766],[106.5623,10.6746],[106.5626,10.674],[106.5613,10.6734],[106.5597,10.6741],[106.5594,10.6749],[106.5573,10.6759],[106.5543,10.676],[106.5537,10.6753],[106.553,10.6757],[106.5529,10.677],[106.5515,10.6796],[106.5514,10.6825],[106.5503,10.6857],[106.5489,10.6865],[106.5483,10.6862],[106.5473,10.6871],[106.5398,10.6861],[106.5378,10.6861],[106.5357,10.6855],[106.5351,10.687],[106.5339,10.6881],[106.5331,10.6907],[106.5303,10.6982],[106.529,10.7022],[106.5272,10.7091],[106.5284,10.715],[106.5338,10.7121],[106.5362,10.7109],[106.5356,10.7198],[106.5354,10.7254],[106.5348,10.7359],[106.5358,10.7383],[106.5387,10.7446],[106.5435,10.7421],[106.5517,10.7381],[106.5557,10.736],[106.5574,10.7349],[106.5587,10.7345],[106.5588,10.7364],[106.5677,10.7344],[106.567,10.7328],[106.581,10.7296],[106.5877,10.7278],[106.5933,10.7259],[106.5969,10.7244],[106.6008,10.7221],[106.6008,10.7219],[106.6001,10.7179],[106.6032,10.7177],[106.6041,10.7173],[106.6039,10.7162],[106.6031,10.715],[106.6038,10.7135],[106.6034,10.7116],[106.6035,10.7113],[106.6037,10.711],[106.6038,10.711],[106.6072,10.7084],[106.6084,10.7067],[106.6088,10.7063],[106.6084,10.7061],[106.6054,10.7046],[106.6031,10.704]]]},"properties":{"code":"27595","name":"Xã Tân Nhựt"}},{"type":"Feature","geometry":{"type":"Polygon","coordinates":[[[106.6149,10.8703],[106.6155,10.8674],[106.6109,10.8609],[106.6072,10.8553],[106.6153,10.8427],[106.6088,10.8369],[106.6079,10.8358],[106.6045,10.8302],[106.604,10.8289],[106.6033,10.8263],[106.6004,10.8261],[106.5979,10.8267],[106.5936,10.8275],[106.5952,10.8298],[106.5929,10.8295],[106.5921,10.8306],[106.5905,10.832],[106.5862,10.8331],[106.5843,10.8326],[106.5822,10.8327],[106.5809,10.8341],[106.579,10.8355],[106.5782,10.8372],[106.5765,10.8384],[106.5765,10.84],[106.5758,10.8426],[106.5727,10.8426],[106.5693,10.8428],[106.5661,10.8411],[106.5646,10.8408],[106.5632,10.8414],[106.5626,10.8429],[106.5624,10.8447],[106.5596,10.8444],[106.5587,10.8439],[106.5578,10.8442],[106.5574,10.8434],[106.556,10.8431],[106.5452,10.8448],[106.5448,10.8431],[106.5287,10.8475],[106.5327,10.8631],[106.5349,10.8719],[106.5411,10.8707],[106.5486,10.8697],[106.5579,10.8683],[106.5661,10.8715],[106.567,10.8718],[106.5691,10.8713],[106.5718,10.8699],[106.5745,10.8677],[106.5756,10.8671],[106.5758,10.8659],[106.577,10.8654],[106.5767,10.8612],[106.5772,10.8611],[106.5774,10.8598],[106.5784,10.859],[106.581,10.8576],[106.5835,10.8577],[106.5875,10.8587],[106.589,10.8592],[106.5895,10.8602],[106.5921,10.8616],[106.5943,10.8621],[106.5952,10.8626],[106.5961,10.8608],[106.5969,10.861],[106.598,10.8581],[106.6018,10.8575],[106.6016,10.8565],[106.6042,10.8555],[106.6062,10.8569],[106.6013,10.8638],[106.6029,10.8652],[106.6049,10.8653],[106.6047,10.8677],[106.6065,10.8694],[106.6073,10.871],[106.6061,10.872],[106.6064,10.8725],[106.607,10.875],[106.6087,10.8746],[106.6108,10.8769],[106.6128,10.873],[106.6149,10.8703]]]},"properties":{"code":"27592","name":"Xã Bà Điểm"}},{"type":"Feature","geometry":{"type":"Polygon","coordinates":[[[106.6342,10.759],[106.6326,10.7605],[106.6325,10.7634],[106.6319,10.7673],[106.6318,10.7698],[106.6322,10.7727],[106.6328,10.7747],[106.6346,10.7773],[106.6357,10.78],[106.636,10.7817],[106.6368,10.7871],[106.6402,10.7869],[106.6412,10.7871],[106.6416,10.786],[106.6433,10.7814],[106.6454,10.7783],[106.6477,10.7752],[106.6455,10.7752],[106.6443,10.775],[106.6421,10.7721],[106.6416,10.7725],[106.6376,10.769],[106.6356,10.7696],[106.6357,10.7667],[106.6357,10.7628],[106.6352,10.7604],[106.6342,10.759]]]},"properties":{"code":"27031","name":"Phường Tân Phú"}},{"type":"Feature","geometry":{"type":"MultiPolygon","coordinates":[[[[107.0249,10.5455],[107.0267,10.5465],[107.0283,10.5467],[107.031,10.5465],[107.0318,10.5475],[107.0318,10.5488],[107.0311,10.5506],[107.0309,10.5522],[107.0314,10.553],[107.0345,10.5543],[107.0359,10.5555],[107.0356,10.5567],[107.0349,10.5574],[107.033,10.5584],[107.0319,10.5601],[107.0319,10.5632],[107.0313,10.564],[107.03,10.5647],[107.0301,10.5655],[107.0318,10.5658],[107.0323,10.5664],[107.032,10.5676],[107.0324,10.5683],[107.0338,10.5688],[107.0344,10.5715],[107.0362,10.5729],[107.0404,10.5713],[107.0433,10.5728],[107.0405,10.578],[107.0473,10.5778],[107.0473,10.5767],[107.0481,10.5748],[107.0531,10.5776],[107.0611,10.5776],[107.0615,10.5757],[107.0643,10.5766],[107.0665,10.5777],[107.0717,10.5792],[107.0761,10.5804],[107.0766,10.5813],[107.0784,10.5823],[107.0801,10.5819],[107.0817,10.5825],[107.0829,10.5822],[107.0886,10.5822],[107.0898,10.5819],[107.0927,10.5902],[107.0947,10.589],[107.0947,10.5881],[107.0955,10.5862],[107.0979,10.5851],[107.1001,10.5846],[107.099,10.5819],[107.0987,10.5799],[107.1014,10.58],[107.1028,10.5795],[107.1034,10.5769],[107.1046,10.5756],[107.1047,10.5724],[107.1088,10.5654],[107.1083,10.5638],[107.1086,10.5631],[107.1117,10.5599],[107.1141,10.5584],[107.1144,10.5573],[107.1139,10.5566],[107.1134,10.555],[107.1125,10.5534],[107.1096,10.551],[107.1077,10.5511],[107.1062,10.55],[107.1054,10.5485],[107.1039,10.5467],[107.104,10.546],[107.1028,10.545],[107.1016,10.5417],[107.1009,10.5406],[107.0996,10.5406],[107.0989,10.5401],[107.0992,10.5391],[107.1001,10.5385],[107.1006,10.5374],[107.1035,10.5356],[107.1019,10.5336],[107.0993,10.5351],[107.0982,10.5347],[107.0973,10.5322],[107.0976,10.531],[107.0959,10.5314],[107.0952,10.5301],[107.0953,10.529],[107.0928,10.5286],[107.0916,10.5276],[107.0895,10.5263],[107.0881,10.5282],[107.0873,10.5274],[107.0854,10.526],[107.0845,10.5272],[107.0838,10.5274],[107.0817,10.5268],[107.0798,10.5266],[107.0783,10.5245],[107.079,10.5238],[107.0785,10.5231],[107.0785,10.5215],[107.0788,10.5196],[107.0804,10.5181],[107.0807,10.5169],[107.0802,10.5151],[107.0783,10.514],[107.078,10.5134],[107.0778,10.5105],[107.0766,10.5104],[107.076,10.5129],[107.0748,10.5125],[107.0745,10.5104],[107.0727,10.5103],[107.0713,10.5092],[107.0689,10.5099],[107.0679,10.5089],[107.0676,10.5073],[107.0665,10.5052],[107.0652,10.505],[107.0629,10.5063],[107.062,10.5053],[107.0625,10.503],[107.0622,10.502],[107.0606,10.5001],[107.059,10.4993],[107.0592,10.4964],[107.0581,10.4942],[107.0543,10.4905],[107.0516,10.4876],[107.0487,10.4855],[107.0473,10.4835],[107.0462,10.481],[107.045,10.4769],[107.0448,10.4749],[107.0449,10.4721],[107.0396,10.4692],[107.026,10.4754],[107.0262,10.4743],[107.026,10.4713],[107.0253,10.4698],[107.0262,10.4688],[107.0262,10.4677],[107.0254,10.4659],[107.0247,10.4663],[107.025,10.4696],[107.0238,10.471],[107.0207,10.4727],[107.0207,10.4734],[107.0196,10.4741],[107.0198,10.4771],[107.0207,10.4779],[107.0202,10.4786],[107.0203,10.48],[107.0214,10.4809],[107.0214,10.4817],[107.0221,10.4829],[107.0205,10.4851],[107.0202,10.486],[107.0192,10.486],[107.018,10.4887],[107.0176,10.4932],[107.0148,10.4947],[107.0109,10.4943],[107.0106,10.494],[107.0079,10.4932],[107.0062,10.4951],[107.0037,10.4957],[107.0022,10.4971],[107.0017,10.499],[106.9985,10.499],[106.9975,10.5001],[106.9972,10.5022],[106.9977,10.5044],[106.9992,10.5064],[107.0002,10.5071],[107.0034,10.5086],[107.0073,10.5113],[107.0103,10.5154],[107.0116,10.5177],[107.0129,10.5215],[107.0149,10.5244],[107.0179,10.5281],[107.0203,10.5298],[107.0233,10.5325],[107.0257,10.5353],[107.0272,10.5378],[107.0277,10.5403],[107.0274,10.5421],[107.0264,10.5447],[107.0249,10.5455]]],[[[107.0152,10.4898],[107.0154,10.488],[107.0174,10.4838],[107.0172,10.4832],[107.0162,10.483],[107.0146,10.4837],[107.0129,10.4855],[107.0104,10.4856],[107.0108,10.4864],[107.0094,10.4874],[107.0077,10.4883],[107.0069,10.4884],[107.0055,10.4892],[107.0063,10.49],[107.0092,10.4907],[107.011,10.4921],[107.0131,10.4929],[107.0145,10.4926],[107.0153,10.4915],[107.0152,10.4898]]]]},"properties":{"code":"26713","name":"Phường Tân Phước"}},{"type":"Feature","geometry":{"type":"Polygon","coordinates":[[[106.648,10.8093],[106.6453,10.8098],[106.6444,10.811],[106.6413,10.8097],[106.6406,10.8084],[106.6395,10.8077],[106.6362,10.8063],[106.6347,10.8075],[106.6303,10.8217],[106.6295,10.8232],[106.6279,10.8247],[106.6297,10.827],[106.6311,10.8297],[106.6324,10.833],[106.6339,10.8324],[106.6381,10.83],[106.6406,10.8293],[106.6426,10.8282],[106.6463,10.8374],[106.6467,10.8367],[106.6521,10.8366],[106.6556,10.836],[106.6571,10.8354],[106.6574,10.8349],[106.6596,10.8329],[106.6619,10.8314],[106.6636,10.8307],[106.664,10.8306],[106.6661,10.8284],[106.6681,10.8283],[106.6704,10.8272],[106.6732,10.8279],[106.6742,10.8263],[106.6749,10.8263],[106.6775,10.827],[106.6778,10.8269],[106.6786,10.8261],[106.6783,10.8251],[106.6767,10.8241],[106.6753,10.8237],[106.6732,10.8223],[106.6748,10.8183],[106.6742,10.818],[106.6698,10.8163],[106.6698,10.8169],[106.6675,10.8161],[106.6663,10.8196],[106.6606,10.8174],[106.6548,10.8153],[106.6561,10.8132],[106.6569,10.8126],[106.6557,10.8111],[106.6544,10.8116],[106.6535,10.8113],[106.6533,10.8089],[106.6483,10.8094],[106.648,10.8093]]]},"properties":{"code":"27007","name":"Phường Tân Sơn"}},{"type":"Feature","geometry":{"type":"Polygon","coordinates":[[[106.6677,10.8002],[106.6691,10.7989],[106.6685,10.7982],[106.6682,10.7938],[106.666,10.7908],[106.6635,10.7916],[106.662,10.7917],[106.6609,10.7921],[106.6593,10.7933],[106.6608,10.7962],[106.6603,10.7976],[106.6594,10.7988],[106.662,10.801],[106.6636,10.8027],[106.6644,10.8052],[106.6647,10.8094],[106.6616,10.8098],[106.6617,10.8118],[106.6614,10.8122],[106.6618,10.8161],[106.6606,10.8174],[106.6663,10.8196],[106.6675,10.8161],[106.6698,10.8169],[106.6698,10.8163],[106.6742,10.818],[106.6757,10.8163],[106.6757,10.8153],[106.6728,10.8141],[106.6721,10.8123],[106.6724,10.8107],[106.6716,10.8094],[106.6707,10.8098],[106.671,10.8078],[106.67,10.8077],[106.6695,10.8067],[106.6692,10.8042],[106.6688,10.8021],[106.6677,10.8002]]]},"properties":{"code":"26977","name":"Phường Tân Sơn Hòa"}},{"type":"Feature","geometry":{"type":"Polygon","coordinates":[[[106.666,10.7908],[106.6667,10.7896],[106.6652,10.7887],[106.6643,10.7871],[106.6607,10.789],[106.6569,10.7846],[106.6568,10.7852],[106.6542,10.7845],[106.6525,10.7903],[106.6527,10.7916],[106.6533,10.7929],[106.6518,10.7937],[106.6546,10.7965],[106.6542,10.797],[106.6544,10.7981],[106.6537,10.799],[106.6539,10.8014],[106.6526,10.8015],[106.6533,10.8089],[106.6535,10.8113],[106.6544,10.8116],[106.6557,10.8111],[106.6569,10.8126],[106.6561,10.8132],[106.6548,10.8153],[106.6606,10.8174],[106.6618,10.8161],[106.6614,10.8122],[106.6617,10.8118],[106.6616,10.8098],[106.6647,10.8094],[106.6644,10.8052],[106.6636,10.8027],[106.662,10.801],[106.6594,10.7988],[106.6603,10.7976],[106.6608,10.7962],[106.6593,10.7933],[106.6609,10.7921],[106.662,10.7917],[106.6635,10.7916],[106.666,10.7908]]]},"properties":{"code":"26968","name":"Phường Tân Sơn Nhất"}},{"type":"Feature","geometry":{"type":"Polygon","coordinates":[[[106.6392,10.7931],[106.636,10.7934],[106.6329,10.7939],[106.6325,10.794],[106.6306,10.7943],[106.6273,10.7958],[106.624,10.7958],[106.6142,10.7957],[106.6137,10.7967],[106.6099,10.8032],[106.615,10.8093],[106.6217,10.8075],[106.6297,10.8058],[106.6311,10.8054],[106.6328,10.8035],[106.6358,10.8038],[106.6367,10.8016],[106.6379,10.797],[106.6392,10.7931]]]},"properties":{"code":"27019","name":"Phường Tân Sơn Nhì"}},{"type":"Feature","geometry":{"type":"Polygon","coordinates":[[[106.6008,10.7221],[106.5969,10.7244],[106.5933,10.7259],[106.5877,10.7278],[106.581,10.7296],[106.567,10.7328],[106.5677,10.7344],[106.5588,10.7364],[106.559,10.7375],[106.5583,10.7395],[106.5593,10.7421],[106.5589,10.7447],[106.5593,10.7462],[106.5591,10.7477],[106.5595,10.749],[106.5601,10.7496],[106.562,10.7505],[106.5642,10.7526],[106.5681,10.755],[106.5703,10.7576],[106.5734,10.7604],[106.5747,10.7598],[106.5838,10.7575],[106.5853,10.7629],[106.5869,10.7645],[106.5898,10.7648],[106.5905,10.7652],[106.5919,10.7641],[106.5962,10.7624],[106.5965,10.7618],[106.5987,10.7628],[106.6033,10.7618],[106.603,10.7588],[106.6066,10.758],[106.606,10.757],[106.6061,10.7548],[106.6058,10.7522],[106.6041,10.7519],[106.6041,10.7454],[106.602,10.745],[106.5975,10.7436],[106.6023,10.736],[106.6028,10.7337],[106.6018,10.7282],[106.6009,10.7223],[106.6008,10.7221]]]},"properties":{"code":"27457","name":"Phường Tân Tạo"}},{"type":"Feature","geometry":{"type":"Polygon","coordinates":[[[107.0827,10.6278],[107.0815,10.6304],[107.0794,10.6316],[107.0773,10.6343],[107.0763,10.6365],[107.0735,10.6435],[107.0747,10.6444],[107.0752,10.6464],[107.0783,10.649],[107.0814,10.6494],[107.0851,10.6488],[107.0866,10.6494],[107.0886,10.6509],[107.0897,10.6524],[107.091,10.6532],[107.0939,10.653],[107.0965,10.652],[107.0991,10.6572],[107.1007,10.6588],[107.101,10.6599],[107.1012,10.6626],[107.1019,10.6633],[107.1034,10.6639],[107.1051,10.664],[107.1072,10.6652],[107.1081,10.6668],[107.1098,10.6681],[107.111,10.6696],[107.1132,10.6699],[107.1144,10.6704],[107.1153,10.6703],[107.116,10.671],[107.117,10.6707],[107.1182,10.6723],[107.1192,10.6722],[107.1195,10.6732],[107.1212,10.6731],[107.1213,10.6743],[107.1223,10.6755],[107.1229,10.6773],[107.1226,10.6793],[107.1235,10.6799],[107.1252,10.6816],[107.1262,10.6823],[107.1282,10.6829],[107.1295,10.6837],[107.1306,10.6834],[107.1325,10.684],[107.1338,10.6851],[107.1339,10.688],[107.1337,10.6901],[107.1344,10.6927],[107.1342,10.6948],[107.136,10.6989],[107.1368,10.7003],[107.137,10.7035],[107.1377,10.7056],[107.1377,10.7067],[107.1384,10.708],[107.1397,10.7096],[107.1516,10.7099],[107.1538,10.7103],[107.1598,10.7104],[107.1615,10.713],[107.1628,10.7145],[107.1643,10.7158],[107.1656,10.7165],[107.1653,10.7137],[107.164,10.7114],[107.1635,10.7096],[107.1665,10.7071],[107.1657,10.7048],[107.1659,10.704],[107.165,10.7002],[107.1655,10.6984],[107.1652,10.6977],[107.1657,10.6968],[107.166,10.6939],[107.1657,10.6931],[107.1659,10.6917],[107.1667,10.6909],[107.1663,10.689],[107.1666,10.6876],[107.1658,10.6866],[107.1654,10.685],[107.163,10.6824],[107.1598,10.6805],[107.16,10.6794],[107.1596,10.6774],[107.1603,10.6765],[107.1605,10.6751],[107.1615,10.674],[107.1631,10.6732],[107.1634,10.6721],[107.1645,10.6699],[107.1653,10.6696],[107.1657,10.6682],[107.1663,10.6678],[107.1667,10.6662],[107.1663,10.6656],[107.1663,10.6639],[107.1656,10.6635],[107.1654,10.662],[107.1661,10.6613],[107.165,10.6605],[107.1649,10.6593],[107.1654,10.6573],[107.166,10.6566],[107.1663,10.6553],[107.1674,10.6546],[107.1675,10.6533],[107.1668,10.6526],[107.1672,10.6503],[107.1661,10.6495],[107.1677,10.6472],[107.1666,10.6467],[107.1664,10.6455],[107.1649,10.6431],[107.165,10.6424],[107.1643,10.6417],[107.1649,10.6409],[107.1652,10.6391],[107.1643,10.635],[107.1651,10.6335],[107.166,10.6327],[107.1665,10.6297],[107.1666,10.627],[107.168,10.6264],[107.169,10.6243],[107.1667,10.6195],[107.1655,10.6199],[107.1648,10.6196],[107.1647,10.6187],[107.164,10.6189],[107.163,10.6201],[107.16,10.62],[107.1585,10.6181],[107.1584,10.6165],[107.1578,10.6152],[107.1567,10.6152],[107.1561,10.6163],[107.1542,10.618],[107.1536,10.6189],[107.1496,10.6173],[107.1449,10.6148],[107.1442,10.6168],[107.1426,10.6163],[107.1414,10.6162],[107.1404,10.6174],[107.1397,10.6166],[107.1384,10.6163],[107.1384,10.6178],[107.1393,10.6196],[107.1404,10.6202],[107.1418,10.6202],[107.1426,10.6216],[107.1388,10.6215],[107.1339,10.6202],[107.1313,10.6199],[107.1306,10.6217],[107.1286,10.6228],[107.127,10.6224],[107.1252,10.6203],[107.1229,10.6203],[107.1215,10.6207],[107.1214,10.6183],[107.1114,10.6197],[107.1117,10.622],[107.113,10.6264],[107.112,10.6276],[107.1108,10.6267],[107.1092,10.6271],[107.106,10.6266],[107.1044,10.627],[107.1025,10.6265],[107.1006,10.6263],[107.0986,10.6273],[107.0976,10.6282],[107.0947,10.6293],[107.094,10.6293],[107.0922,10.6284],[107.0898,10.6284],[107.0873,10.6287],[107.0855,10.6281],[107.083,10.6281],[107.0827,10.6278]]]},"properties":{"code":"26725","name":"Phường Tân Thành"}},{"type":"Feature","geometry":{"type":"Polygon","coordinates":[[[106.6509,10.8598],[106.65,10.8591],[106.6487,10.8588],[106.6471,10.8579],[106.6465,10.8559],[106.6464,10.8546],[106.6447,10.8539],[106.6444,10.8531],[106.643,10.8522],[106.6409,10.8528],[106.6411,10.8539],[106.6398,10.8543],[106.6385,10.8543],[106.6393,10.8562],[106.6376,10.8556],[106.6373,10.8561],[106.6328,10.8588],[106.6319,10.8597],[106.6309,10.8601],[106.6318,10.861],[106.6342,10.865],[106.6368,10.8704],[106.6351,10.8716],[106.6331,10.8726],[106.6305,10.8742],[106.6268,10.8752],[106.6256,10.8768],[106.6248,10.8772],[106.6258,10.8782],[106.6279,10.8812],[106.6254,10.883],[106.6254,10.8836],[106.6287,10.8858],[106.6294,10.8868],[106.6313,10.8912],[106.6319,10.8918],[106.6393,10.8918],[106.6426,10.8924],[106.6434,10.8939],[106.646,10.8942],[106.6469,10.8948],[106.6472,10.8899],[106.6488,10.881],[106.6498,10.8613],[106.6509,10.8598]]]},"properties":{"code":"26782","name":"Phường Tân Thới Hiệp"}},{"type":"Feature","geometry":{"type":"Polygon","coordinates":[[[106.7447,10.7451],[106.7364,10.7408],[106.7305,10.7375],[106.7159,10.7383],[106.7158,10.742],[106.7158,10.7525],[106.7183,10.7531],[106.7202,10.755],[106.7211,10.7566],[106.7221,10.7593],[106.7262,10.7592],[106.7279,10.7594],[106.7304,10.76],[106.7318,10.7608],[106.7333,10.7629],[106.7338,10.7642],[106.7341,10.766],[106.7341,10.7679],[106.7348,10.7719],[106.7354,10.7746],[106.7359,10.7758],[106.7378,10.777],[106.7403,10.7776],[106.7422,10.7772],[106.744,10.7763],[106.7452,10.7755],[106.7475,10.7736],[106.7518,10.7694],[106.7526,10.7666],[106.753,10.7641],[106.7524,10.7611],[106.7518,10.7599],[106.7466,10.7537],[106.7453,10.7512],[106.7445,10.749],[106.7442,10.7475],[106.7447,10.7451]]]},"properties":{"code":"27478","name":"Phường Tân Thuận"}},{"type":"Feature","geometry":{"type":"Polygon","coordinates":[[[107.1749,10.4628],[107.1713,10.4639],[107.1674,10.4643],[107.167,10.4664],[107.1669,10.4705],[107.1665,10.4719],[107.1649,10.4735],[107.164,10.4739],[107.1647,10.4749],[107.1688,10.4762],[107.1698,10.477],[107.1709,10.4787],[107.1713,10.4798],[107.1717,10.4828],[107.1716,10.4839],[107.1708,10.4848],[107.1697,10.4854],[107.1692,10.4883],[107.168,10.4894],[107.1675,10.4906],[107.166,10.4913],[107.1663,10.4928],[107.1661,10.4941],[107.1652,10.4954],[107.1666,10.499],[107.1666,10.5004],[107.1689,10.5022],[107.1687,10.5035],[107.1695,10.5051],[107.1707,10.5053],[107.1705,10.506],[107.1708,10.5075],[107.1718,10.5078],[107.1732,10.5096],[107.1719,10.5102],[107.1723,10.5119],[107.1712,10.5147],[107.172,10.5146],[107.1725,10.5162],[107.1756,10.5178],[107.1764,10.5192],[107.1773,10.5193],[107.1779,10.5212],[107.1788,10.5209],[107.1791,10.5227],[107.1801,10.524],[107.1797,10.525],[107.1803,10.5256],[107.1818,10.5256],[107.1826,10.5271],[107.1844,10.5264],[107.186,10.525],[107.1868,10.5227],[107.1869,10.5209],[107.1879,10.5178],[107.1896,10.5157],[107.1814,10.509],[107.1925,10.5023],[107.1969,10.5],[107.2024,10.4978],[107.2048,10.497],[107.2043,10.4945],[107.2034,10.4932],[107.2022,10.4928],[107.2013,10.4906],[107.1998,10.4902],[107.1994,10.489],[107.1984,10.4886],[107.1979,10.487],[107.1966,10.4861],[107.2,10.4847],[107.2003,10.4843],[107.1974,10.4815],[107.1966,10.4812],[107.1955,10.48],[107.1929,10.4792],[107.1906,10.4789],[107.1902,10.4777],[107.1899,10.4745],[107.1903,10.4724],[107.1909,10.471],[107.1905,10.4688],[107.1894,10.469],[107.1863,10.4704],[107.1843,10.4721],[107.1823,10.4724],[107.1793,10.4722],[107.1772,10.4715],[107.1769,10.4704],[107.1777,10.4672],[107.1774,10.4652],[107.177,10.4645],[107.1749,10.4628]]]},"properties":{"code":"26560","name":"Phường Bà Rịa"}},{"type":"Feature","geometry":{"type":"Polygon","coordinates":[[[106.778,11.0136],[106.7796,11.0154],[106.7812,11.0189],[106.7813,11.0204],[106.7799,11.0221],[106.7795,11.0234],[106.7805,11.0286],[106.7804,11.0303],[106.7797,11.0319],[106.7791,11.0351],[106.7793,11.0361],[106.7801,11.0374],[106.7827,11.0397],[106.7829,11.0402],[106.7826,11.0423],[106.7832,11.0438],[106.7805,11.0441],[106.78,11.0446],[106.7798,11.0459],[106.7801,11.0477],[106.7779,11.049],[106.7768,11.0493],[106.7759,11.0508],[106.7733,11.0518],[106.7725,11.0526],[106.7716,11.0546],[106.7702,11.0554],[106.7677,11.0581],[106.7678,11.0633],[106.7671,11.0633],[106.7672,11.0678],[106.7604,11.0679],[106.764,11.075],[106.7714,11.0897],[106.7744,11.0955],[106.7788,11.0954],[106.7788,11.103],[106.7789,11.1138],[106.7833,11.1137],[106.7835,11.124],[106.784,11.1327],[106.7838,11.135],[106.7846,11.135],[106.7836,11.137],[106.7794,11.1338],[106.7799,11.1407],[106.7738,11.1408],[106.7737,11.1454],[106.7735,11.1547],[106.7783,11.1548],[106.7783,11.1562],[106.7807,11.1574],[106.7817,11.1599],[106.7824,11.1607],[106.7834,11.1607],[106.7856,11.1616],[106.787,11.1629],[106.7886,11.1632],[106.7905,11.1624],[106.7917,11.1623],[106.7952,11.1632],[106.7972,11.1639],[106.7987,11.1641],[106.8011,11.1651],[106.8017,11.1664],[106.8032,11.1675],[106.8045,11.1693],[106.8055,11.1701],[106.8062,11.1717],[106.8077,11.1736],[106.8096,11.1739],[106.8102,11.1702],[106.8112,11.1704],[106.8114,11.1678],[106.8128,11.1683],[106.8138,11.1682],[106.8142,11.1671],[106.8165,11.1666],[106.8164,11.1663],[106.8239,11.1661],[106.824,11.1579],[106.8244,11.1576],[106.8248,11.1552],[106.8263,11.1552],[106.827,11.1539],[106.8286,11.1537],[106.8286,11.1497],[106.8271,11.149],[106.8261,11.1492],[106.8264,11.1476],[106.8264,11.1414],[106.8263,11.1374],[106.8222,11.1371],[106.8223,11.1279],[106.823,11.124],[106.8237,11.1193],[106.8222,11.1189],[106.8222,11.1166],[106.8214,11.1139],[106.8214,11.1119],[106.8225,11.1107],[106.8231,11.1078],[106.8228,11.1071],[106.8233,11.106],[106.8239,11.1016],[106.8231,11.0989],[106.8231,11.0959],[106.8241,11.0947],[106.8245,11.0931],[106.8252,11.0928],[106.8255,11.0917],[106.8277,11.0893],[106.8299,11.0885],[106.8307,11.0879],[106.8324,11.0877],[106.8334,11.087],[106.8348,11.0873],[106.8364,11.0868],[106.8375,11.0875],[106.8393,11.0878],[106.8397,11.0884],[106.8428,11.0887],[106.8435,11.0895],[106.8449,11.0901],[106.8459,11.0912],[106.8484,11.0913],[106.8503,11.0928],[106.8522,11.0929],[106.8527,11.0932],[106.8556,11.0937],[106.8563,11.0934],[106.8576,11.0943],[106.8587,11.0946],[106.8615,11.0945],[106.8622,11.0939],[106.8644,11.0939],[106.8667,11.0932],[106.8703,11.094],[106.8715,11.0939],[106.8727,11.0935],[106.8736,11.0936],[106.8744,11.0931],[106.8757,11.0933],[106.8665,11.0779],[106.8679,11.075],[106.8618,11.062],[106.854,11.0582],[106.8507,11.0534],[106.8495,11.0524],[106.8512,11.0503],[106.8506,11.0498],[106.8484,11.0507],[106.8461,11.0493],[106.8436,11.0481],[106.8429,11.0472],[106.8417,11.0477],[106.8402,11.0471],[106.8388,11.0462],[106.837,11.0456],[106.8355,11.0494],[106.8346,11.0513],[106.8322,11.0556],[106.8315,11.0575],[106.8302,11.0612],[106.8297,11.0624],[106.8277,11.0645],[106.8259,11.0652],[106.8238,11.0654],[106.8218,11.0652],[106.8166,11.0636],[106.8033,11.06],[106.8016,11.0593],[106.7999,11.0581],[106.7988,11.0566],[106.7988,11.0555],[106.7994,11.0535],[106.8001,11.0525],[106.8037,11.0504],[106.8062,11.0485],[106.8077,11.0471],[106.8095,11.045],[106.8106,11.0433],[106.812,11.0402],[106.8131,11.0353],[106.8132,11.0332],[106.8125,11.0305],[106.8106,11.0275],[106.8096,11.0266],[106.8069,11.0257],[106.8049,11.0253],[106.8002,11.0249],[106.7972,11.0244],[106.7944,11.0235],[106.7921,11.0222],[106.7887,11.0191],[106.7859,11.0184],[106.7846,11.0175],[106.784,11.0148],[106.783,11.0129],[106.7812,11.0112],[106.7797,11.0101],[106.7772,11.0089],[106.7768,11.0099],[106.7773,11.0121],[106.778,11.0136]]]},"properties":{"code":"25888","name":"Phường Tân Uyên"}},{"type":"Feature","geometry":{"type":"Polygon","coordinates":[[[106.5158,10.8349],[106.5249,10.8326],[106.5241,10.8296],[106.5291,10.8283],[106.5266,10.8198],[106.5263,10.8182],[106.5263,10.8156],[106.5269,10.8125],[106.5276,10.81],[106.5327,10.8088],[106.5414,10.8066],[106.5403,10.8026],[106.5421,10.8025],[106.5467,10.8032],[106.5511,10.8035],[106.553,10.8039],[106.5531,10.8033],[106.5565,10.8034],[106.5566,10.804],[106.5597,10.804],[106.5598,10.8028],[106.5616,10.8026],[106.5631,10.802],[106.5652,10.8047],[106.5665,10.8055],[106.5761,10.8115],[106.5794,10.8137],[106.5818,10.8156],[106.5829,10.8153],[106.5834,10.8135],[106.5849,10.8137],[106.5859,10.8128],[106.5846,10.8068],[106.5835,10.8064],[106.5834,10.8041],[106.5829,10.7973],[106.5846,10.7973],[106.5843,10.7958],[106.5846,10.7948],[106.5844,10.7908],[106.5856,10.7906],[106.5856,10.7899],[106.5868,10.7898],[106.5865,10.7882],[106.5892,10.7873],[106.5883,10.7842],[106.5881,10.7817],[106.5888,10.7794],[106.5885,10.7787],[106.5868,10.7761],[106.5851,10.775],[106.5839,10.7749],[106.582,10.7753],[106.5805,10.7746],[106.5793,10.7732],[106.5778,10.7723],[106.577,10.7713],[106.5767,10.7701],[106.5755,10.7688],[106.5732,10.768],[106.572,10.7681],[106.5723,10.769],[106.5705,10.7697],[106.5677,10.7629],[106.5582,10.7673],[106.5529,10.77],[106.5326,10.7803],[106.5261,10.7835],[106.5057,10.7937],[106.5063,10.795],[106.5081,10.8038],[106.5094,10.8083],[106.5112,10.8174],[106.5136,10.8261],[106.5158,10.8349]]]},"properties":{"code":"27604","name":"Xã Tân Vĩnh Lộc"}},{"type":"Feature","geometry":{"type":"Polygon","coordinates":[[[106.7899,10.815],[106.7874,10.8147],[106.7884,10.816],[106.7883,10.8181],[106.7874,10.8192],[106.7879,10.8198],[106.7877,10.8211],[106.7866,10.8224],[106.7857,10.8228],[106.7837,10.8244],[106.7837,10.8252],[106.7813,10.8273],[106.7817,10.8277],[106.7773,10.8309],[106.7744,10.8335],[106.7737,10.8344],[106.7712,10.8355],[106.7713,10.8386],[106.7704,10.8392],[106.7707,10.84],[106.7691,10.841],[106.7718,10.8458],[106.774,10.8491],[106.7769,10.8515],[106.7981,10.8641],[106.8036,10.8673],[106.8059,10.8695],[106.8076,10.8717],[106.8114,10.8709],[106.814,10.8701],[106.8136,10.8655],[106.8135,10.8596],[106.8137,10.8502],[106.8087,10.849],[106.817,10.8413],[106.8165,10.8402],[106.8184,10.8399],[106.8203,10.8387],[106.8228,10.834],[106.8261,10.826],[106.8249,10.8256],[106.8236,10.8264],[106.8229,10.8273],[106.8212,10.8285],[106.82,10.829],[106.8173,10.8295],[106.8155,10.8307],[106.814,10.8307],[106.8113,10.8301],[106.8102,10.8291],[106.8081,10.8277],[106.8064,10.8271],[106.8055,10.826],[106.8043,10.8254],[106.8042,10.8246],[106.803,10.8231],[106.8031,10.8211],[106.8023,10.8209],[106.7989,10.821],[106.7984,10.8203],[106.7949,10.8185],[106.7927,10.8165],[106.7899,10.815]]]},"properties":{"code":"26842","name":"Phường Tăng Nhơn Phú"}},{"type":"Feature","geometry":{"type":"Polygon","coordinates":[[[106.5587,11.0455],[106.5561,11.0457],[106.556,11.0457],[106.5519,11.0457],[106.5499,11.0463],[106.5484,11.0476],[106.5477,11.0499],[106.5461,11.052],[106.5442,11.0534],[106.5422,11.0541],[106.5419,11.0542],[106.5376,11.0558],[106.536,11.0565],[106.5335,11.0583],[106.5325,11.0597],[106.5314,11.0618],[106.53,11.0649],[106.5286,11.067],[106.5259,11.0687],[106.5253,11.0695],[106.5244,11.0714],[106.5239,11.0738],[106.5242,11.0757],[106.5258,11.0793],[106.5268,11.0809],[106.5292,11.0834],[106.5296,11.0838],[106.5313,11.0852],[106.5334,11.0879],[106.5338,11.0899],[106.5329,11.0916],[106.531,11.0924],[106.5296,11.0923],[106.5272,11.0916],[106.5255,11.0904],[106.5241,11.0899],[106.5228,11.0899],[106.5216,11.0913],[106.5168,11.0987],[106.5162,11.1007],[106.5165,11.1016],[106.5176,11.1022],[106.5203,11.1029],[106.5229,11.1034],[106.5245,11.104],[106.5262,11.1056],[106.5267,11.1075],[106.5269,11.1096],[106.5278,11.1152],[106.5269,11.118],[106.5268,11.1207],[106.5259,11.1215],[106.5228,11.1215],[106.5212,11.122],[106.5175,11.1243],[106.516,11.1255],[106.5144,11.1277],[106.5133,11.1303],[106.512,11.1341],[106.5112,11.1359],[106.5089,11.1387],[106.5076,11.1419],[106.5065,11.1421],[106.5064,11.142],[106.5059,11.1419],[106.5056,11.1418],[106.5023,11.1403],[106.4998,11.1409],[106.498,11.1421],[106.4962,11.143],[106.493,11.1441],[106.4894,11.1446],[106.4861,11.1439],[106.4824,11.1424],[106.4797,11.1422],[106.4784,11.1423],[106.472,11.1434],[106.4695,11.1462],[106.4676,11.1476],[106.4674,11.1484],[106.4694,11.1506],[106.4711,11.1539],[106.4702,11.1553],[106.4677,11.1562],[106.4657,11.1576],[106.4641,11.1597],[106.4629,11.1599],[106.4613,11.1589],[106.4588,11.1586],[106.4565,11.1602],[106.4552,11.16],[106.4532,11.1587],[106.4531,11.1585],[106.4518,11.1562],[106.4515,11.1529],[106.4519,11.1518],[106.4531,11.1515],[106.4541,11.1518],[106.4563,11.1533],[106.4575,11.1529],[106.4581,11.1516],[106.4582,11.1476],[106.4579,11.1451],[106.4571,11.1436],[106.4561,11.1408],[106.4524,11.137],[106.4513,11.1363],[106.4492,11.136],[106.4478,11.136],[106.4459,11.1359],[106.4441,11.1361],[106.4424,11.1368],[106.4411,11.1379],[106.4382,11.1398],[106.436,11.141],[106.4347,11.1433],[106.4333,11.1445],[106.431,11.147],[106.4299,11.1489],[106.4307,11.1501],[106.432,11.1502],[106.4334,11.1515],[106.434,11.1528],[106.4366,11.1558],[106.4368,11.158],[106.4365,11.1605],[106.4359,11.1617],[106.4335,11.1645],[106.4331,11.1657],[106.4326,11.1691],[106.4326,11.171],[106.4314,11.1735],[106.4302,11.1747],[106.429,11.1743],[106.4311,11.1775],[106.4338,11.1794],[106.4319,11.1884],[106.4631,11.1952],[106.4792,11.2049],[106.4781,11.2091],[106.4932,11.2133],[106.5078,11.2174],[106.5158,11.2195],[106.5168,11.2194],[106.5175,11.218],[106.5182,11.2174],[106.5176,11.2161],[106.5177,11.2144],[106.5185,11.2132],[106.5195,11.2131],[106.5211,11.2108],[106.5207,11.2093],[106.5216,11.2079],[106.5214,11.2071],[106.5218,11.2055],[106.5206,11.2035],[106.5196,11.2009],[106.5204,11.2003],[106.5209,11.1993],[106.5218,11.1989],[106.5213,11.1979],[106.5223,11.1974],[106.5225,11.196],[106.5216,11.1958],[106.5214,11.1949],[106.5223,11.1939],[106.5215,11.1936],[106.5217,11.1925],[106.5224,11.1913],[106.5232,11.1908],[106.523,11.1886],[106.5234,11.1866],[106.5243,11.1863],[106.5239,11.1854],[106.5246,11.1843],[106.5256,11.1837],[106.5258,11.183],[106.527,11.1827],[106.5273,11.1806],[106.5305,11.1774],[106.5323,11.1776],[106.5325,11.176],[106.5324,11.1747],[106.5317,11.1736],[106.5341,11.1697],[106.536,11.1689],[106.5366,11.1677],[106.538,11.1676],[106.5387,11.167],[106.5397,11.1672],[106.5407,11.1664],[106.5427,11.1668],[106.544,11.1665],[106.5443,11.1652],[106.544,11.1615],[106.5444,11.1598],[106.5421,11.1591],[106.5486,11.1377],[106.5494,11.1363],[106.551,11.1367],[106.5516,11.1343],[106.5515,11.1332],[106.5544,11.1332],[106.5544,11.126],[106.5621,11.1261],[106.5621,11.1215],[106.5619,11.1166],[106.5619,11.1007],[106.568,11.1008],[106.568,11.0858],[106.5688,11.086],[106.5696,11.0846],[106.5717,11.082],[106.5734,11.0793],[106.5671,11.076],[106.5683,11.0753],[106.5673,11.0734],[106.5663,11.0737],[106.5644,11.07],[106.5641,11.0688],[106.5632,11.0676],[106.5626,11.0662],[106.5614,11.0642],[106.5592,11.0622],[106.5571,11.0589],[106.5558,11.0574],[106.5569,11.0552],[106.5582,11.0545],[106.5594,11.0532],[106.5605,11.053],[106.5607,11.0522],[106.56,11.0503],[106.5591,11.0494],[106.5586,11.0483],[106.559,11.047],[106.5587,11.0455]]]},"properties":{"code":"25843","name":"Phường Tây Nam"}},{"type":"Feature","geometry":{"type":"Polygon","coordinates":[[[106.6347,10.8075],[106.6358,10.8038],[106.6328,10.8035],[106.6311,10.8054],[106.6297,10.8058],[106.6217,10.8075],[106.615,10.8093],[106.61,10.8117],[106.6076,10.8131],[106.6112,10.8166],[106.6137,10.8183],[106.616,10.8195],[106.6167,10.8198],[106.6182,10.8195],[106.6196,10.8186],[106.6212,10.8188],[106.6234,10.8196],[106.6235,10.8196],[106.6238,10.8199],[106.6279,10.8247],[106.6295,10.8232],[106.6303,10.8217],[106.6347,10.8075]]]},"properties":{"code":"27013","name":"Phường Tây Thạnh"}},{"type":"Feature","geometry":{"type":"Polygon","coordinates":[[[106.45,11.0157],[106.4493,11.0123],[106.4475,11.0091],[106.4423,11.0006],[106.4412,10.9991],[106.4398,10.9998],[106.4372,10.9951],[106.4366,10.9943],[106.4319,10.9914],[106.4303,10.9894],[106.4283,10.9886],[106.4309,10.9842],[106.4331,10.9799],[106.4333,10.9789],[106.4314,10.9724],[106.4285,10.9667],[106.4286,10.9666],[106.426,10.963],[106.4117,10.9736],[106.4088,10.9735],[106.4015,10.9726],[106.3806,10.9704],[106.3768,10.97],[106.3735,10.9695],[106.3727,10.9703],[106.3697,10.9742],[106.3567,10.9916],[106.3582,10.9924],[106.3579,10.9931],[106.3603,10.9947],[106.36,10.9953],[106.3621,10.9963],[106.3626,10.9971],[106.3635,10.9972],[106.367,10.9987],[106.3714,10.9993],[106.3769,10.9999],[106.3772,11.0004],[106.3785,11.0001],[106.3807,10.9984],[106.3851,10.9993],[106.3862,10.9992],[106.3895,10.9996],[106.3913,10.9997],[106.3928,11.0004],[106.4026,11.0032],[106.4033,11.0036],[106.4052,11.0037],[106.4056,11.0052],[106.4063,11.0062],[106.4104,11.0074],[106.4128,11.0089],[106.4113,11.013],[106.4101,11.0135],[106.409,11.0148],[106.4089,11.0163],[106.4095,11.018],[106.409,11.0192],[106.4089,11.0225],[106.4096,11.0233],[106.4094,11.0239],[106.4106,11.0261],[106.4114,11.0292],[106.4121,11.0303],[106.4134,11.0314],[106.4143,11.0331],[106.4156,11.0337],[106.417,11.0348],[106.4183,11.0354],[106.4187,11.0361],[106.4201,11.0362],[106.4204,11.0376],[106.4213,11.0395],[106.421,11.0397],[106.4222,11.0415],[106.4216,11.042],[106.4227,11.0428],[106.4229,11.0436],[106.4222,11.0445],[106.4233,11.0454],[106.4226,11.0466],[106.4247,11.0473],[106.4225,11.0493],[106.4203,11.052],[106.4213,11.0553],[106.4211,11.0584],[106.4222,11.0591],[106.4207,11.0611],[106.4216,11.0619],[106.4202,11.0633],[106.4215,11.0652],[106.4228,11.0661],[106.4257,11.0666],[106.4252,11.0686],[106.4257,11.0702],[106.4265,11.0715],[106.4274,11.074],[106.4274,11.0748],[106.426,11.078],[106.4258,11.0811],[106.4265,11.0817],[106.4263,11.0882],[106.426,11.0916],[106.4272,11.0919],[106.4303,11.0919],[106.4308,11.0921],[106.4308,11.0936],[106.4315,11.0983],[106.4322,11.0983],[106.4331,11.1003],[106.4338,11.1002],[106.4374,11.1099],[106.4388,11.1089],[106.4398,11.1075],[106.442,11.1058],[106.4426,11.1056],[106.444,11.104],[106.4448,11.1044],[106.447,11.0993],[106.4453,11.0971],[106.4463,11.0943],[106.4471,11.0927],[106.4478,11.0908],[106.4485,11.0896],[106.4495,11.0869],[106.4498,11.0869],[106.4518,11.0822],[106.4515,11.0789],[106.4516,11.0761],[106.4523,11.0721],[106.453,11.0694],[106.4558,11.0606],[106.4559,11.0561],[106.4569,11.0547],[106.456,11.0517],[106.4557,11.05],[106.4552,11.0486],[106.455,11.0422],[106.4545,11.0407],[106.4504,11.0377],[106.4449,11.0324],[106.4445,11.0318],[106.4422,11.0275],[106.4397,11.0231],[106.4404,11.0224],[106.4421,11.0216],[106.4438,11.0211],[106.4448,11.0205],[106.4468,11.0186],[106.4468,11.0172],[106.4489,11.0159],[106.45,11.0157]]]},"properties":{"code":"27526","name":"Xã Thái Mỹ"}},{"type":"Feature","geometry":{"type":"Polygon","coordinates":[[[106.5158,11.2195],[106.5078,11.2174],[106.4932,11.2133],[106.4781,11.2091],[106.4792,11.2049],[106.4631,11.1952],[106.4319,11.1884],[106.4338,11.1794],[106.4311,11.1775],[106.429,11.1743],[106.4277,11.1718],[106.4259,11.1705],[106.4233,11.1709],[106.4212,11.1721],[106.419,11.1726],[106.4169,11.1742],[106.4162,11.1744],[106.4125,11.1738],[106.4112,11.1724],[106.4102,11.1725],[106.4099,11.1736],[106.41,11.1758],[106.4103,11.1774],[106.4095,11.1793],[106.4093,11.1804],[106.4104,11.1828],[106.4097,11.1838],[106.4081,11.184],[106.4069,11.1853],[106.4049,11.1881],[106.4041,11.1869],[106.4049,11.1849],[106.404,11.1833],[106.402,11.1821],[106.3997,11.1816],[106.3982,11.1817],[106.3963,11.1838],[106.3943,11.1846],[106.3915,11.1848],[106.3889,11.1852],[106.3871,11.1863],[106.3873,11.1881],[106.3867,11.1897],[106.3858,11.191],[106.3841,11.1923],[106.3837,11.1942],[106.3843,11.1958],[106.3841,11.1974],[106.3845,11.2005],[106.3867,11.2028],[106.3871,11.2044],[106.387,11.2065],[106.3876,11.2091],[106.3892,11.212],[106.3887,11.2132],[106.3863,11.214],[106.3838,11.2151],[106.3814,11.2171],[106.3802,11.2174],[106.3798,11.2189],[106.3815,11.2226],[106.3821,11.2244],[106.3837,11.2265],[106.3835,11.2285],[106.3823,11.2294],[106.381,11.2293],[106.3796,11.2284],[106.3783,11.2295],[106.378,11.2342],[106.3775,11.2357],[106.3768,11.2367],[106.3751,11.2379],[106.373,11.2411],[106.3744,11.2421],[106.3737,11.2447],[106.3722,11.2476],[106.3722,11.249],[106.3728,11.2493],[106.379,11.2509],[106.3824,11.2516],[106.3843,11.2522],[106.386,11.2521],[106.3869,11.2523],[106.3873,11.2508],[106.3962,11.253],[106.3957,11.255],[106.4045,11.257],[106.4047,11.2563],[106.4092,11.2574],[106.4078,11.2626],[106.4034,11.2616],[106.402,11.2672],[106.3972,11.2715],[106.3963,11.271],[106.3934,11.2821],[106.3923,11.2867],[106.397,11.288],[106.4216,11.3054],[106.4365,11.3109],[106.4548,11.307],[106.4671,11.3199],[106.471,11.3234],[106.4725,11.3254],[106.4726,11.326],[106.4727,11.3251],[106.4736,11.3245],[106.4734,11.3237],[106.4721,11.3215],[106.4701,11.3203],[106.4704,11.3192],[106.47,11.3186],[106.4705,11.3177],[106.4704,11.3168],[106.4711,11.3162],[106.4709,11.315],[106.4711,11.3135],[106.4687,11.3114],[106.4682,11.3098],[106.4683,11.3082],[106.4674,11.3077],[106.4669,11.3064],[106.4669,11.3055],[106.4706,11.3037],[106.4713,11.303],[106.4725,11.3028],[106.4727,11.3015],[106.4718,11.2999],[106.4722,11.298],[106.4735,11.2966],[106.4736,11.2957],[106.4726,11.2946],[106.4736,11.2936],[106.4749,11.2929],[106.4755,11.2914],[106.4756,11.2902],[106.4764,11.2898],[106.4766,11.2886],[106.4775,11.2883],[106.4778,11.2872],[106.477,11.2863],[106.4776,11.2854],[106.4783,11.2828],[106.478,11.2814],[106.4788,11.2801],[106.4788,11.2784],[106.48,11.2776],[106.4803,11.2751],[106.4822,11.2739],[106.4827,11.2727],[106.4823,11.2713],[106.483,11.2705],[106.4829,11.2692],[106.4834,11.2683],[106.4826,11.2679],[106.4831,11.267],[106.4848,11.2665],[106.485,11.2652],[106.4864,11.2638],[106.4875,11.2635],[106.4878,11.2622],[106.4886,11.2613],[106.4885,11.2604],[106.49,11.2601],[106.4898,11.2585],[106.4906,11.2576],[106.491,11.2562],[106.4925,11.2556],[106.4923,11.2545],[106.4926,11.2534],[106.4921,11.2522],[106.491,11.2521],[106.4908,11.2509],[106.4919,11.2488],[106.4906,11.2481],[106.4911,11.2474],[106.4909,11.246],[106.4918,11.2455],[106.4912,11.2447],[106.4913,11.2435],[106.4919,11.2429],[106.4922,11.2409],[106.4931,11.2395],[106.4935,11.2382],[106.4935,11.238],[106.4938,11.2371],[106.4947,11.2365],[106.4947,11.2352],[106.4959,11.2348],[106.4961,11.2337],[106.4975,11.233],[106.4975,11.2312],[106.4984,11.2308],[106.4986,11.23],[106.5003,11.2271],[106.5022,11.2266],[106.5041,11.2254],[106.5051,11.2258],[106.5065,11.2243],[106.5072,11.2248],[106.5086,11.2243],[106.5093,11.2247],[106.5098,11.2237],[106.5112,11.2243],[106.5125,11.2219],[106.5133,11.2214],[106.5146,11.2215],[106.5158,11.2195]]]},"properties":{"code":"25807","name":"Xã Thanh An"}},{"type":"Feature","geometry":{"type":"MultiPolygon","coordinates":[[[[107.0076,10.6133],[107.0114,10.6108],[107.0174,10.6065],[107.0195,10.6037],[107.0198,10.6026],[107.0199,10.6011],[107.0203,10.599],[107.0211,10.5979],[107.0224,10.5952],[107.0239,10.5924],[107.0247,10.5916],[107.0267,10.5887],[107.027,10.5868],[107.0266,10.5831],[107.0259,10.5816],[107.024,10.578],[107.0215,10.5742],[107.0187,10.5705],[107.0178,10.5695],[107.0166,10.5676],[107.0146,10.565],[107.0114,10.5588],[107.011,10.5576],[107.0109,10.555],[107.0115,10.5515],[107.0125,10.5499],[107.0143,10.5484],[107.0164,10.5477],[107.0209,10.5467],[107.024,10.5462],[107.0249,10.5455],[107.0264,10.5447],[107.0274,10.5421],[107.0277,10.5403],[107.0272,10.5378],[107.0257,10.5353],[107.0233,10.5325],[107.0203,10.5298],[107.0179,10.5281],[107.0149,10.5244],[107.0129,10.5215],[107.0116,10.5177],[107.0103,10.5154],[107.0073,10.5113],[107.0034,10.5086],[107.0002,10.5071],[106.9992,10.5064],[106.9977,10.5044],[106.9972,10.5022],[106.9975,10.5001],[106.9985,10.499],[106.9915,10.499],[106.9908,10.4988],[106.9887,10.4967],[106.9888,10.4957],[106.9876,10.4952],[106.9862,10.4936],[106.9854,10.4916],[106.9843,10.492],[106.9835,10.4936],[106.9831,10.496],[106.9841,10.499],[106.9747,10.4983],[106.9745,10.4966],[106.9748,10.4961],[106.9747,10.494],[106.975,10.4926],[106.9742,10.4917],[106.9751,10.4903],[106.975,10.4885],[106.9768,10.4874],[106.9769,10.4857],[106.9758,10.4839],[106.9748,10.4833],[106.9734,10.4817],[106.9721,10.4808],[106.971,10.4791],[106.9708,10.4783],[106.9692,10.4758],[106.9693,10.4754],[106.9686,10.4723],[106.9674,10.4716],[106.9675,10.4697],[106.967,10.4677],[106.9671,10.4666],[106.9665,10.4641],[106.9654,10.464],[106.9621,10.4648],[106.96,10.467],[106.9582,10.4671],[106.9562,10.4695],[106.9549,10.4694],[106.9537,10.4687],[106.9526,10.4693],[106.9516,10.4708],[106.9505,10.471],[106.9491,10.4708],[106.9476,10.4722],[106.9447,10.4722],[106.9386,10.4699],[106.9381,10.4714],[106.9386,10.4736],[106.9397,10.4749],[106.9451,10.4797],[106.9492,10.4834],[106.9505,10.4855],[106.9508,10.4869],[106.9507,10.4901],[106.9497,10.4953],[106.9492,10.499],[106.9491,10.5012],[106.9492,10.5082],[106.9488,10.5122],[106.948,10.5156],[106.9466,10.5191],[106.9449,10.5215],[106.9429,10.5232],[106.9394,10.5251],[106.9369,10.5261],[106.932,10.5272],[106.9282,10.5283],[106.9244,10.5303],[106.9221,10.5313],[106.9205,10.5317],[106.922,10.5339],[106.9238,10.5362],[106.9286,10.5416],[106.9306,10.544],[106.9332,10.548],[106.9341,10.5502],[106.9347,10.5524],[106.9347,10.5539],[106.9342,10.5572],[106.9334,10.5609],[106.9324,10.5629],[106.9316,10.5639],[106.9302,10.5649],[106.9266,10.5657],[106.9222,10.5661],[106.9199,10.567],[106.919,10.5676],[106.918,10.5693],[106.9182,10.5717],[106.9185,10.5732],[106.9205,10.5773],[106.9214,10.5775],[106.9221,10.5789],[106.9261,10.5825],[106.9293,10.5851],[106.9309,10.5859],[106.9325,10.5863],[106.933,10.5883],[106.9331,10.5884],[106.935,10.5913],[106.9359,10.5932],[106.9364,10.5951],[106.9367,10.5968],[106.9362,10.5991],[106.9358,10.5997],[106.9384,10.5991],[106.9401,10.5974],[106.9422,10.5966],[106.9438,10.5968],[106.9463,10.5973],[106.9544,10.5944],[106.9567,10.5939],[106.9593,10.5938],[106.9612,10.5932],[106.9636,10.5914],[106.9676,10.5901],[106.9689,10.5891],[106.9717,10.586],[106.9741,10.5828],[106.9749,10.5823],[106.9765,10.5822],[106.9777,10.5827],[106.9801,10.5816],[106.9837,10.5791],[106.9863,10.5852],[106.9869,10.5874],[106.9872,10.5896],[106.9866,10.5939],[106.9859,10.5961],[106.9878,10.5982],[106.9893,10.5991],[106.9904,10.6001],[106.9907,10.6019],[106.9903,10.6035],[106.9904,10.6048],[106.9913,10.6054],[106.9931,10.6056],[106.9953,10.6052],[106.9965,10.6055],[106.9973,10.6073],[106.9985,10.6077],[107,10.607],[107.0007,10.6071],[107.0025,10.6087],[107.0021,10.6103],[107.0036,10.6108],[107.0056,10.6098],[107.0068,10.6102],[107.0076,10.6133]]],[[[106.977,10.4704],[106.9757,10.4684],[106.9753,10.4671],[106.9763,10.4634],[106.9761,10.4629],[106.9763,10.461],[106.9738,10.4599],[106.9733,10.4607],[106.9738,10.4615],[106.9735,10.4624],[106.9737,10.4636],[106.9728,10.466],[106.9728,10.4669],[106.9718,10.4685],[106.9725,10.4703],[106.9737,10.4714],[106.9745,10.4708],[106.9767,10.4733],[106.9777,10.474],[106.978,10.4724],[106.977,10.4704]]],[[[106.9865,10.4828],[106.9869,10.4804],[106.9853,10.4804],[106.984,10.4798],[106.9832,10.4804],[106.9836,10.4821],[106.9845,10.4837],[106.9849,10.4854],[106.9857,10.4847],[106.9865,10.4828]]]]},"properties":{"code":"27676","name":"Xã Thạnh An"}},{"type":"Feature","geometry":{"type":"Polygon","coordinates":[[[106.7153,10.7852],[106.7135,10.7871],[106.7124,10.7878],[106.7096,10.7874],[106.7086,10.7878],[106.7075,10.7893],[106.707,10.7908],[106.7063,10.7916],[106.71,10.7956],[106.711,10.7986],[106.7114,10.8028],[106.7116,10.8078],[106.7121,10.8094],[106.7162,10.8133],[106.7175,10.8143],[106.7209,10.8101],[106.7222,10.8098],[106.7231,10.8062],[106.7232,10.806],[106.7265,10.8014],[106.7271,10.8002],[106.7271,10.7985],[106.7275,10.7981],[106.7271,10.7953],[106.7262,10.7922],[106.7241,10.789],[106.7232,10.7881],[106.7226,10.7881],[106.7203,10.7865],[106.7174,10.7856],[106.7153,10.7852]]]},"properties":{"code":"26956","name":"Phường Thạnh Mỹ Tây"}},{"type":"Feature","geometry":{"type":"Polygon","coordinates":[[[106.688,10.9013],[106.6884,10.9006],[106.6891,10.8975],[106.6891,10.8963],[106.6877,10.8931],[106.6859,10.8906],[106.6849,10.8882],[106.6839,10.887],[106.6818,10.8855],[106.6798,10.8824],[106.677,10.876],[106.6768,10.8746],[106.6769,10.8712],[106.6773,10.8697],[106.6788,10.8677],[106.6786,10.8664],[106.6775,10.8634],[106.6771,10.8604],[106.6763,10.8583],[106.6766,10.8567],[106.6765,10.8549],[106.6758,10.853],[106.675,10.8552],[106.6752,10.8568],[106.6743,10.8583],[106.6735,10.8601],[106.6721,10.8604],[106.6704,10.8594],[106.6692,10.858],[106.668,10.8575],[106.667,10.856],[106.6656,10.8564],[106.665,10.8559],[106.6628,10.8555],[106.6613,10.8558],[106.6593,10.8576],[106.6582,10.8579],[106.6571,10.8577],[106.6553,10.8589],[106.654,10.8592],[106.6532,10.8604],[106.6523,10.8607],[106.6509,10.8598],[106.6498,10.8613],[106.6488,10.881],[106.6472,10.8899],[106.6469,10.8948],[106.6495,10.8953],[106.6522,10.8949],[106.6526,10.8931],[106.6532,10.8918],[106.6563,10.8922],[106.6564,10.8922],[106.6634,10.893],[106.6656,10.8921],[106.6689,10.8916],[106.6693,10.8939],[106.6699,10.8945],[106.6706,10.8979],[106.6707,10.9012],[106.6735,10.9017],[106.6752,10.9023],[106.6792,10.9035],[106.6797,10.9035],[106.6816,10.8985],[106.6858,10.9001],[106.688,10.9013]]]},"properties":{"code":"26773","name":"Phường Thới An"}},{"type":"Feature","geometry":{"type":"Polygon","coordinates":[[[106.8358,11.2118],[106.8383,11.2127],[106.839,11.2134],[106.8389,11.216],[106.8371,11.2174],[106.8342,11.2182],[106.8322,11.2183],[106.8286,11.2174],[106.8271,11.2179],[106.8279,11.2208],[106.8313,11.2261],[106.8321,11.2268],[106.8336,11.2273],[106.8347,11.2273],[106.8376,11.2261],[106.8395,11.226],[106.8415,11.2275],[106.8423,11.2286],[106.8435,11.2312],[106.8447,11.2327],[106.8465,11.2337],[106.8497,11.2344],[106.8531,11.2365],[106.8542,11.2379],[106.8544,11.2396],[106.8538,11.2413],[106.8519,11.2424],[106.8502,11.2426],[106.8493,11.2434],[106.8488,11.2449],[106.8486,11.2465],[106.8489,11.2486],[106.8495,11.2506],[106.8495,11.2515],[106.8501,11.2538],[106.8528,11.2541],[106.8543,11.2553],[106.8554,11.2554],[106.8577,11.2539],[106.8602,11.2528],[106.8622,11.2525],[106.8642,11.2525],[106.8651,11.253],[106.8666,11.2527],[106.8682,11.2519],[106.8711,11.2507],[106.8724,11.249],[106.8732,11.2485],[106.8782,11.2466],[106.88,11.2457],[106.882,11.2444],[106.8831,11.2431],[106.8845,11.2425],[106.8854,11.2432],[106.8863,11.2452],[106.8864,11.2474],[106.8856,11.249],[106.8846,11.25],[106.884,11.2513],[106.884,11.2528],[106.8857,11.2534],[106.8871,11.2527],[106.8887,11.2508],[106.8899,11.249],[106.8906,11.2471],[106.8907,11.2454],[106.8898,11.2441],[106.8869,11.2422],[106.8864,11.2408],[106.8866,11.2399],[106.8877,11.2386],[106.8899,11.2381],[106.8926,11.2386],[106.8984,11.2405],[106.8999,11.2409],[106.9014,11.2417],[106.9028,11.2419],[106.9038,11.2414],[106.905,11.2394],[106.9055,11.2368],[106.9072,11.2329],[106.9089,11.2311],[106.9113,11.2302],[106.9136,11.2304],[106.9147,11.2304],[106.9153,11.2298],[106.9151,11.2288],[106.9141,11.2272],[106.9144,11.2259],[106.9169,11.2242],[106.918,11.2227],[106.9182,11.2209],[106.918,11.2199],[106.9163,11.2157],[106.9148,11.2142],[106.9118,11.2141],[106.9099,11.2131],[106.9079,11.211],[106.9037,11.2109],[106.902,11.2106],[106.9012,11.209],[106.9015,11.2077],[106.9022,11.2066],[106.9032,11.2059],[106.9057,11.2049],[106.9068,11.2037],[106.9075,11.2016],[106.9075,11.1991],[106.9072,11.198],[106.9061,11.1963],[106.9056,11.1942],[106.9062,11.193],[106.9075,11.1921],[106.9089,11.192],[106.9127,11.1931],[106.9141,11.1932],[106.9161,11.1928],[106.9191,11.193],[106.9201,11.1928],[106.9209,11.192],[106.9213,11.191],[106.9214,11.1888],[106.9198,11.1891],[106.9187,11.1877],[106.9185,11.1857],[106.9171,11.1849],[106.9164,11.1825],[106.9158,11.182],[106.9159,11.1809],[106.9155,11.1782],[106.9159,11.1778],[106.9185,11.1775],[106.9188,11.174],[106.9174,11.1715],[106.9168,11.1714],[106.9162,11.1688],[106.9152,11.166],[106.909,11.1672],[106.9079,11.1619],[106.9064,11.1579],[106.9041,11.1512],[106.9038,11.1507],[106.8985,11.1475],[106.8972,11.1473],[106.8961,11.1451],[106.8972,11.1445],[106.8986,11.1414],[106.8997,11.1399],[106.9004,11.1384],[106.9011,11.1375],[106.9009,11.1364],[106.902,11.1357],[106.9021,11.1346],[106.9028,11.1342],[106.9028,11.1329],[106.9044,11.132],[106.9054,11.1301],[106.9063,11.1294],[106.9072,11.1281],[106.9057,11.1265],[106.9036,11.125],[106.9018,11.124],[106.8956,11.1213],[106.8935,11.1206],[106.8876,11.1177],[106.8869,11.1169],[106.8859,11.115],[106.8846,11.1121],[106.8833,11.1098],[106.8817,11.1063],[106.8801,11.1018],[106.8799,11.0956],[106.8766,11.0955],[106.8761,11.0934],[106.8757,11.0933],[106.8744,11.0931],[106.8736,11.0936],[106.8727,11.0935],[106.8715,11.0939],[106.8703,11.094],[106.8667,11.0932],[106.8644,11.0939],[106.8622,11.0939],[106.8615,11.0945],[106.8587,11.0946],[106.8576,11.0943],[106.8563,11.0934],[106.8556,11.0937],[106.8527,11.0932],[106.8522,11.0929],[106.8503,11.0928],[106.8484,11.0913],[106.8459,11.0912],[106.8449,11.0901],[106.8435,11.0895],[106.8428,11.0887],[106.8397,11.0884],[106.8393,11.0878],[106.8375,11.0875],[106.8364,11.0868],[106.8348,11.0873],[106.8334,11.087],[106.8324,11.0877],[106.8307,11.0879],[106.8299,11.0885],[106.8277,11.0893],[106.8255,11.0917],[106.8252,11.0928],[106.8245,11.0931],[106.8241,11.0947],[106.8231,11.0959],[106.8231,11.0989],[106.8239,11.1016],[106.8233,11.106],[106.8228,11.1071],[106.8231,11.1078],[106.8225,11.1107],[106.8214,11.1119],[106.8214,11.1139],[106.8222,11.1166],[106.8222,11.1189],[106.8237,11.1193],[106.823,11.124],[106.8223,11.1279],[106.8222,11.1371],[106.8263,11.1374],[106.8264,11.1414],[106.8264,11.1476],[106.8261,11.1492],[106.8271,11.149],[106.8286,11.1497],[106.8286,11.1537],[106.827,11.1539],[106.8263,11.1552],[106.8248,11.1552],[106.8244,11.1576],[106.824,11.1579],[106.8239,11.1661],[106.8164,11.1663],[106.8165,11.1666],[106.8142,11.1671],[106.8138,11.1682],[106.8128,11.1683],[106.8114,11.1678],[106.8112,11.1704],[106.8102,11.1702],[106.8096,11.1739],[106.8096,11.1756],[106.8109,11.177],[106.8116,11.1787],[106.8116,11.18],[106.8111,11.1809],[106.8122,11.1821],[106.8129,11.1837],[106.8157,11.1883],[106.8162,11.1885],[106.8171,11.1904],[106.8178,11.1909],[106.8179,11.1924],[106.8189,11.1927],[106.8212,11.1959],[106.8246,11.1963],[106.8261,11.1956],[106.8271,11.1947],[106.8298,11.194],[106.8312,11.1931],[106.8317,11.1938],[106.8327,11.1938],[106.8343,11.195],[106.8351,11.195],[106.8357,11.1969],[106.8368,11.1979],[106.8377,11.1999],[106.838,11.2015],[106.8367,11.2033],[106.8358,11.2055],[106.8363,11.2071],[106.8374,11.2078],[106.8363,11.2089],[106.8351,11.2108],[106.8358,11.2118]]]},"properties":{"code":"25906","name":"Xã Bắc Tân Uyên"}},{"type":"Feature","geometry":{"type":"Polygon","coordinates":[[[106.6555,11.133],[106.6554,11.1236],[106.6576,11.1234],[106.6581,11.1224],[106.6589,11.1223],[106.6576,11.1077],[106.6566,11.1078],[106.6565,11.0971],[106.6583,11.097],[106.6588,11.0955],[106.6576,11.094],[106.6586,11.0916],[106.6522,11.0882],[106.6374,11.08],[106.6349,11.079],[106.6279,11.0762],[106.6268,11.0792],[106.6223,11.0796],[106.6193,11.08],[106.6168,11.0817],[106.6155,11.0831],[106.6141,11.0811],[106.6142,11.0796],[106.6136,11.0785],[106.6121,11.0783],[106.6109,11.0779],[106.609,11.0781],[106.6072,11.0759],[106.6059,11.074],[106.6042,11.0721],[106.6006,11.0731],[106.5964,11.0747],[106.5951,11.0756],[106.5938,11.0761],[106.5918,11.0792],[106.591,11.0815],[106.5908,11.083],[106.5932,11.0848],[106.5951,11.0889],[106.5954,11.0918],[106.5955,11.0947],[106.5964,11.0967],[106.597,11.0995],[106.5969,11.1003],[106.595,11.1044],[106.5938,11.1064],[106.5914,11.1095],[106.5904,11.1103],[106.5886,11.1108],[106.5874,11.1114],[106.5861,11.113],[106.5842,11.1145],[106.5837,11.1151],[106.582,11.1193],[106.5808,11.1204],[106.5814,11.1221],[106.5824,11.1234],[106.5838,11.1245],[106.5861,11.1258],[106.5889,11.1286],[106.5916,11.1289],[106.5921,11.1246],[106.6036,11.1259],[106.6035,11.1269],[106.6093,11.1275],[106.6105,11.1269],[106.6117,11.1284],[106.6133,11.1266],[106.6147,11.122],[106.6161,11.1225],[106.6199,11.1244],[106.6212,11.1269],[106.6304,11.1276],[106.6307,11.1234],[106.631,11.1215],[106.631,11.1192],[106.6307,11.1184],[106.6346,11.1171],[106.6365,11.1178],[106.639,11.1216],[106.6394,11.1298],[106.6394,11.133],[106.6402,11.1335],[106.6555,11.1333],[106.6555,11.133]]]},"properties":{"code":"25846","name":"Phường Thới Hòa"}},{"type":"Feature","geometry":{"type":"Polygon","coordinates":[[[106.6636,10.8307],[106.6619,10.8314],[106.6596,10.8329],[106.6574,10.8349],[106.6571,10.8354],[106.6556,10.836],[106.6521,10.8366],[106.6467,10.8367],[106.6463,10.8374],[106.6472,10.8393],[106.6449,10.8411],[106.6401,10.8443],[106.6509,10.8495],[106.6561,10.8514],[106.6569,10.8477],[106.6604,10.847],[106.6603,10.8463],[106.6627,10.8454],[106.6648,10.845],[106.6647,10.8429],[106.6652,10.8387],[106.6646,10.8357],[106.6641,10.8337],[106.6636,10.8307]]]},"properties":{"code":"26898","name":"Phường Thông Tây Hội"}},{"type":"Feature","geometry":{"type":"Polygon","coordinates":[[[106.6497,10.9967],[106.6499,10.9965],[106.6509,10.9959],[106.6547,10.9936],[106.6562,10.9928],[106.6609,10.9922],[106.6619,10.9919],[106.6634,10.9905],[106.6655,10.9865],[106.666,10.985],[106.6671,10.9809],[106.6705,10.9738],[106.6715,10.9727],[106.6753,10.9707],[106.6818,10.9671],[106.6893,10.9636],[106.689,10.9632],[106.6866,10.9613],[106.6865,10.9612],[106.686,10.9606],[106.6859,10.9604],[106.6857,10.9601],[106.6817,10.9573],[106.68,10.9615],[106.6782,10.9607],[106.6763,10.9595],[106.6728,10.9585],[106.6731,10.9578],[106.672,10.9572],[106.6723,10.9564],[106.6699,10.9551],[106.6691,10.9544],[106.67,10.9533],[106.6683,10.9521],[106.666,10.9516],[106.6663,10.9508],[106.6679,10.9497],[106.6686,10.9481],[106.6701,10.9469],[106.6683,10.944],[106.667,10.9433],[106.6662,10.9444],[106.6655,10.9435],[106.6649,10.9438],[106.6643,10.9456],[106.6643,10.9457],[106.6634,10.9468],[106.661,10.9462],[106.6602,10.9443],[106.659,10.9426],[106.6582,10.9402],[106.6581,10.9401],[106.6573,10.9398],[106.6562,10.9404],[106.6561,10.9404],[106.6542,10.9402],[106.6533,10.9408],[106.6523,10.9421],[106.6513,10.9422],[106.6521,10.9462],[106.6523,10.9508],[106.652,10.9542],[106.6519,10.9543],[106.6512,10.957],[106.6502,10.9597],[106.6502,10.9598],[106.649,10.9635],[106.6488,10.965],[106.6488,10.9679],[106.6492,10.9705],[106.6499,10.972],[106.6503,10.974],[106.6498,10.9764],[106.6494,10.9777],[106.6494,10.9778],[106.6491,10.9788],[106.649,10.9789],[106.6483,10.9804],[106.647,10.9811],[106.6451,10.9812],[106.6426,10.9807],[106.6412,10.9799],[106.6386,10.978],[106.6369,10.9775],[106.6357,10.9776],[106.6306,10.9787],[106.6302,10.9808],[106.6305,10.9813],[106.6298,10.9824],[106.6309,10.9855],[106.6333,10.9874],[106.6346,10.9878],[106.6368,10.9881],[106.6377,10.9893],[106.6407,10.9894],[106.6425,10.9899],[106.6442,10.99],[106.6441,10.9913],[106.6442,10.9921],[106.6442,10.9927],[106.6441,10.9935],[106.6464,10.9939],[106.6489,10.9947],[106.6497,10.9967]]]},"properties":{"code":"25747","name":"Phường Thủ Dầu Một"}},{"type":"Feature","geometry":{"type":"Polygon","coordinates":[[[106.7691,10.841],[106.7637,10.8316],[106.7624,10.8292],[106.7595,10.8241],[106.7589,10.8226],[106.7579,10.8183],[106.757,10.8132],[106.755,10.8132],[106.7512,10.813],[106.7515,10.8155],[106.7515,10.8272],[106.7514,10.8285],[106.7506,10.83],[106.7495,10.8319],[106.7472,10.8336],[106.7447,10.8346],[106.7409,10.8356],[106.7399,10.8356],[106.7389,10.8398],[106.7429,10.8408],[106.7441,10.8415],[106.7452,10.8427],[106.7483,10.8485],[106.7511,10.8532],[106.7513,10.8534],[106.753,10.8522],[106.7537,10.8512],[106.7549,10.8513],[106.7546,10.8527],[106.7554,10.8551],[106.7568,10.8566],[106.7573,10.8576],[106.7585,10.8581],[106.7604,10.8601],[106.7609,10.861],[106.7641,10.8571],[106.765,10.8568],[106.7661,10.8565],[106.7671,10.8554],[106.769,10.8544],[106.7717,10.854],[106.7729,10.8545],[106.7744,10.8518],[106.7734,10.8495],[106.774,10.8491],[106.7718,10.8458],[106.7691,10.841]]]},"properties":{"code":"26824","name":"Phường Thủ Đức"}},{"type":"Feature","geometry":{"type":"Polygon","coordinates":[[[106.6513,10.9422],[106.6523,10.9421],[106.6533,10.9408],[106.6542,10.9402],[106.6561,10.9404],[106.6562,10.9404],[106.6573,10.9398],[106.6581,10.9401],[106.6582,10.9402],[106.659,10.9426],[106.6602,10.9443],[106.661,10.9462],[106.6634,10.9468],[106.6643,10.9457],[106.6643,10.9456],[106.6649,10.9438],[106.6655,10.9435],[106.6662,10.9444],[106.667,10.9433],[106.6683,10.944],[106.6701,10.9469],[106.6686,10.9481],[106.6679,10.9497],[106.6663,10.9508],[106.666,10.9516],[106.6683,10.9521],[106.67,10.9533],[106.6691,10.9544],[106.6699,10.9551],[106.6723,10.9564],[106.672,10.9572],[106.6731,10.9578],[106.6728,10.9585],[106.6763,10.9595],[106.6782,10.9607],[106.68,10.9615],[106.6817,10.9573],[106.6857,10.9601],[106.6859,10.9604],[106.686,10.9606],[106.6865,10.9612],[106.6866,10.9613],[106.689,10.9632],[106.6893,10.9636],[106.6966,10.9601],[106.6992,10.9581],[106.7017,10.9557],[106.6999,10.954],[106.7007,10.9529],[106.6999,10.9515],[106.7024,10.9516],[106.704,10.9514],[106.7061,10.9506],[106.7067,10.9493],[106.7073,10.947],[106.7062,10.9468],[106.7065,10.9445],[106.706,10.9413],[106.7041,10.9395],[106.7029,10.937],[106.7022,10.9369],[106.6983,10.9386],[106.6951,10.9394],[106.694,10.9382],[106.6922,10.9392],[106.6905,10.9376],[106.6893,10.9367],[106.6889,10.9352],[106.688,10.9337],[106.6857,10.932],[106.6844,10.9305],[106.6837,10.929],[106.6821,10.93],[106.6817,10.9285],[106.6817,10.927],[106.6804,10.9259],[106.6804,10.9247],[106.6808,10.9234],[106.6797,10.9236],[106.6756,10.9227],[106.6698,10.9208],[106.6681,10.9208],[106.6648,10.9218],[106.6623,10.9229],[106.6574,10.9258],[106.6538,10.9286],[106.6522,10.9303],[106.6513,10.9317],[106.6504,10.9338],[106.65,10.9363],[106.65,10.9381],[106.6513,10.9422]]]},"properties":{"code":"25978","name":"Phường Thuận An"}},{"type":"Feature","geometry":{"type":"Polygon","coordinates":[[[106.6893,10.9636],[106.6901,10.9648],[106.6916,10.9657],[106.6946,10.9668],[106.6991,10.9694],[106.7003,10.9708],[106.7007,10.9707],[106.7018,10.9724],[106.7019,10.9733],[106.7011,10.9742],[106.7009,10.9759],[106.7013,10.978],[106.7008,10.9793],[106.7,10.9802],[106.6987,10.983],[106.6982,10.9859],[106.6968,10.9872],[106.6965,10.989],[106.6971,10.99],[106.706,10.9956],[106.7072,10.9967],[106.7086,10.9973],[106.7075,10.9938],[106.7077,10.9917],[106.7094,10.992],[106.7107,10.9917],[106.7113,10.9927],[106.7127,10.994],[106.7148,10.9951],[106.7156,10.9943],[106.7177,10.994],[106.7179,10.9932],[106.719,10.9932],[106.7189,10.9919],[106.7203,10.9918],[106.7211,10.9912],[106.7216,10.9903],[106.7229,10.99],[106.7222,10.984],[106.7168,10.9747],[106.7161,10.9738],[106.7184,10.9724],[106.7191,10.9717],[106.7204,10.9716],[106.7224,10.971],[106.7252,10.9704],[106.7274,10.967],[106.7265,10.9669],[106.7251,10.9645],[106.7263,10.9608],[106.7257,10.957],[106.7262,10.9532],[106.7262,10.9516],[106.7268,10.9461],[106.7247,10.9446],[106.7235,10.9424],[106.7235,10.9398],[106.725,10.9398],[106.7235,10.9351],[106.7188,10.9351],[106.719,10.9311],[106.7156,10.931],[106.7158,10.93],[106.7139,10.9297],[106.7142,10.9284],[106.7118,10.9281],[106.7108,10.9322],[106.7096,10.9327],[106.7082,10.9327],[106.7081,10.9346],[106.7078,10.9348],[106.7062,10.9329],[106.7053,10.9332],[106.7055,10.9341],[106.7042,10.9357],[106.7035,10.9355],[106.7029,10.937],[106.7041,10.9395],[106.706,10.9413],[106.7065,10.9445],[106.7062,10.9468],[106.7073,10.947],[106.7067,10.9493],[106.7061,10.9506],[106.704,10.9514],[106.7024,10.9516],[106.6999,10.9515],[106.7007,10.9529],[106.6999,10.954],[106.7017,10.9557],[106.6992,10.9581],[106.6966,10.9601],[106.6893,10.9636]]]},"properties":{"code":"25969","name":"Phường Thuận Giao"}},{"type":"Feature","geometry":{"type":"Polygon","coordinates":[[[106.837,11.0456],[106.8388,11.0462],[106.8402,11.0471],[106.8417,11.0477],[106.8429,11.0472],[106.8436,11.0481],[106.8461,11.0493],[106.8484,11.0507],[106.8506,11.0498],[106.8512,11.0503],[106.8495,11.0524],[106.8507,11.0534],[106.854,11.0582],[106.8618,11.062],[106.8679,11.075],[106.8665,11.0779],[106.8757,11.0933],[106.8761,11.0934],[106.8766,11.0955],[106.8799,11.0956],[106.8801,11.1018],[106.8817,11.1063],[106.8833,11.1098],[106.8846,11.1121],[106.8859,11.115],[106.8869,11.1169],[106.8876,11.1177],[106.8935,11.1206],[106.8956,11.1213],[106.9018,11.124],[106.9036,11.125],[106.9057,11.1265],[106.9072,11.1281],[106.9063,11.1294],[106.9054,11.1301],[106.9044,11.132],[106.9028,11.1329],[106.9028,11.1342],[106.9021,11.1346],[106.902,11.1357],[106.9009,11.1364],[106.9011,11.1375],[106.9004,11.1384],[106.8997,11.1399],[106.8986,11.1414],[106.8972,11.1445],[106.8961,11.1451],[106.8972,11.1473],[106.8985,11.1475],[106.9038,11.1507],[106.9041,11.1512],[106.9064,11.1579],[106.9079,11.1619],[106.909,11.1672],[106.9152,11.166],[106.9162,11.1688],[106.9168,11.1714],[106.9174,11.1715],[106.9188,11.174],[106.9185,11.1775],[106.9159,11.1778],[106.9155,11.1782],[106.9159,11.1809],[106.9158,11.182],[106.9164,11.1825],[106.9171,11.1849],[106.9185,11.1857],[106.9187,11.1877],[106.9198,11.1891],[106.9214,11.1888],[106.9223,11.1874],[106.9241,11.1869],[106.9262,11.189],[106.9275,11.1897],[106.9304,11.1898],[106.9323,11.1895],[106.9333,11.189],[106.9354,11.1866],[106.9367,11.184],[106.9376,11.1817],[106.939,11.1797],[106.9401,11.1785],[106.9424,11.1774],[106.9442,11.1776],[106.9452,11.1773],[106.946,11.1762],[106.9456,11.1743],[106.9449,11.1733],[106.9414,11.1697],[106.941,11.1685],[106.9416,11.1673],[106.9452,11.1662],[106.948,11.1661],[106.9498,11.1655],[106.9533,11.1638],[106.9539,11.1632],[106.9557,11.1586],[106.9554,11.1554],[106.9555,11.1535],[106.9562,11.1524],[106.9582,11.1514],[106.9642,11.1499],[106.9655,11.1488],[106.9667,11.1451],[106.9662,11.1434],[106.9646,11.1425],[106.9627,11.1423],[106.9553,11.1421],[106.9544,11.1414],[106.954,11.1406],[106.9542,11.1385],[106.9561,11.1372],[106.9569,11.1362],[106.9569,11.1341],[106.9563,11.1329],[106.954,11.1309],[106.9533,11.1299],[106.9534,11.1289],[106.9555,11.1265],[106.9564,11.124],[106.9583,11.1203],[106.9599,11.1185],[106.9624,11.117],[106.9633,11.115],[106.9654,11.1117],[106.9658,11.1097],[106.9656,11.1081],[106.9629,11.1076],[106.9603,11.108],[106.9587,11.1078],[106.9574,11.1067],[106.9573,11.1056],[106.9578,11.1046],[106.9591,11.1031],[106.9596,11.1016],[106.9595,11.1005],[106.9586,11.0995],[106.9566,11.0987],[106.9544,11.0983],[106.9525,11.0973],[106.9506,11.0937],[106.9496,11.0924],[106.9479,11.0907],[106.9469,11.0891],[106.9467,11.088],[106.9472,11.0851],[106.9471,11.084],[106.9455,11.081],[106.945,11.0794],[106.9453,11.0772],[106.9465,11.0761],[106.9499,11.0746],[106.9522,11.073],[106.9525,11.0714],[106.9522,11.0704],[106.9501,11.0685],[106.9488,11.0666],[106.9484,11.0647],[106.9485,11.0619],[106.9482,11.0605],[106.9476,11.0592],[106.9466,11.058],[106.9451,11.0571],[106.9428,11.0567],[106.9416,11.0569],[106.94,11.0582],[106.9379,11.0623],[106.936,11.0642],[106.9334,11.0648],[106.9319,11.0644],[106.9299,11.0625],[106.9288,11.0605],[106.9274,11.059],[106.9229,11.0566],[106.922,11.0553],[106.9222,11.0537],[106.9232,11.0506],[106.9233,11.0489],[106.9228,11.0471],[106.9213,11.0459],[106.9145,11.043],[106.9127,11.0413],[106.912,11.0394],[106.9118,11.038],[106.9114,11.0281],[106.9107,11.0253],[106.9097,11.0236],[106.9075,11.022],[106.9058,11.022],[106.9028,11.0236],[106.8998,11.0262],[106.898,11.0272],[106.8951,11.0278],[106.8925,11.0275],[106.8881,11.0261],[106.8849,11.0247],[106.8794,11.0219],[106.8762,11.0205],[106.8734,11.0199],[106.8714,11.0203],[106.8691,11.0216],[106.8675,11.0229],[106.8658,11.0247],[106.8617,11.0295],[106.8596,11.0317],[106.8567,11.0334],[106.855,11.0338],[106.8518,11.0342],[106.8477,11.0353],[106.8464,11.0358],[106.8429,11.0376],[106.8407,11.0391],[106.8386,11.0413],[106.8377,11.0433],[106.837,11.0456]]]},"properties":{"code":"25909","name":"Xã Thường Tân"}},{"type":"Feature","geometry":{"type":"Polygon","coordinates":[[[106.5864,11.3141],[106.5864,11.3097],[106.5865,11.3052],[106.5862,11.2946],[106.5863,11.2939],[106.5837,11.2935],[106.5836,11.2935],[106.5812,11.2934],[106.5801,11.2939],[106.5766,11.2948],[106.5754,11.2941],[106.5743,11.294],[106.5733,11.2932],[106.5705,11.2929],[106.5685,11.2922],[106.5674,11.2924],[106.5665,11.2925],[106.5642,11.2935],[106.5621,11.2947],[106.5619,11.2954],[106.5609,11.296],[106.5599,11.2975],[106.5589,11.2981],[106.5562,11.3004],[106.5535,11.302],[106.5527,11.3029],[106.5527,11.3036],[106.551,11.3062],[106.549,11.3075],[106.5489,11.3086],[106.5478,11.3088],[106.5475,11.3097],[106.5463,11.31],[106.5453,11.311],[106.5441,11.311],[106.5431,11.3119],[106.5411,11.3127],[106.5396,11.3141],[106.5371,11.3156],[106.5367,11.3164],[106.5374,11.3174],[106.5375,11.3183],[106.5386,11.3203],[106.5392,11.3206],[106.5399,11.3219],[106.5409,11.3228],[106.5422,11.323],[106.5437,11.3238],[106.5442,11.3249],[106.5471,11.3265],[106.5476,11.3277],[106.5491,11.3287],[106.5495,11.3294],[106.5488,11.3322],[106.5474,11.3321],[106.5465,11.3356],[106.543,11.3351],[106.5381,11.3525],[106.5319,11.374],[106.5307,11.3787],[106.5298,11.3809],[106.5295,11.3836],[106.53,11.3841],[106.5316,11.3841],[106.5326,11.3845],[106.5331,11.3857],[106.5355,11.3853],[106.5371,11.3871],[106.5384,11.3873],[106.5391,11.3879],[106.541,11.3872],[106.5428,11.3851],[106.5439,11.3851],[106.5451,11.3838],[106.5468,11.3829],[106.547,11.3819],[106.5487,11.3802],[106.5502,11.3779],[106.5509,11.3758],[106.5531,11.3731],[106.5544,11.373],[106.5556,11.3716],[106.5577,11.3708],[106.5591,11.371],[106.563,11.37],[106.563,11.3707],[106.5663,11.3714],[106.5683,11.3725],[106.5686,11.373],[106.5702,11.3734],[106.5723,11.3759],[106.5732,11.3766],[106.5748,11.3772],[106.5761,11.3785],[106.5776,11.3791],[106.5796,11.3792],[106.5809,11.38],[106.5847,11.38],[106.5884,11.3817],[106.5904,11.3814],[106.5921,11.3807],[106.5931,11.3819],[106.5972,11.3852],[106.5991,11.3863],[106.6039,11.3868],[106.6132,11.3874],[106.613,11.381],[106.6133,11.3764],[106.6161,11.3632],[106.6181,11.3621],[106.6202,11.3619],[106.622,11.3623],[106.6256,11.3601],[106.6268,11.3597],[106.6284,11.3598],[106.6294,11.3593],[106.6311,11.3595],[106.6326,11.3588],[106.6344,11.3593],[106.6369,11.3598],[106.6385,11.3595],[106.64,11.3597],[106.6425,11.3596],[106.6441,11.3601],[106.6453,11.3595],[106.647,11.359],[106.6486,11.3592],[106.6495,11.3598],[106.6502,11.3592],[106.6519,11.3594],[106.6534,11.3587],[106.6539,11.3589],[106.6556,11.3568],[106.6575,11.3574],[106.659,11.3559],[106.6575,11.3547],[106.6568,11.3538],[106.6554,11.3525],[106.653,11.3489],[106.6513,11.3476],[106.6505,11.3475],[106.6484,11.3458],[106.6476,11.3443],[106.6444,11.3416],[106.6437,11.3414],[106.6457,11.3381],[106.6455,11.3335],[106.6462,11.3316],[106.6463,11.3303],[106.6464,11.3302],[106.6434,11.3287],[106.6416,11.3275],[106.6391,11.3281],[106.6257,11.3317],[106.623,11.3326],[106.6204,11.3322],[106.6176,11.3313],[106.6135,11.3285],[106.611,11.3262],[106.6101,11.326],[106.6082,11.3276],[106.6041,11.3315],[106.6029,11.3324],[106.5965,11.3315],[106.5951,11.3315],[106.5932,11.3335],[106.5909,11.3342],[106.5888,11.334],[106.5868,11.3333],[106.5868,11.3275],[106.5849,11.3268],[106.5843,11.3249],[106.5848,11.3233],[106.5863,11.3228],[106.5864,11.3141]]]},"properties":{"code":"25819","name":"Xã Trừ Văn Thố"}},{"type":"Feature","geometry":{"type":"Polygon","coordinates":[[[106.6153,10.8427],[106.6072,10.8553],[106.6109,10.8609],[106.6155,10.8674],[106.6149,10.8703],[106.6194,10.8712],[106.6248,10.8772],[106.6256,10.8768],[106.6268,10.8752],[106.6305,10.8742],[106.6331,10.8726],[106.6351,10.8716],[106.6368,10.8704],[106.6342,10.865],[106.6318,10.861],[106.6309,10.8601],[106.6319,10.8597],[106.6328,10.8588],[106.6373,10.8561],[106.6376,10.8556],[106.6317,10.8524],[106.6285,10.8508],[106.621,10.8473],[106.6183,10.8453],[106.6153,10.8427]]]},"properties":{"code":"26785","name":"Phường Trung Mỹ Tây"}},{"type":"Feature","geometry":{"type":"Polygon","coordinates":[[[106.7051,10.7524],[106.7031,10.7523],[106.6927,10.7524],[106.6903,10.752],[106.6866,10.7519],[106.687,10.7533],[106.6895,10.7558],[106.6924,10.7581],[106.6953,10.7599],[106.6969,10.7617],[106.7012,10.7561],[106.7061,10.7562],[106.7051,10.7524]]]},"properties":{"code":"27286","name":"Phường Vĩnh Hội"}},{"type":"Feature","geometry":{"type":"Polygon","coordinates":[[[106.6827,10.7758],[106.6848,10.7729],[106.6868,10.775],[106.6894,10.7736],[106.6845,10.7684],[106.6817,10.7654],[106.6744,10.7677],[106.6758,10.7696],[106.6775,10.7715],[106.6827,10.7758]]]},"properties":{"code":"27154","name":"Phường Bàn Cờ"}},{"type":"Feature","geometry":{"type":"Polygon","coordinates":[[[106.5349,10.8719],[106.5327,10.8631],[106.5287,10.8475],[106.5448,10.8431],[106.5452,10.8448],[106.556,10.8431],[106.5574,10.8434],[106.5578,10.8442],[106.5587,10.8439],[106.5596,10.8444],[106.5624,10.8447],[106.5626,10.8429],[106.5632,10.8414],[106.5646,10.8408],[106.5661,10.8411],[106.5693,10.8428],[106.5727,10.8426],[106.5758,10.8426],[106.5765,10.84],[106.5765,10.8384],[106.5782,10.8372],[106.579,10.8355],[106.5809,10.8341],[106.5822,10.8327],[106.5843,10.8326],[106.5862,10.8331],[106.5905,10.832],[106.5921,10.8306],[106.5929,10.8295],[106.5952,10.8298],[106.5936,10.8275],[106.5904,10.8234],[106.5849,10.8182],[106.5818,10.8156],[106.5794,10.8137],[106.5761,10.8115],[106.5665,10.8055],[106.5652,10.8047],[106.5631,10.802],[106.5616,10.8026],[106.5598,10.8028],[106.5597,10.804],[106.5566,10.804],[106.5565,10.8034],[106.5531,10.8033],[106.553,10.8039],[106.5511,10.8035],[106.5467,10.8032],[106.5421,10.8025],[106.5403,10.8026],[106.5414,10.8066],[106.5327,10.8088],[106.5276,10.81],[106.5269,10.8125],[106.5263,10.8156],[106.5263,10.8182],[106.5266,10.8198],[106.5291,10.8283],[106.5241,10.8296],[106.5249,10.8326],[106.5158,10.8349],[106.5171,10.8401],[106.5188,10.8467],[106.5201,10.8522],[106.5222,10.8598],[106.5224,10.8609],[106.5248,10.87],[106.5259,10.8736],[106.5349,10.8719]]]},"properties":{"code":"27601","name":"Xã Vĩnh Lộc"}},{"type":"Feature","geometry":{"type":"Polygon","coordinates":[[[106.7217,11.2028],[106.7247,11.1896],[106.7291,11.1903],[106.7309,11.1898],[106.7322,11.1917],[106.7326,11.194],[106.732,11.1956],[106.7323,11.1973],[106.7337,11.1991],[106.7348,11.1999],[106.7367,11.2002],[106.7385,11.2001],[106.7408,11.2006],[106.7432,11.2005],[106.7454,11.1997],[106.7467,11.2001],[106.7487,11.2016],[106.7487,11.2023],[106.7502,11.204],[106.7508,11.2052],[106.7504,11.2064],[106.7509,11.208],[106.7529,11.2098],[106.7541,11.2101],[106.7581,11.2105],[106.7584,11.2037],[106.7586,11.1908],[106.762,11.1907],[106.7625,11.1904],[106.7616,11.1885],[106.76,11.1889],[106.7573,11.1865],[106.7568,11.1865],[106.7558,11.1851],[106.7547,11.1852],[106.7546,11.1842],[106.7533,11.1818],[106.7498,11.1817],[106.7418,11.1816],[106.7349,11.1813],[106.7345,11.1817],[106.7251,11.1803],[106.7237,11.1764],[106.7219,11.1717],[106.7155,11.1559],[106.7132,11.1504],[106.7125,11.1486],[106.7125,11.1429],[106.7135,11.1383],[106.7138,11.1371],[106.7147,11.1392],[106.7155,11.1396],[106.7162,11.1407],[106.719,11.1418],[106.7197,11.141],[106.7191,11.1401],[106.72,11.1391],[106.7228,11.1388],[106.7241,11.1368],[106.7275,11.1384],[106.7276,11.1368],[106.728,11.136],[106.7324,11.1364],[106.7327,11.1335],[106.7356,11.1347],[106.7357,11.1328],[106.7369,11.132],[106.7372,11.1307],[106.7371,11.1284],[106.7356,11.1287],[106.7356,11.1268],[106.7362,11.126],[106.7366,11.1248],[106.7359,11.1246],[106.7358,11.1233],[106.7347,11.1234],[106.7339,11.1207],[106.7376,11.1203],[106.7377,11.1194],[106.7362,11.1183],[106.7355,11.1183],[106.7354,11.1169],[106.7367,11.1154],[106.7381,11.115],[106.7379,11.1135],[106.7373,11.1117],[106.7373,11.1093],[106.7378,11.1087],[106.737,11.1073],[106.7346,11.105],[106.7329,11.1043],[106.7316,11.1027],[106.731,11.1027],[106.7302,11.1019],[106.7292,11.1014],[106.7281,11.0995],[106.7269,11.0985],[106.7265,11.0958],[106.726,11.0945],[106.7264,11.0928],[106.7276,11.0892],[106.7284,11.0885],[106.7287,11.0865],[106.7281,11.0854],[106.7279,11.0835],[106.7273,11.0822],[106.7274,11.081],[106.7284,11.0797],[106.7282,11.0778],[106.7266,11.0752],[106.7243,11.0736],[106.7243,11.073],[106.7231,11.0715],[106.7225,11.0712],[106.7217,11.0698],[106.7208,11.0669],[106.7215,11.0654],[106.7182,11.0682],[106.7182,11.0691],[106.7175,11.07],[106.7169,11.0724],[106.7161,11.0731],[106.716,11.074],[106.7153,11.0751],[106.7151,11.0769],[106.7138,11.0781],[106.714,11.0788],[106.7137,11.08],[106.7123,11.0808],[106.712,11.0819],[106.7112,11.0823],[106.711,11.0831],[106.7101,11.0846],[106.709,11.0853],[106.7086,11.0861],[106.7068,11.0881],[106.7055,11.0883],[106.7043,11.0898],[106.702,11.0911],[106.7008,11.0923],[106.6994,11.0951],[106.6957,11.1005],[106.6947,11.1014],[106.6937,11.1015],[106.6929,11.1027],[106.6936,11.1035],[106.693,11.1048],[106.6935,11.1061],[106.6925,11.1071],[106.6927,11.1098],[106.693,11.1113],[106.6942,11.1139],[106.6935,11.1153],[106.6937,11.1172],[106.6935,11.1185],[106.6927,11.12],[106.6923,11.1224],[106.6917,11.1237],[106.6904,11.1243],[106.6904,11.1259],[106.6885,11.1287],[106.687,11.1322],[106.6865,11.1323],[106.6858,11.1338],[106.6857,11.1357],[106.6845,11.1378],[106.6847,11.1393],[106.6838,11.1398],[106.6832,11.1418],[106.684,11.143],[106.6833,11.1444],[106.6837,11.1487],[106.6835,11.1505],[106.6825,11.1522],[106.6826,11.1535],[106.682,11.1552],[106.6801,11.1553],[106.6804,11.1576],[106.679,11.1578],[106.6803,11.1621],[106.6793,11.162],[106.6815,11.1698],[106.6818,11.1718],[106.6834,11.1776],[106.6832,11.1803],[106.6836,11.1826],[106.6847,11.1832],[106.687,11.1856],[106.6887,11.1875],[106.6908,11.1908],[106.6921,11.1919],[106.6939,11.1927],[106.6954,11.1937],[106.6961,11.1945],[106.6956,11.1954],[106.6968,11.1967],[106.6976,11.197],[106.6993,11.1967],[106.7011,11.1981],[106.7036,11.2005],[106.705,11.201],[106.7067,11.201],[106.7077,11.2018],[106.709,11.2014],[106.7217,11.2028]]]},"properties":{"code":"25912","name":"Phường Vĩnh Tân"}},{"type":"Feature","geometry":{"type":"Polygon","coordinates":[[[107.0777,10.3846],[107.0796,10.3837],[107.082,10.383],[107.0802,10.3813],[107.0806,10.3801],[107.0816,10.3788],[107.0803,10.3773],[107.0799,10.3762],[107.0814,10.3753],[107.0819,10.374],[107.0843,10.3691],[107.0834,10.3686],[107.0803,10.37],[107.0767,10.3702],[107.0755,10.3619],[107.0928,10.349],[107.0945,10.3499],[107.0984,10.3508],[107.0992,10.3506],[107.1013,10.3495],[107.0992,10.3477],[107.0987,10.3463],[107.0971,10.3443],[107.0958,10.3419],[107.0952,10.3417],[107.0932,10.3385],[107.0913,10.3349],[107.0907,10.3343],[107.0897,10.3321],[107.0879,10.327],[107.0865,10.3237],[107.0852,10.3227],[107.0841,10.3224],[107.0839,10.3209],[107.0832,10.3207],[107.0831,10.3221],[107.0834,10.3232],[107.0826,10.3245],[107.0813,10.3256],[107.0806,10.3268],[107.0807,10.3274],[107.0768,10.3296],[107.076,10.3303],[107.0749,10.3305],[107.0736,10.3311],[107.0724,10.3329],[107.0715,10.3347],[107.0713,10.3363],[107.0714,10.3394],[107.0739,10.3417],[107.0742,10.3425],[107.074,10.3444],[107.0735,10.3459],[107.0725,10.3474],[107.0698,10.3494],[107.0666,10.3506],[107.0659,10.3506],[107.0654,10.352],[107.0633,10.3533],[107.0621,10.3538],[107.0608,10.3556],[107.0599,10.3576],[107.0602,10.361],[107.061,10.3621],[107.0615,10.3639],[107.0624,10.3657],[107.0625,10.3676],[107.0621,10.3683],[107.0596,10.3703],[107.0579,10.3714],[107.0554,10.3741],[107.0556,10.3762],[107.0553,10.3778],[107.0549,10.3779],[107.0554,10.3812],[107.0564,10.3824],[107.0571,10.3847],[107.0583,10.3864],[107.0592,10.387],[107.0605,10.3872],[107.0634,10.3868],[107.0649,10.3847],[107.0663,10.3837],[107.0682,10.381],[107.072,10.3828],[107.0725,10.3832],[107.0735,10.3824],[107.0761,10.3837],[107.0771,10.383],[107.0781,10.3837],[107.0777,10.3846]]]},"properties":{"code":"26506","name":"Phường Vũng Tàu"}},{"type":"Feature","geometry":{"type":"Polygon","coordinates":[[[106.6827,10.7758],[106.6775,10.7715],[106.6758,10.7696],[106.6744,10.7677],[106.6817,10.7654],[106.6812,10.7653],[106.675,10.7613],[106.6747,10.7611],[106.6689,10.7599],[106.6671,10.7677],[106.6734,10.7711],[106.6796,10.7749],[106.6811,10.7774],[106.6817,10.7778],[106.6827,10.7758]]]},"properties":{"code":"27190","name":"Phường Vườn Lài"}},{"type":"Feature","geometry":{"type":"Polygon","coordinates":[[[106.7012,10.7653],[106.7031,10.7676],[106.7053,10.7689],[106.7085,10.7695],[106.7101,10.7661],[106.7116,10.7645],[106.7131,10.7633],[106.7169,10.7613],[106.7215,10.7594],[106.7221,10.7593],[106.7211,10.7566],[106.7202,10.755],[106.7183,10.7531],[106.7158,10.7525],[106.7099,10.7524],[106.7102,10.7546],[106.7092,10.7555],[106.7111,10.7588],[106.7047,10.7627],[106.7022,10.7644],[106.7012,10.7653]]]},"properties":{"code":"27259","name":"Phường Xóm Chiếu"}},{"type":"Feature","geometry":{"type":"Polygon","coordinates":[[[106.6816,10.7911],[106.682,10.7916],[106.6832,10.7923],[106.6855,10.7922],[106.6861,10.7925],[106.6948,10.7856],[106.6981,10.7829],[106.695,10.7796],[106.6894,10.7736],[106.6868,10.775],[106.6848,10.7729],[106.6827,10.7758],[106.6817,10.7778],[106.6817,10.7783],[106.6845,10.7844],[106.6813,10.7859],[106.6832,10.7868],[106.6835,10.7879],[106.6832,10.7885],[106.6815,10.7891],[106.6816,10.7911]]]},"properties":{"code":"27139","name":"Phường Xuân Hòa"}},{"type":"Feature","geometry":{"type":"Polygon","coordinates":[[[107.3559,10.6719],[107.3645,10.6565],[107.3685,10.6538],[107.3668,10.6496],[107.3666,10.6486],[107.3645,10.6463],[107.3655,10.6437],[107.3656,10.6425],[107.3661,10.6413],[107.3657,10.6401],[107.3638,10.6383],[107.3624,10.6385],[107.3616,10.6381],[107.3607,10.6366],[107.3586,10.6353],[107.3573,10.6337],[107.356,10.6308],[107.3561,10.6296],[107.3568,10.6289],[107.3566,10.6252],[107.3551,10.6234],[107.3538,10.6235],[107.3531,10.6221],[107.356,10.6197],[107.3574,10.6173],[107.3581,10.6146],[107.3576,10.6129],[107.3561,10.612],[107.3549,10.6131],[107.3533,10.6137],[107.3525,10.6111],[107.3519,10.6101],[107.3518,10.6082],[107.3512,10.6065],[107.3535,10.6061],[107.3552,10.605],[107.3568,10.6025],[107.357,10.6013],[107.3598,10.6008],[107.359,10.5984],[107.3615,10.5983],[107.3623,10.5986],[107.3635,10.5979],[107.3645,10.5963],[107.365,10.5945],[107.3675,10.5923],[107.3651,10.5926],[107.3646,10.5919],[107.363,10.5897],[107.3635,10.5883],[107.3621,10.5872],[107.362,10.5856],[107.3624,10.5847],[107.3623,10.5826],[107.3616,10.5825],[107.3589,10.5808],[107.3575,10.5805],[107.357,10.579],[107.3562,10.5804],[107.3554,10.5802],[107.3556,10.5789],[107.3547,10.5777],[107.3553,10.5768],[107.3538,10.5758],[107.3551,10.5754],[107.3555,10.5748],[107.3526,10.5745],[107.3523,10.5742],[107.3523,10.5726],[107.3527,10.572],[107.3518,10.5711],[107.3502,10.5707],[107.3502,10.5693],[107.3482,10.5696],[107.3486,10.5684],[107.3477,10.5676],[107.3477,10.5669],[107.347,10.5675],[107.3452,10.568],[107.3426,10.5681],[107.3406,10.5671],[107.3386,10.5676],[107.3379,10.5668],[107.3379,10.5659],[107.335,10.5642],[107.3336,10.5629],[107.3337,10.5619],[107.3327,10.5613],[107.3303,10.5608],[107.3296,10.5619],[107.3281,10.5617],[107.3267,10.5631],[107.3255,10.5617],[107.3252,10.5603],[107.3242,10.5607],[107.3223,10.5598],[107.322,10.5588],[107.323,10.5584],[107.3225,10.5576],[107.3208,10.5572],[107.3194,10.5574],[107.319,10.5569],[107.3169,10.557],[107.3153,10.5563],[107.3145,10.5572],[107.3132,10.5577],[107.3122,10.5586],[107.312,10.5597],[107.3098,10.5606],[107.3069,10.5623],[107.3067,10.5629],[107.3052,10.563],[107.3045,10.5635],[107.3038,10.5661],[107.3038,10.5673],[107.3044,10.569],[107.304,10.5705],[107.3044,10.5726],[107.3054,10.5727],[107.3055,10.5743],[107.3062,10.5755],[107.3044,10.5776],[107.3049,10.5785],[107.3041,10.579],[107.3032,10.5806],[107.301,10.5813],[107.3003,10.582],[107.3002,10.5837],[107.2986,10.5844],[107.2983,10.5849],[107.2967,10.586],[107.2955,10.5877],[107.2956,10.5887],[107.2982,10.5875],[107.2981,10.5948],[107.2984,10.5982],[107.3001,10.5981],[107.3006,10.5987],[107.3038,10.5993],[107.304,10.6006],[107.305,10.6008],[107.3055,10.6028],[107.307,10.6028],[107.307,10.6039],[107.3082,10.6051],[107.3095,10.605],[107.3099,10.6071],[107.3098,10.6085],[107.3087,10.6108],[107.3086,10.6122],[107.3076,10.6127],[107.3061,10.6125],[107.3049,10.6132],[107.305,10.616],[107.3072,10.6179],[107.3058,10.6183],[107.3043,10.6208],[107.3043,10.6217],[107.3032,10.624],[107.3032,10.6252],[107.3024,10.6256],[107.3009,10.6279],[107.3003,10.6298],[107.2988,10.6318],[107.2975,10.6321],[107.297,10.6329],[107.297,10.634],[107.2976,10.6355],[107.2974,10.637],[107.2961,10.6379],[107.2958,10.6392],[107.2974,10.6392],[107.2995,10.6398],[107.2993,10.6442],[107.306,10.6433],[107.3059,10.6447],[107.3044,10.6491],[107.3031,10.6517],[107.302,10.6546],[107.302,10.6557],[107.3035,10.6565],[107.3038,10.6582],[107.3058,10.658],[107.306,10.6571],[107.3071,10.6563],[107.3094,10.6576],[107.31,10.6594],[107.3108,10.6596],[107.3134,10.6617],[107.3142,10.663],[107.3144,10.6643],[107.3162,10.6662],[107.3183,10.6667],[107.3198,10.6664],[107.321,10.6691],[107.322,10.6701],[107.3228,10.6706],[107.3229,10.672],[107.324,10.6731],[107.3269,10.6743],[107.3282,10.6764],[107.3296,10.6765],[107.3309,10.6762],[107.3317,10.6774],[107.3383,10.6779],[107.3416,10.6767],[107.3442,10.6754],[107.3486,10.6768],[107.3522,10.6785],[107.3559,10.6719]]]},"properties":{"code":"26584","name":"Xã Xuân Sơn"}},{"type":"Feature","geometry":{"type":"Polygon","coordinates":[[[106.6013,10.8638],[106.6062,10.8569],[106.6042,10.8555],[106.6016,10.8565],[106.6018,10.8575],[106.598,10.8581],[106.5969,10.861],[106.5961,10.8608],[106.5952,10.8626],[106.5943,10.8621],[106.5921,10.8616],[106.5895,10.8602],[106.589,10.8592],[106.5875,10.8587],[106.5835,10.8577],[106.581,10.8576],[106.5784,10.859],[106.5774,10.8598],[106.5772,10.8611],[106.5767,10.8612],[106.577,10.8654],[106.5758,10.8659],[106.5756,10.8671],[106.5745,10.8677],[106.5718,10.8699],[106.5691,10.8713],[106.567,10.8718],[106.5661,10.8715],[106.5579,10.8683],[106.5486,10.8697],[106.5411,10.8707],[106.5349,10.8719],[106.5259,10.8736],[106.5266,10.8773],[106.5282,10.8824],[106.5316,10.8957],[106.5328,10.8997],[106.5326,10.9013],[106.5314,10.9027],[106.5258,10.9055],[106.5249,10.9062],[106.518,10.9096],[106.5058,10.9159],[106.5036,10.9166],[106.4968,10.92],[106.4956,10.9209],[106.5088,10.9195],[106.5197,10.9181],[106.5369,10.916],[106.5387,10.916],[106.5469,10.9163],[106.561,10.9171],[106.563,10.9182],[106.5689,10.9098],[106.5756,10.9003],[106.5767,10.8998],[106.5889,10.8923],[106.587,10.891],[106.5862,10.889],[106.5851,10.889],[106.5839,10.8885],[106.5909,10.8784],[106.6013,10.8638]]]},"properties":{"code":"27577","name":"Xã Xuân Thới Sơn"}},{"type":"Feature","geometry":{"type":"Polygon","coordinates":[[[107.5003,10.6066],[107.5013,10.6059],[107.5019,10.6046],[107.5025,10.6044],[107.5033,10.6025],[107.5045,10.6005],[107.5043,10.5997],[107.5048,10.5986],[107.5039,10.5981],[107.5037,10.5967],[107.5029,10.596],[107.5029,10.5953],[107.5043,10.5944],[107.5047,10.5929],[107.5062,10.5903],[107.507,10.5902],[107.5088,10.5886],[107.5093,10.5874],[107.5099,10.5871],[107.511,10.5856],[107.5107,10.5851],[107.5108,10.5832],[107.5116,10.5825],[107.5118,10.5805],[107.5109,10.5787],[107.5109,10.5776],[107.5116,10.577],[107.5116,10.5735],[107.5112,10.5732],[107.5114,10.5713],[107.5118,10.5707],[107.5117,10.5693],[107.5124,10.5691],[107.5129,10.5675],[107.5126,10.5669],[107.5143,10.5652],[107.5146,10.5644],[107.516,10.5642],[107.5175,10.5626],[107.5186,10.56],[107.5175,10.5586],[107.5156,10.5573],[107.512,10.5559],[107.5097,10.5546],[107.5088,10.5534],[107.5084,10.5509],[107.5094,10.548],[107.5098,10.5426],[107.5077,10.5026],[107.5077,10.5008],[107.5073,10.5011],[107.5035,10.5002],[107.5025,10.4996],[107.5004,10.4996],[107.4986,10.5003],[107.498,10.5009],[107.4966,10.5007],[107.494,10.4995],[107.491,10.4984],[107.4896,10.4981],[107.4872,10.4971],[107.4837,10.4966],[107.4798,10.4982],[107.476,10.499],[107.4746,10.4987],[107.4733,10.4987],[107.4707,10.4983],[107.4693,10.4978],[107.4667,10.4962],[107.4634,10.493],[107.4608,10.4893],[107.4563,10.4936],[107.4509,10.499],[107.4393,10.5107],[107.4353,10.5145],[107.4312,10.5181],[107.427,10.5219],[107.4236,10.5249],[107.4233,10.5257],[107.4233,10.5272],[107.4239,10.5286],[107.4235,10.5298],[107.424,10.5315],[107.4234,10.5337],[107.4217,10.536],[107.4192,10.5367],[107.418,10.5374],[107.4174,10.5384],[107.4157,10.5399],[107.4161,10.5413],[107.4155,10.5423],[107.4167,10.5444],[107.4135,10.5465],[107.4093,10.551],[107.4086,10.5521],[107.4086,10.5528],[107.4078,10.5542],[107.408,10.5551],[107.4087,10.5558],[107.4085,10.5568],[107.4091,10.5573],[107.4092,10.5593],[107.4103,10.5609],[107.4104,10.5648],[107.4107,10.566],[107.4101,10.5672],[107.4092,10.5678],[107.4088,10.569],[107.4077,10.5703],[107.4068,10.5708],[107.4046,10.5709],[107.403,10.5718],[107.4031,10.5727],[107.4017,10.5727],[107.4014,10.5771],[107.4029,10.5773],[107.4032,10.5793],[107.4026,10.5802],[107.4032,10.5816],[107.4058,10.5828],[107.4077,10.5847],[107.4097,10.5851],[107.4105,10.588],[107.4113,10.589],[107.4132,10.5892],[107.4152,10.5894],[107.4168,10.5883],[107.4197,10.5876],[107.4203,10.5888],[107.4211,10.5891],[107.4226,10.5888],[107.4243,10.5889],[107.4253,10.5872],[107.4268,10.5879],[107.4284,10.5877],[107.4293,10.5867],[107.4293,10.5858],[107.4301,10.5853],[107.4322,10.5846],[107.4328,10.5835],[107.4337,10.5829],[107.4348,10.5831],[107.4367,10.5839],[107.4372,10.5834],[107.4386,10.5835],[107.4386,10.581],[107.4397,10.5786],[107.4403,10.5784],[107.4444,10.5784],[107.4442,10.5766],[107.4476,10.5766],[107.455,10.5769],[107.4573,10.5771],[107.4649,10.577],[107.4658,10.5773],[107.4669,10.5792],[107.4699,10.5806],[107.4706,10.5816],[107.4725,10.5824],[107.4734,10.5863],[107.4729,10.5887],[107.474,10.5895],[107.4736,10.5913],[107.4745,10.5923],[107.4744,10.5931],[107.4758,10.5941],[107.4756,10.5955],[107.4764,10.5966],[107.4781,10.6],[107.4791,10.6011],[107.4785,10.6016],[107.4775,10.6033],[107.4778,10.6043],[107.477,10.6058],[107.4767,10.6081],[107.4761,10.61],[107.4777,10.6112],[107.4812,10.6112],[107.4837,10.6113],[107.4895,10.6115],[107.4918,10.6112],[107.493,10.613],[107.4941,10.6115],[107.4928,10.6099],[107.4924,10.6087],[107.493,10.6075],[107.4944,10.6068],[107.4948,10.6057],[107.4967,10.605],[107.4985,10.6053],[107.5003,10.6066]]]},"properties":{"code":"26632","name":"Xã Xuyên Mộc"}},{"type":"Feature","geometry":{"type":"Polygon","coordinates":[[[106.5674,11.2924],[106.5685,11.2922],[106.5705,11.2929],[106.5733,11.2932],[106.5743,11.294],[106.5754,11.2941],[106.5766,11.2948],[106.5801,11.2939],[106.5812,11.2934],[106.5836,11.2935],[106.5837,11.2935],[106.5863,11.2939],[106.5862,11.2946],[106.5865,11.3052],[106.5864,11.3097],[106.5864,11.3141],[106.5863,11.3228],[106.5848,11.3233],[106.5843,11.3249],[106.5849,11.3268],[106.5868,11.3275],[106.5868,11.3333],[106.5888,11.334],[106.5909,11.3342],[106.5932,11.3335],[106.5951,11.3315],[106.5965,11.3315],[106.6029,11.3324],[106.6041,11.3315],[106.6082,11.3276],[106.6101,11.326],[106.611,11.3262],[106.6135,11.3285],[106.6176,11.3313],[106.6204,11.3322],[106.623,11.3326],[106.6257,11.3317],[106.6391,11.3281],[106.6416,11.3275],[106.6434,11.3287],[106.6464,11.3302],[106.6465,11.33],[106.6481,11.3283],[106.6493,11.3277],[106.6501,11.326],[106.6517,11.3254],[106.6518,11.3251],[106.6528,11.3238],[106.6541,11.3233],[106.6581,11.319],[106.6611,11.3188],[106.6626,11.3192],[106.6649,11.3174],[106.6658,11.3157],[106.6674,11.3148],[106.6679,11.3141],[106.6685,11.3136],[106.67,11.3132],[106.6707,11.3125],[106.6737,11.3137],[106.6736,11.3143],[106.6757,11.3156],[106.6759,11.3157],[106.6771,11.3155],[106.6775,11.3163],[106.6784,11.3166],[106.6788,11.3148],[106.6835,11.3059],[106.6837,11.3044],[106.6834,11.2917],[106.6828,11.2815],[106.6734,11.2818],[106.6736,11.2865],[106.6688,11.2865],[106.6687,11.282],[106.6648,11.2821],[106.6649,11.2845],[106.6394,11.2838],[106.6399,11.2813],[106.6408,11.2794],[106.6409,11.2785],[106.6404,11.2764],[106.6382,11.2708],[106.6379,11.2692],[106.6381,11.2673],[106.6394,11.2643],[106.6395,11.2627],[106.6403,11.2604],[106.6398,11.26],[106.6419,11.2552],[106.6422,11.2501],[106.6414,11.2476],[106.6416,11.247],[106.6411,11.2451],[106.6411,11.2416],[106.6418,11.2381],[106.6416,11.2334],[106.6411,11.2319],[106.6411,11.2308],[106.6415,11.2296],[106.6415,11.2282],[106.6431,11.2272],[106.6425,11.2249],[106.6415,11.2223],[106.6413,11.2202],[106.6407,11.2187],[106.6392,11.2168],[106.6382,11.2162],[106.6376,11.2152],[106.6352,11.214],[106.631,11.2126],[106.6306,11.2128],[106.6338,11.2227],[106.635,11.2289],[106.6318,11.2295],[106.6316,11.2281],[106.6301,11.2284],[106.6304,11.2298],[106.6243,11.2309],[106.6239,11.2307],[106.6212,11.2311],[106.6204,11.2309],[106.619,11.233],[106.6184,11.2342],[106.6198,11.242],[106.6187,11.2421],[106.6192,11.2449],[106.6199,11.2507],[106.6098,11.249],[106.6069,11.2483],[106.6016,11.2474],[106.5999,11.2472],[106.5927,11.2459],[106.5862,11.2445],[106.5873,11.2459],[106.5897,11.25],[106.5899,11.2515],[106.5896,11.2545],[106.5885,11.2591],[106.5887,11.261],[106.5883,11.2629],[106.5806,11.2619],[106.5765,11.2617],[106.5746,11.266],[106.5736,11.2656],[106.5719,11.2737],[106.5686,11.2906],[106.5674,11.2905],[106.5674,11.2924]]]},"properties":{"code":"25822","name":"Xã Bàu Bàng"}},{"type":"Feature","geometry":{"type":"Polygon","coordinates":[[[107.3559,10.6719],[107.3522,10.6785],[107.3507,10.6843],[107.3529,10.6971],[107.3494,10.7065],[107.3514,10.7105],[107.3564,10.7129],[107.3599,10.7198],[107.3593,10.7218],[107.3601,10.7232],[107.3611,10.7245],[107.3612,10.7261],[107.3608,10.7279],[107.3613,10.7284],[107.3631,10.7293],[107.3644,10.7312],[107.3654,10.7305],[107.3664,10.7308],[107.3682,10.7332],[107.3699,10.7325],[107.3708,10.7313],[107.3716,10.7316],[107.3717,10.7327],[107.3709,10.7342],[107.3717,10.7347],[107.3731,10.7347],[107.3739,10.7352],[107.3747,10.7366],[107.3762,10.7375],[107.3781,10.7406],[107.3782,10.7421],[107.3793,10.7412],[107.3802,10.7424],[107.3795,10.7438],[107.3796,10.7447],[107.3804,10.7463],[107.3805,10.7476],[107.3812,10.7481],[107.3832,10.7479],[107.3828,10.7488],[107.383,10.7511],[107.3854,10.7523],[107.3859,10.7535],[107.3875,10.7546],[107.3886,10.7548],[107.3888,10.7561],[107.39,10.7566],[107.3907,10.7556],[107.3914,10.7554],[107.3928,10.757],[107.3932,10.7585],[107.3927,10.7602],[107.3939,10.7615],[107.3938,10.7624],[107.3944,10.763],[107.3973,10.7631],[107.3991,10.7659],[107.3999,10.7659],[107.4001,10.7679],[107.4009,10.7691],[107.4034,10.7694],[107.4043,10.7706],[107.4067,10.7713],[107.4075,10.7723],[107.4079,10.7737],[107.4104,10.7743],[107.4122,10.7744],[107.413,10.7736],[107.4149,10.7726],[107.415,10.7732],[107.4182,10.7723],[107.4188,10.7718],[107.4202,10.7722],[107.4202,10.7733],[107.4192,10.7741],[107.4194,10.775],[107.4203,10.776],[107.4216,10.7768],[107.4214,10.7782],[107.4222,10.778],[107.4225,10.7793],[107.4235,10.7799],[107.4236,10.7821],[107.4251,10.7831],[107.4255,10.7854],[107.426,10.7857],[107.4264,10.7871],[107.4287,10.7876],[107.4293,10.7888],[107.4308,10.7894],[107.4312,10.79],[107.4326,10.7902],[107.4327,10.7914],[107.4356,10.7927],[107.4358,10.7934],[107.4349,10.794],[107.4362,10.7947],[107.4362,10.7961],[107.4375,10.7976],[107.4375,10.7985],[107.4382,10.8001],[107.4397,10.8001],[107.4404,10.8009],[107.4429,10.8021],[107.4442,10.8037],[107.4444,10.8045],[107.4454,10.8049],[107.4457,10.8041],[107.447,10.8044],[107.4483,10.8039],[107.4491,10.8044],[107.4506,10.8036],[107.4522,10.8039],[107.4532,10.8028],[107.4538,10.8029],[107.4541,10.8016],[107.4549,10.8008],[107.4555,10.7994],[107.4563,10.799],[107.4566,10.7978],[107.4578,10.796],[107.4582,10.7937],[107.4576,10.7913],[107.4632,10.7918],[107.4652,10.7919],[107.4716,10.7938],[107.4729,10.7919],[107.4737,10.7913],[107.4752,10.7878],[107.4746,10.7868],[107.4753,10.7859],[107.4757,10.7846],[107.4769,10.7828],[107.4767,10.7814],[107.4778,10.7799],[107.4784,10.7781],[107.481,10.7752],[107.4836,10.7702],[107.4851,10.7684],[107.4867,10.7686],[107.4908,10.7688],[107.4935,10.7678],[107.4952,10.7681],[107.4958,10.7674],[107.4986,10.7682],[107.4998,10.7693],[107.5007,10.7696],[107.5012,10.7704],[107.5024,10.771],[107.5049,10.7714],[107.4967,10.7608],[107.4859,10.758],[107.4763,10.7563],[107.4767,10.7551],[107.4756,10.7528],[107.4729,10.7514],[107.4719,10.749],[107.4723,10.7475],[107.4722,10.7453],[107.4715,10.7432],[107.4705,10.7418],[107.4697,10.7415],[107.4691,10.7422],[107.4679,10.7415],[107.4667,10.7414],[107.4661,10.7406],[107.4627,10.7408],[107.4622,10.7372],[107.4607,10.7371],[107.4592,10.7354],[107.4587,10.7343],[107.4569,10.7335],[107.4565,10.7322],[107.4554,10.7314],[107.4541,10.7311],[107.453,10.7317],[107.4522,10.7314],[107.4509,10.7315],[107.4495,10.73],[107.4459,10.7302],[107.445,10.7295],[107.4434,10.7294],[107.4448,10.7164],[107.4475,10.693],[107.448,10.6879],[107.4533,10.6876],[107.4537,10.6866],[107.4538,10.6826],[107.4537,10.6783],[107.4507,10.6781],[107.4421,10.678],[107.4336,10.6782],[107.4224,10.6785],[107.4058,10.6787],[107.4059,10.6694],[107.4049,10.6696],[107.3969,10.6695],[107.395,10.6726],[107.391,10.6746],[107.3865,10.6755],[107.386,10.6729],[107.383,10.6732],[107.3807,10.6736],[107.3791,10.6744],[107.3784,10.6759],[107.3774,10.6761],[107.3758,10.6769],[107.3746,10.6768],[107.3727,10.6772],[107.3718,10.6777],[107.3712,10.6761],[107.3677,10.6742],[107.3666,10.6739],[107.3631,10.6735],[107.3591,10.6724],[107.3559,10.6719]]]},"properties":{"code":"26638","name":"Xã Bàu Lâm"}},{"type":"Feature","geometry":{"type":"Polygon","coordinates":[[[106.6416,10.786],[106.6434,10.7867],[106.6428,10.7892],[106.6447,10.7936],[106.6458,10.7969],[106.647,10.7968],[106.6481,10.8089],[106.648,10.8093],[106.6483,10.8094],[106.6533,10.8089],[106.6526,10.8015],[106.6539,10.8014],[106.6537,10.799],[106.6544,10.7981],[106.6542,10.797],[106.6546,10.7965],[106.6518,10.7937],[106.6533,10.7929],[106.6527,10.7916],[106.6525,10.7903],[106.6514,10.7869],[106.6509,10.7841],[106.6501,10.7822],[106.6498,10.7774],[106.648,10.7748],[106.6477,10.7752],[106.6454,10.7783],[106.6433,10.7814],[106.6416,10.786]]]},"properties":{"code":"26983","name":"Phường Bảy Hiền"}},{"type":"Feature","geometry":{"type":"Polygon","coordinates":[[[106.6304,11.1276],[106.6212,11.1269],[106.6199,11.1244],[106.6161,11.1225],[106.6147,11.122],[106.6133,11.1266],[106.6117,11.1284],[106.6105,11.1269],[106.6093,11.1275],[106.6035,11.1269],[106.6036,11.1259],[106.5921,11.1246],[106.5916,11.1289],[106.5889,11.1286],[106.5907,11.1304],[106.5913,11.1358],[106.5922,11.1381],[106.5918,11.1395],[106.5919,11.1416],[106.5926,11.1428],[106.5917,11.145],[106.5916,11.1464],[106.5897,11.1487],[106.589,11.1501],[106.5878,11.1511],[106.5901,11.1533],[106.5922,11.1558],[106.5943,11.1606],[106.5923,11.1638],[106.5931,11.1661],[106.597,11.1705],[106.5954,11.1717],[106.5945,11.1714],[106.5945,11.1704],[106.5936,11.1689],[106.5916,11.1685],[106.589,11.1669],[106.5886,11.1647],[106.5876,11.1636],[106.5883,11.162],[106.5872,11.1599],[106.586,11.1606],[106.5858,11.1625],[106.5865,11.1649],[106.5866,11.167],[106.5882,11.1692],[106.5894,11.1698],[106.5902,11.1722],[106.591,11.1731],[106.5903,11.1762],[106.5891,11.1771],[106.5883,11.1767],[106.5866,11.1777],[106.5863,11.1792],[106.587,11.1801],[106.5873,11.1814],[106.588,11.182],[106.5887,11.1839],[106.5897,11.1856],[106.5893,11.1874],[106.5895,11.1893],[106.5883,11.1909],[106.5891,11.1925],[106.5886,11.1936],[106.5885,11.1956],[106.5879,11.1968],[106.5876,11.1981],[106.5858,11.1997],[106.5856,11.2007],[106.5844,11.2018],[106.5851,11.2055],[106.5851,11.2064],[106.5845,11.2082],[106.5823,11.212],[106.5819,11.2139],[106.5825,11.2148],[106.5816,11.2161],[106.5795,11.2248],[106.5848,11.2259],[106.5897,11.2275],[106.5916,11.2275],[106.5937,11.2277],[106.5951,11.2282],[106.5974,11.2271],[106.5983,11.2281],[106.5979,11.2289],[106.5983,11.2298],[106.5963,11.2319],[106.595,11.2319],[106.5942,11.2323],[106.5931,11.2336],[106.5927,11.2345],[106.591,11.2361],[106.5899,11.2369],[106.5881,11.2389],[106.5869,11.2393],[106.5853,11.2411],[106.585,11.242],[106.5853,11.2438],[106.5862,11.2445],[106.5927,11.2459],[106.5999,11.2472],[106.6016,11.2474],[106.6069,11.2483],[106.6098,11.249],[106.6199,11.2507],[106.6192,11.2449],[106.6187,11.2421],[106.6198,11.242],[106.6184,11.2342],[106.619,11.233],[106.6204,11.2309],[106.6212,11.2311],[106.6239,11.2307],[106.6243,11.2309],[106.6304,11.2298],[106.6301,11.2284],[106.6316,11.2281],[106.6318,11.2295],[106.635,11.2289],[106.6338,11.2227],[106.6306,11.2128],[106.631,11.2126],[106.6352,11.214],[106.6376,11.2152],[106.6382,11.2162],[106.6392,11.2168],[106.6407,11.2187],[106.6413,11.2202],[106.6415,11.2223],[106.6425,11.2249],[106.6431,11.2272],[106.6415,11.2282],[106.6415,11.2296],[106.6411,11.2308],[106.6411,11.2319],[106.6416,11.2334],[106.6418,11.2381],[106.6411,11.2416],[106.6411,11.2451],[106.6416,11.247],[106.6414,11.2476],[106.6422,11.2501],[106.6419,11.2552],[106.6398,11.26],[106.6403,11.2604],[106.6395,11.2627],[106.6394,11.2643],[106.6381,11.2673],[106.6379,11.2692],[106.6382,11.2708],[106.6404,11.2764],[106.6409,11.2785],[106.6408,11.2794],[106.6399,11.2813],[106.6394,11.2838],[106.6649,11.2845],[106.6648,11.2821],[106.6687,11.282],[106.6688,11.2865],[106.6736,11.2865],[106.6734,11.2818],[106.6828,11.2815],[106.6824,11.28],[106.6822,11.2764],[106.6823,11.2708],[106.6818,11.252],[106.6818,11.2489],[106.6795,11.2486],[106.6807,11.2387],[106.6803,11.2362],[106.6808,11.2349],[106.6807,11.2328],[106.6811,11.2319],[106.6831,11.2301],[106.683,11.2288],[106.6817,11.2274],[106.6807,11.2257],[106.6768,11.2201],[106.6758,11.2197],[106.6752,11.2185],[106.6736,11.2172],[106.6728,11.2171],[106.6717,11.2158],[106.6712,11.2144],[106.67,11.2138],[106.6616,11.2135],[106.6615,11.2126],[106.6607,11.2119],[106.6595,11.2118],[106.6523,11.2118],[106.6523,11.2075],[106.6473,11.2076],[106.6461,11.2073],[106.6463,11.197],[106.6468,11.195],[106.6474,11.1939],[106.6513,11.1898],[106.6519,11.1894],[106.6513,11.1883],[106.6497,11.1876],[106.6489,11.1884],[106.647,11.1871],[106.6462,11.186],[106.6444,11.1846],[106.6428,11.1837],[106.6415,11.1832],[106.6398,11.1823],[106.6395,11.1818],[106.637,11.1802],[106.6363,11.1795],[106.6362,11.1783],[106.6341,11.1767],[106.6327,11.1765],[106.6321,11.1747],[106.6303,11.1733],[106.6286,11.1728],[106.628,11.1718],[106.6257,11.1704],[106.6257,11.1696],[106.6249,11.169],[106.6234,11.1694],[106.6225,11.1683],[106.6215,11.168],[106.6226,11.1665],[106.6223,11.1646],[106.6233,11.1621],[106.6226,11.1615],[106.6221,11.1602],[106.6231,11.1591],[106.6238,11.1598],[106.6258,11.1587],[106.6255,11.1568],[106.6279,11.1559],[106.6295,11.1545],[106.6323,11.1535],[106.634,11.1554],[106.635,11.1545],[106.6358,11.1537],[106.6373,11.152],[106.6304,11.1444],[106.6295,11.1423],[106.6292,11.1423],[106.6304,11.1276]]]},"properties":{"code":"25813","name":"Phường Bến Cát"}},{"type":"Feature","geometry":{"type":"Polygon","coordinates":[[[106.6689,10.7599],[106.6747,10.7611],[106.675,10.7613],[106.6756,10.7587],[106.6771,10.7534],[106.6773,10.7515],[106.6761,10.7495],[106.6749,10.7488],[106.6737,10.7487],[106.6713,10.7493],[106.6698,10.7495],[106.667,10.7501],[106.6663,10.756],[106.6656,10.7592],[106.6689,10.7599]]]},"properties":{"code":"27316","name":"Phường An Đông"}},{"type":"Feature","geometry":{"type":"Polygon","coordinates":[[[106.695,10.7796],[106.6991,10.7758],[106.7013,10.7706],[106.6974,10.7671],[106.6949,10.765],[106.6943,10.7668],[106.6927,10.7649],[106.6908,10.7642],[106.6895,10.7662],[106.6845,10.7684],[106.6894,10.7736],[106.695,10.7796]]]},"properties":{"code":"26743","name":"Phường Bến Thành"}},{"type":"Feature","geometry":{"type":"Polygon","coordinates":[[[106.5537,10.6753],[106.5543,10.676],[106.5573,10.6759],[106.5594,10.6749],[106.5597,10.6741],[106.5613,10.6734],[106.5626,10.674],[106.5623,10.6746],[106.5627,10.6766],[106.5622,10.6774],[106.5631,10.6779],[106.5658,10.6783],[106.566,10.6784],[106.5681,10.6788],[106.5684,10.6794],[106.5695,10.6795],[106.5699,10.6789],[106.5702,10.6764],[106.5699,10.674],[106.5704,10.6728],[106.5721,10.6727],[106.5739,10.6731],[106.5747,10.672],[106.5768,10.6734],[106.5779,10.6713],[106.5828,10.6761],[106.5894,10.6817],[106.592,10.6842],[106.5932,10.686],[106.5945,10.6898],[106.6219,10.6975],[106.6224,10.6955],[106.6237,10.693],[106.6222,10.6924],[106.6216,10.6906],[106.6206,10.6888],[106.6202,10.6877],[106.6187,10.6853],[106.6171,10.6816],[106.616,10.6798],[106.6155,10.6783],[106.6132,10.6737],[106.6117,10.671],[106.6115,10.67],[106.6107,10.669],[106.6098,10.667],[106.608,10.6638],[106.6058,10.6592],[106.6054,10.6587],[106.6046,10.6579],[106.6032,10.6547],[106.6027,10.6532],[106.6019,10.6523],[106.6018,10.6514],[106.6005,10.6508],[106.6003,10.652],[106.5975,10.6534],[106.5952,10.6538],[106.5957,10.6511],[106.595,10.6506],[106.5917,10.6501],[106.5909,10.6511],[106.5904,10.6531],[106.5874,10.6528],[106.5841,10.6537],[106.5833,10.6554],[106.5806,10.6555],[106.5797,10.6561],[106.5794,10.655],[106.5779,10.6533],[106.5781,10.6519],[106.5796,10.6519],[106.579,10.6496],[106.577,10.6489],[106.5754,10.6491],[106.5751,10.6499],[106.5734,10.6498],[106.5731,10.6518],[106.5735,10.6542],[106.5727,10.6544],[106.5697,10.6563],[106.5685,10.6561],[106.5662,10.6565],[106.5659,10.6539],[106.5651,10.653],[106.5653,10.6523],[106.5632,10.6522],[106.5631,10.6514],[106.56,10.6516],[106.559,10.6519],[106.5588,10.6506],[106.5592,10.6499],[106.5585,10.6486],[106.5579,10.6486],[106.5574,10.6504],[106.5556,10.6509],[106.5552,10.6537],[106.5554,10.6549],[106.556,10.6555],[106.5559,10.6569],[106.5527,10.6575],[106.5489,10.6575],[106.5493,10.6596],[106.5505,10.659],[106.5514,10.6614],[106.5515,10.664],[106.5519,10.6649],[106.5532,10.6658],[106.5532,10.6675],[106.5535,10.6684],[106.553,10.6689],[106.5521,10.6706],[106.5532,10.672],[106.5533,10.6745],[106.5537,10.6753]]]},"properties":{"code":"27637","name":"Xã Bình Chánh"}},{"type":"Feature","geometry":{"type":"Polygon","coordinates":[[[107.5077,10.5008],[107.5077,10.5026],[107.5098,10.5426],[107.5094,10.548],[107.5084,10.5509],[107.5088,10.5534],[107.5097,10.5546],[107.512,10.5559],[107.5156,10.5573],[107.5175,10.5586],[107.5186,10.56],[107.5175,10.5626],[107.516,10.5642],[107.5146,10.5644],[107.5143,10.5652],[107.5126,10.5669],[107.5129,10.5675],[107.5124,10.5691],[107.5117,10.5693],[107.5118,10.5707],[107.5114,10.5713],[107.5112,10.5732],[107.5116,10.5735],[107.5116,10.577],[107.5109,10.5776],[107.5109,10.5787],[107.5118,10.5805],[107.5116,10.5825],[107.5108,10.5832],[107.5107,10.5851],[107.511,10.5856],[107.5099,10.5871],[107.5093,10.5874],[107.5088,10.5886],[107.507,10.5902],[107.5062,10.5903],[107.5047,10.5929],[107.5043,10.5944],[107.5029,10.5953],[107.5029,10.596],[107.5037,10.5967],[107.5039,10.5981],[107.5048,10.5986],[107.5043,10.5997],[107.5045,10.6005],[107.5033,10.6025],[107.5025,10.6044],[107.5019,10.6046],[107.5013,10.6059],[107.5003,10.6066],[107.4999,10.6085],[107.4912,10.6437],[107.491,10.6447],[107.5014,10.6486],[107.5021,10.6493],[107.5035,10.6488],[107.5068,10.6486],[107.5076,10.6476],[107.5106,10.646],[107.5136,10.6466],[107.5145,10.6474],[107.5163,10.6476],[107.5182,10.6481],[107.5206,10.6473],[107.5223,10.6469],[107.5229,10.6474],[107.5245,10.6474],[107.5268,10.6479],[107.5282,10.6476],[107.5304,10.6464],[107.5304,10.6454],[107.5323,10.6444],[107.5332,10.6447],[107.5498,10.6564],[107.5502,10.6548],[107.5513,10.6533],[107.5508,10.6527],[107.5507,10.6513],[107.5522,10.6489],[107.5533,10.6488],[107.5541,10.6478],[107.5543,10.6464],[107.5555,10.6461],[107.5561,10.6452],[107.5556,10.6433],[107.5555,10.6418],[107.5567,10.6415],[107.557,10.6391],[107.5596,10.6375],[107.5603,10.6352],[107.5611,10.6348],[107.5617,10.6333],[107.5628,10.6327],[107.5622,10.632],[107.5632,10.6301],[107.5623,10.6278],[107.5639,10.6264],[107.5633,10.6258],[107.5645,10.625],[107.5654,10.6229],[107.5664,10.6231],[107.5663,10.622],[107.5673,10.6207],[107.568,10.6187],[107.5681,10.6174],[107.5671,10.6161],[107.5634,10.6152],[107.565,10.6139],[107.5647,10.612],[107.5644,10.6083],[107.5656,10.6065],[107.5659,10.6055],[107.5676,10.6043],[107.568,10.603],[107.5703,10.6022],[107.5719,10.6002],[107.571,10.5965],[107.5711,10.5962],[107.5704,10.5928],[107.5677,10.5856],[107.5684,10.5835],[107.5683,10.5822],[107.5692,10.5814],[107.5696,10.5797],[107.5691,10.5787],[107.5698,10.5727],[107.5696,10.5721],[107.57,10.5706],[107.5703,10.5681],[107.5686,10.5668],[107.5653,10.5649],[107.5616,10.562],[107.5605,10.561],[107.5582,10.5579],[107.5553,10.5551],[107.5544,10.5535],[107.5527,10.5513],[107.5485,10.5434],[107.5478,10.5431],[107.5476,10.5445],[107.5443,10.5413],[107.5431,10.5407],[107.5419,10.5397],[107.5396,10.5366],[107.5367,10.5319],[107.5358,10.5307],[107.5349,10.5303],[107.5311,10.5268],[107.5283,10.5234],[107.5235,10.5162],[107.5225,10.514],[107.5189,10.5081],[107.5153,10.5031],[107.5145,10.5028],[107.5125,10.5009],[107.5116,10.5014],[107.5093,10.5005],[107.5077,10.5008]]]},"properties":{"code":"26656","name":"Xã Bình Châu"}},{"type":"Feature","geometry":{"type":"Polygon","coordinates":[[[106.7625,11.1904],[106.7634,11.1902],[106.7644,11.1892],[106.7643,11.1884],[106.7802,11.1888],[106.7828,11.1888],[106.7836,11.1886],[106.7899,11.1885],[106.7937,11.1891],[106.7936,11.1906],[106.7929,11.1931],[106.7944,11.1931],[106.7941,11.2019],[106.7986,11.1981],[106.8038,11.1939],[106.8116,11.2026],[106.8133,11.2046],[106.8136,11.2055],[106.8157,11.2064],[106.8163,11.2062],[106.8177,11.2076],[106.8188,11.2092],[106.8189,11.2104],[106.8207,11.2102],[106.8202,11.2115],[106.8198,11.2153],[106.8208,11.2169],[106.8217,11.2177],[106.8237,11.2177],[106.8235,11.2168],[106.8234,11.2144],[106.8243,11.2126],[106.8271,11.2104],[106.8291,11.2093],[106.8305,11.2091],[106.8318,11.2093],[106.8348,11.2114],[106.8358,11.2118],[106.8351,11.2108],[106.8363,11.2089],[106.8374,11.2078],[106.8363,11.2071],[106.8358,11.2055],[106.8367,11.2033],[106.838,11.2015],[106.8377,11.1999],[106.8368,11.1979],[106.8357,11.1969],[106.8351,11.195],[106.8343,11.195],[106.8327,11.1938],[106.8317,11.1938],[106.8312,11.1931],[106.8298,11.194],[106.8271,11.1947],[106.8261,11.1956],[106.8246,11.1963],[106.8212,11.1959],[106.8189,11.1927],[106.8179,11.1924],[106.8178,11.1909],[106.8171,11.1904],[106.8162,11.1885],[106.8157,11.1883],[106.8129,11.1837],[106.8122,11.1821],[106.8111,11.1809],[106.8116,11.18],[106.8116,11.1787],[106.8109,11.177],[106.8096,11.1756],[106.8096,11.1739],[106.8077,11.1736],[106.8062,11.1717],[106.8055,11.1701],[106.8045,11.1693],[106.8032,11.1675],[106.8017,11.1664],[106.8011,11.1651],[106.7987,11.1641],[106.7972,11.1639],[106.7952,11.1632],[106.7917,11.1623],[106.7905,11.1624],[106.7886,11.1632],[106.787,11.1629],[106.7856,11.1616],[106.7834,11.1607],[106.7824,11.1607],[106.7817,11.1599],[106.7807,11.1574],[106.7783,11.1562],[106.7783,11.1548],[106.7735,11.1547],[106.7737,11.1454],[106.7738,11.1408],[106.7799,11.1407],[106.7794,11.1338],[106.7836,11.137],[106.7846,11.135],[106.7838,11.135],[106.784,11.1327],[106.7835,11.124],[106.7833,11.1137],[106.7789,11.1138],[106.7788,11.103],[106.7788,11.0954],[106.7744,11.0955],[106.7714,11.0897],[106.7663,11.0921],[106.7661,11.0916],[106.764,11.0926],[106.763,11.091],[106.7621,11.0903],[106.7604,11.0903],[106.7575,11.0877],[106.7568,11.0887],[106.7569,11.0914],[106.7524,11.0916],[106.7526,11.096],[106.748,11.0965],[106.7482,11.1009],[106.743,11.1039],[106.7437,11.1056],[106.7439,11.11],[106.7431,11.1097],[106.7416,11.1104],[106.7406,11.1097],[106.7384,11.1088],[106.7378,11.1087],[106.7373,11.1093],[106.7373,11.1117],[106.7379,11.1135],[106.7381,11.115],[106.7367,11.1154],[106.7354,11.1169],[106.7355,11.1183],[106.7362,11.1183],[106.7377,11.1194],[106.7376,11.1203],[106.7339,11.1207],[106.7347,11.1234],[106.7358,11.1233],[106.7359,11.1246],[106.7366,11.1248],[106.7362,11.126],[106.7356,11.1268],[106.7356,11.1287],[106.7371,11.1284],[106.7372,11.1307],[106.7369,11.132],[106.7357,11.1328],[106.7356,11.1347],[106.7327,11.1335],[106.7324,11.1364],[106.728,11.136],[106.7276,11.1368],[106.7275,11.1384],[106.7241,11.1368],[106.7228,11.1388],[106.72,11.1391],[106.7191,11.1401],[106.7197,11.141],[106.719,11.1418],[106.7162,11.1407],[106.7155,11.1396],[106.7147,11.1392],[106.7138,11.1371],[106.7135,11.1383],[106.7125,11.1429],[106.7125,11.1486],[106.7132,11.1504],[106.7155,11.1559],[106.7219,11.1717],[106.7237,11.1764],[106.7251,11.1803],[106.7345,11.1817],[106.7349,11.1813],[106.7418,11.1816],[106.7498,11.1817],[106.7533,11.1818],[106.7546,11.1842],[106.7547,11.1852],[106.7558,11.1851],[106.7568,11.1865],[106.7573,11.1865],[106.76,11.1889],[106.7616,11.1885],[106.7625,11.1904]]]},"properties":{"code":"25915","name":"Phường Bình Cơ"}},{"type":"Feature","geometry":{"type":"Polygon","coordinates":[[[106.5945,10.6898],[106.597,10.6975],[106.5974,10.6997],[106.5973,10.7016],[106.6006,10.7032],[106.6023,10.7038],[106.6031,10.704],[106.6054,10.7046],[106.6084,10.7061],[106.6088,10.7063],[106.6111,10.7072],[106.6171,10.7097],[106.6212,10.7107],[106.6238,10.7111],[106.6268,10.7125],[106.6284,10.7136],[106.6299,10.715],[106.6316,10.7171],[106.6336,10.7213],[106.6363,10.7274],[106.6372,10.729],[106.6385,10.7306],[106.6411,10.733],[106.6445,10.7348],[106.6487,10.7374],[106.6504,10.7386],[106.6546,10.7411],[106.6581,10.7423],[106.6617,10.7429],[106.6615,10.7419],[106.6638,10.7406],[106.6642,10.738],[106.6647,10.7365],[106.6656,10.735],[106.6657,10.7342],[106.6633,10.7339],[106.6595,10.7326],[106.658,10.7325],[106.6561,10.7316],[106.6542,10.7316],[106.6493,10.7304],[106.6502,10.7284],[106.6487,10.7284],[106.648,10.7277],[106.6468,10.7288],[106.6449,10.7269],[106.6444,10.728],[106.6422,10.7277],[106.6357,10.715],[106.6313,10.7061],[106.629,10.7015],[106.6254,10.6945],[106.6261,10.6937],[106.6242,10.6922],[106.6237,10.693],[106.6224,10.6955],[106.6219,10.6975],[106.5945,10.6898]]]},"properties":{"code":"27424","name":"Phường Bình Đông"}},{"type":"Feature","geometry":{"type":"Polygon","coordinates":[[[106.7027,11.0026],[106.7004,11.0039],[106.6997,11.0048],[106.6957,11.0079],[106.6928,11.0047],[106.6925,11.004],[106.69,11.0043],[106.689,11.0051],[106.687,11.003],[106.6863,11.0016],[106.6863,11.0002],[106.6844,10.997],[106.6838,10.9966],[106.681,10.999],[106.6735,11.0041],[106.6723,11.0041],[106.6707,11.005],[106.669,11.0065],[106.6677,11.0068],[106.6668,11.0056],[106.6654,11.0073],[106.6641,11.0086],[106.6623,11.0098],[106.6613,11.0101],[106.6589,11.0116],[106.6588,11.0123],[106.6616,11.0136],[106.6635,11.0156],[106.6624,11.017],[106.6615,11.0192],[106.6603,11.0213],[106.6596,11.0232],[106.6641,11.0251],[106.6635,11.0266],[106.6623,11.0267],[106.6603,11.0283],[106.661,11.0288],[106.6562,11.0334],[106.6556,11.0345],[106.6557,11.0353],[106.6545,11.0388],[106.6532,11.0407],[106.6552,11.0412],[106.6575,11.042],[106.6567,11.0436],[106.6591,11.0454],[106.662,11.0492],[106.6617,11.0494],[106.6626,11.0515],[106.6646,11.0569],[106.6636,11.057],[106.6642,11.0615],[106.6639,11.0649],[106.6634,11.0668],[106.6625,11.0669],[106.6623,11.0677],[106.6635,11.068],[106.6635,11.0692],[106.6627,11.0693],[106.6648,11.0741],[106.6663,11.075],[106.667,11.0769],[106.6692,11.076],[106.6702,11.0786],[106.6679,11.0794],[106.6708,11.0872],[106.6699,11.0879],[106.6696,11.09],[106.6689,11.0915],[106.6669,11.093],[106.6672,11.0951],[106.6681,11.0953],[106.6675,11.097],[106.6676,11.0999],[106.6671,11.1028],[106.6673,11.1073],[106.669,11.1073],[106.6697,11.1079],[106.6712,11.1076],[106.6722,11.1085],[106.6739,11.1089],[106.6749,11.1088],[106.675,11.1098],[106.6759,11.1103],[106.6777,11.1101],[106.6799,11.1104],[106.68,11.1114],[106.6821,11.1112],[106.684,11.1121],[106.6854,11.1118],[106.6868,11.1129],[106.6882,11.1127],[106.6888,11.1118],[106.6882,11.1112],[106.6891,11.1103],[106.6886,11.1096],[106.6893,11.1069],[106.6895,11.1048],[106.6901,11.102],[106.6929,11.1027],[106.6937,11.1015],[106.6947,11.1014],[106.6957,11.1005],[106.6994,11.0951],[106.7008,11.0923],[106.702,11.0911],[106.7043,11.0898],[106.7055,11.0883],[106.7068,11.0881],[106.7086,11.0861],[106.709,11.0853],[106.7101,11.0846],[106.711,11.0831],[106.7112,11.0823],[106.712,11.0819],[106.7123,11.0808],[106.7137,11.08],[106.714,11.0788],[106.7138,11.0781],[106.7151,11.0769],[106.7153,11.0751],[106.716,11.074],[106.7161,11.0731],[106.7169,11.0724],[106.7175,11.07],[106.7182,11.0691],[106.7182,11.0682],[106.7215,11.0654],[106.7228,11.0628],[106.7209,11.0627],[106.719,11.0622],[106.7185,11.0616],[106.7168,11.0613],[106.7154,11.0606],[106.7108,11.0594],[106.7101,11.059],[106.7092,11.0602],[106.7086,11.0603],[106.7092,11.0576],[106.7131,11.0572],[106.7152,11.0531],[106.7161,11.0508],[106.7173,11.049],[106.7187,11.045],[106.7192,11.0421],[106.719,11.041],[106.7177,11.041],[106.7166,11.0403],[106.7152,11.0405],[106.7132,11.0403],[106.7139,11.0386],[106.7135,11.0367],[106.7119,11.0361],[106.7115,11.0353],[106.7119,11.0344],[106.7103,11.0333],[106.7103,11.032],[106.7067,11.0313],[106.7046,11.03],[106.7048,11.029],[106.7061,11.0269],[106.7061,11.0235],[106.7064,11.0212],[106.7071,11.019],[106.7078,11.0186],[106.7081,11.0168],[106.7075,11.0165],[106.7066,11.0147],[106.7065,11.0129],[106.7057,11.0124],[106.7052,11.0098],[106.7056,11.0093],[106.7051,11.008],[106.7065,11.0081],[106.707,11.0073],[106.7068,11.0065],[106.7077,11.006],[106.7074,11.0052],[106.7097,11.0038],[106.708,11.0029],[106.7069,11.0029],[106.7048,11.0036],[106.7034,11.0037],[106.7027,11.0026]]]},"properties":{"code":"25760","name":"Phường Bình Dương"}},{"type":"Feature","geometry":{"type":"Polygon","coordinates":[[[107.322,10.6701],[107.321,10.6691],[107.3198,10.6664],[107.3183,10.6667],[107.3162,10.6662],[107.3144,10.6643],[107.3142,10.663],[107.3134,10.6617],[107.3108,10.6596],[107.31,10.6594],[107.3094,10.6576],[107.3071,10.6563],[107.306,10.6571],[107.3058,10.658],[107.3038,10.6582],[107.3035,10.6565],[107.302,10.6557],[107.302,10.6546],[107.3031,10.6517],[107.3044,10.6491],[107.3059,10.6447],[107.306,10.6433],[107.2993,10.6442],[107.2995,10.6398],[107.2974,10.6392],[107.2958,10.6392],[107.2961,10.6379],[107.2974,10.637],[107.2976,10.6355],[107.297,10.634],[107.297,10.6329],[107.2975,10.6321],[107.2988,10.6318],[107.3003,10.6298],[107.3009,10.6279],[107.3024,10.6256],[107.3032,10.6252],[107.3032,10.624],[107.3043,10.6217],[107.3043,10.6208],[107.3058,10.6183],[107.3046,10.6183],[107.3033,10.6178],[107.3021,10.6184],[107.3013,10.6171],[107.2998,10.6158],[107.2983,10.6154],[107.298,10.616],[107.2958,10.6146],[107.2949,10.6135],[107.2925,10.6126],[107.2924,10.612],[107.2909,10.6113],[107.2891,10.611],[107.2881,10.6097],[107.2866,10.6087],[107.2859,10.6078],[107.2853,10.609],[107.2802,10.613],[107.2793,10.6111],[107.278,10.6098],[107.2777,10.6081],[107.2764,10.6086],[107.276,10.6107],[107.274,10.6108],[107.2723,10.6101],[107.2705,10.6112],[107.269,10.6118],[107.2685,10.6124],[107.2665,10.6131],[107.2654,10.6116],[107.2629,10.614],[107.2608,10.6158],[107.2596,10.6175],[107.2598,10.6194],[107.2591,10.6212],[107.2591,10.6222],[107.258,10.6226],[107.258,10.6257],[107.2578,10.627],[107.2529,10.6282],[107.2528,10.6292],[107.2522,10.6294],[107.2501,10.6308],[107.2494,10.631],[107.2471,10.6303],[107.246,10.6307],[107.2441,10.6307],[107.2433,10.6313],[107.2438,10.6328],[107.2438,10.6343],[107.245,10.6357],[107.2447,10.6363],[107.2491,10.638],[107.2496,10.6391],[107.2506,10.6393],[107.2511,10.6425],[107.2519,10.6434],[107.2518,10.6444],[107.2525,10.6465],[107.2532,10.6468],[107.2533,10.6488],[107.2537,10.6507],[107.2544,10.6519],[107.2553,10.6521],[107.2554,10.6531],[107.2567,10.6545],[107.257,10.656],[107.2563,10.6575],[107.2567,10.6585],[107.2564,10.6597],[107.2577,10.6622],[107.2581,10.6643],[107.2583,10.6654],[107.2579,10.6669],[107.258,10.6679],[107.2611,10.6672],[107.2621,10.6711],[107.2664,10.6691],[107.2671,10.672],[107.2671,10.673],[107.2678,10.678],[107.2682,10.6791],[107.2694,10.6798],[107.2694,10.6806],[107.2676,10.6828],[107.2676,10.6834],[107.2658,10.6837],[107.2651,10.6845],[107.265,10.6865],[107.2646,10.6867],[107.2642,10.6891],[107.2666,10.6919],[107.266,10.693],[107.2688,10.6943],[107.2685,10.6957],[107.2638,10.6979],[107.2617,10.6991],[107.2607,10.7003],[107.2601,10.7015],[107.2609,10.7027],[107.2605,10.7034],[107.2608,10.7052],[107.2598,10.7059],[107.2588,10.7082],[107.2578,10.7088],[107.2563,10.7089],[107.2537,10.7112],[107.2513,10.7108],[107.2509,10.7134],[107.2502,10.7153],[107.2496,10.7185],[107.2534,10.7187],[107.2601,10.7189],[107.2747,10.7194],[107.2763,10.7194],[107.2802,10.7198],[107.2811,10.7208],[107.2813,10.7229],[107.2816,10.7236],[107.2811,10.7247],[107.2825,10.7274],[107.2825,10.7289],[107.2802,10.731],[107.2794,10.734],[107.2792,10.7354],[107.2749,10.7352],[107.2764,10.7367],[107.277,10.7382],[107.2788,10.741],[107.2799,10.7419],[107.281,10.7418],[107.2839,10.7402],[107.2852,10.7409],[107.2982,10.7465],[107.2988,10.7476],[107.2995,10.7504],[107.3041,10.7493],[107.3017,10.7457],[107.3025,10.7375],[107.3031,10.7349],[107.3029,10.7325],[107.3052,10.729],[107.3051,10.7282],[107.3036,10.7263],[107.3037,10.7249],[107.3019,10.7216],[107.301,10.7208],[107.3009,10.719],[107.3013,10.7178],[107.3042,10.7151],[107.3053,10.7144],[107.3054,10.7131],[107.302,10.7088],[107.3011,10.7079],[107.3007,10.7046],[107.2999,10.704],[107.3009,10.7018],[107.3019,10.7016],[107.3024,10.7008],[107.3036,10.6999],[107.3056,10.6992],[107.3056,10.6984],[107.3072,10.6959],[107.3067,10.6947],[107.3075,10.6937],[107.3046,10.6925],[107.3049,10.6918],[107.3036,10.6911],[107.3047,10.6885],[107.3004,10.6868],[107.2995,10.6863],[107.3,10.6854],[107.2998,10.6838],[107.3012,10.6834],[107.3026,10.6815],[107.3043,10.68],[107.3063,10.6786],[107.3067,10.6778],[107.3082,10.6774],[107.3093,10.6759],[107.3101,10.6757],[107.3103,10.6744],[107.311,10.6729],[107.3129,10.6719],[107.3135,10.6708],[107.3147,10.6704],[107.3162,10.6691],[107.3181,10.6687],[107.3206,10.6698],[107.322,10.6701]]]},"properties":{"code":"26590","name":"Xã Bình Giã"}},{"type":"Feature","geometry":{"type":"Polygon","coordinates":[[[106.7367,10.8846],[106.7324,10.8857],[106.731,10.8859],[106.732,10.8878],[106.733,10.8908],[106.7292,10.8894],[106.7284,10.8909],[106.7275,10.8901],[106.7258,10.891],[106.7205,10.8944],[106.7176,10.8964],[106.7155,10.8929],[106.7131,10.8899],[106.7138,10.8875],[106.7145,10.8868],[106.7155,10.8877],[106.7173,10.8879],[106.7174,10.8864],[106.7166,10.8847],[106.7171,10.8824],[106.718,10.8808],[106.7134,10.879],[106.714,10.8772],[106.7152,10.8775],[106.7175,10.8772],[106.7214,10.8764],[106.7216,10.8751],[106.7227,10.8733],[106.7236,10.8725],[106.7235,10.8717],[106.7214,10.8717],[106.7199,10.8723],[106.7178,10.8724],[106.7164,10.8728],[106.715,10.8724],[106.7153,10.8694],[106.7155,10.8685],[106.7107,10.8702],[106.7048,10.8713],[106.7012,10.8746],[106.6992,10.8785],[106.6982,10.8831],[106.6994,10.8859],[106.7028,10.8846],[106.7044,10.8877],[106.7051,10.8881],[106.7054,10.8919],[106.7051,10.8928],[106.7098,10.8985],[106.712,10.9019],[106.7126,10.9038],[106.7135,10.9194],[106.7134,10.9219],[106.713,10.9238],[106.7118,10.9281],[106.7142,10.9284],[106.7139,10.9297],[106.7158,10.93],[106.7156,10.931],[106.719,10.9311],[106.7188,10.9351],[106.7235,10.9351],[106.7283,10.9351],[106.7283,10.9278],[106.735,10.9278],[106.735,10.9275],[106.7389,10.927],[106.7418,10.9268],[106.7409,10.9114],[106.7405,10.9031],[106.7399,10.8946],[106.7397,10.8904],[106.7394,10.8894],[106.7367,10.8846]]]},"properties":{"code":"25987","name":"Phường Bình Hòa"}},{"type":"Feature","geometry":{"type":"Polygon","coordinates":[[[106.6921,10.7414],[106.6941,10.7385],[106.695,10.7361],[106.6945,10.7349],[106.6932,10.7329],[106.6909,10.7312],[106.6903,10.73],[106.6902,10.7255],[106.689,10.7215],[106.6894,10.719],[106.6892,10.7177],[106.6884,10.7153],[106.6887,10.7126],[106.6884,10.7121],[106.6858,10.7116],[106.6839,10.7132],[106.6808,10.7145],[106.6785,10.7113],[106.6779,10.7096],[106.6768,10.7097],[106.6761,10.7081],[106.6747,10.7058],[106.6734,10.7043],[106.6744,10.7022],[106.6738,10.6982],[106.6738,10.6956],[106.6733,10.6922],[106.675,10.6901],[106.6757,10.6886],[106.676,10.6861],[106.677,10.6844],[106.6793,10.6822],[106.6807,10.6802],[106.6812,10.679],[106.6814,10.6771],[106.6808,10.6754],[106.6787,10.6717],[106.6784,10.6689],[106.6759,10.6696],[106.6735,10.6708],[106.672,10.6711],[106.6697,10.6707],[106.6689,10.6714],[106.6664,10.6747],[106.6658,10.677],[106.6648,10.6783],[106.6625,10.6786],[106.6581,10.6795],[106.6558,10.6785],[106.6549,10.6783],[106.6542,10.6821],[106.6531,10.6827],[106.6508,10.6821],[106.6498,10.6826],[106.6506,10.6849],[106.6504,10.6864],[106.6515,10.6867],[106.6518,10.6876],[106.6467,10.6864],[106.6448,10.6867],[106.6422,10.6849],[106.639,10.6833],[106.6382,10.6828],[106.6388,10.6818],[106.6347,10.6808],[106.6336,10.68],[106.6325,10.6808],[106.6297,10.6823],[106.6286,10.6836],[106.6284,10.6851],[106.6287,10.6884],[106.6284,10.6895],[106.6276,10.6901],[106.6253,10.6911],[106.6242,10.6922],[106.6261,10.6937],[106.6254,10.6945],[106.629,10.7015],[106.6313,10.7061],[106.6357,10.715],[106.6422,10.7277],[106.6444,10.728],[106.6449,10.7269],[106.6468,10.7288],[106.648,10.7277],[106.6487,10.7284],[106.6502,10.7284],[106.6493,10.7304],[106.6542,10.7316],[106.6561,10.7316],[106.658,10.7325],[106.6595,10.7326],[106.6633,10.7339],[106.6657,10.7342],[106.666,10.7324],[106.6739,10.7375],[106.6748,10.736],[106.6768,10.7351],[106.6781,10.7354],[106.6822,10.7347],[106.6821,10.7367],[106.683,10.7385],[106.683,10.7394],[106.6848,10.7398],[106.687,10.7401],[106.69,10.741],[106.6921,10.7414]]]},"properties":{"code":"27619","name":"Xã Bình Hưng"}},{"type":"Feature","geometry":{"type":"Polygon","coordinates":[[[106.6188,10.7846],[106.6201,10.7805],[106.6188,10.7802],[106.6148,10.7803],[106.6122,10.7808],[106.6116,10.7787],[106.6091,10.7794],[106.609,10.7763],[106.6009,10.7764],[106.5955,10.7779],[106.5931,10.7784],[106.5955,10.7899],[106.5959,10.7916],[106.5979,10.8015],[106.5993,10.8075],[106.6033,10.8263],[106.6034,10.8263],[106.6035,10.8263],[106.6044,10.8253],[106.6077,10.8232],[106.6094,10.8229],[106.6118,10.8217],[106.6145,10.8211],[106.616,10.8195],[106.6137,10.8183],[106.6112,10.8166],[106.6076,10.8131],[106.61,10.8117],[106.615,10.8093],[106.6099,10.8032],[106.6137,10.7967],[106.6142,10.7957],[106.6156,10.7927],[106.6188,10.7846]]]},"properties":{"code":"27439","name":"Phường Bình Hưng Hòa"}},{"type":"Feature","geometry":{"type":"Polygon","coordinates":[[[106.6758,10.853],[106.6759,10.852],[106.6757,10.8508],[106.6769,10.8487],[106.6758,10.8481],[106.6743,10.8462],[106.6724,10.8427],[106.6712,10.8416],[106.6706,10.8399],[106.6705,10.8386],[106.6652,10.8387],[106.6647,10.8429],[106.6648,10.845],[106.6627,10.8454],[106.6603,10.8463],[106.6604,10.847],[106.6569,10.8477],[106.6561,10.8514],[106.656,10.8548],[106.6571,10.8577],[106.6582,10.8579],[106.6593,10.8576],[106.6613,10.8558],[106.6628,10.8555],[106.665,10.8559],[106.6656,10.8564],[106.667,10.856],[106.668,10.8575],[106.6692,10.858],[106.6704,10.8594],[106.6721,10.8604],[106.6735,10.8601],[106.6743,10.8583],[106.6752,10.8568],[106.675,10.8552],[106.6758,10.853]]]},"properties":{"code":"26878","name":"Phường An Hội Đông"}},{"type":"Feature","geometry":{"type":"Polygon","coordinates":[[[106.8727,10.5233],[106.8697,10.5265],[106.8666,10.5307],[106.8637,10.5333],[106.861,10.535],[106.8582,10.5362],[106.8525,10.538],[106.8505,10.5389],[106.8494,10.5397],[106.8487,10.541],[106.8482,10.5427],[106.8498,10.546],[106.8501,10.5471],[106.8501,10.5498],[106.8496,10.5508],[106.8486,10.5519],[106.8471,10.5529],[106.8445,10.5544],[106.8424,10.5553],[106.8398,10.5571],[106.8386,10.5585],[106.838,10.5597],[106.8375,10.563],[106.8376,10.5661],[106.8381,10.5704],[106.8378,10.5714],[106.835,10.5779],[106.8344,10.5801],[106.8346,10.5815],[106.8278,10.5834],[106.8257,10.5842],[106.8252,10.5862],[106.824,10.5901],[106.8223,10.5935],[106.8213,10.5973],[106.8195,10.5997],[106.8192,10.6017],[106.8179,10.6018],[106.8168,10.6027],[106.8167,10.6041],[106.8177,10.6057],[106.8182,10.6071],[106.8183,10.6087],[106.8168,10.6098],[106.8156,10.6097],[106.8143,10.6085],[106.8134,10.6069],[106.8117,10.6047],[106.8095,10.6046],[106.8069,10.6049],[106.8056,10.606],[106.8056,10.6078],[106.8063,10.6086],[106.8099,10.6106],[106.811,10.612],[106.8109,10.6135],[106.8105,10.6144],[106.8093,10.6158],[106.8062,10.6163],[106.8049,10.616],[106.803,10.6152],[106.7996,10.6131],[106.7978,10.6116],[106.7957,10.6088],[106.7937,10.6072],[106.7922,10.6069],[106.7908,10.6077],[106.7903,10.6097],[106.7909,10.611],[106.7925,10.6128],[106.7933,10.6144],[106.7932,10.6158],[106.7922,10.617],[106.7914,10.6176],[106.7894,10.6182],[106.7874,10.6181],[106.7859,10.6173],[106.7846,10.6155],[106.7829,10.612],[106.7782,10.6049],[106.7758,10.6079],[106.772,10.6137],[106.7709,10.6166],[106.7705,10.6195],[106.7705,10.624],[106.771,10.6279],[106.7716,10.6332],[106.7713,10.6355],[106.7709,10.6369],[106.7689,10.6401],[106.7672,10.642],[106.7638,10.6442],[106.7593,10.6463],[106.7495,10.6499],[106.7466,10.6513],[106.743,10.6544],[106.7407,10.6572],[106.7396,10.6591],[106.7384,10.663],[106.7384,10.6654],[106.7389,10.6667],[106.7402,10.6681],[106.7423,10.6697],[106.7436,10.6704],[106.7457,10.671],[106.7485,10.6709],[106.7503,10.6705],[106.7548,10.6688],[106.7619,10.6664],[106.7646,10.6654],[106.7669,10.665],[106.7694,10.6655],[106.771,10.6665],[106.7724,10.6681],[106.7765,10.6745],[106.7783,10.6736],[106.7833,10.6726],[106.7855,10.6716],[106.7884,10.6699],[106.7903,10.6687],[106.7967,10.6627],[106.8007,10.6606],[106.8043,10.6591],[106.8071,10.6572],[106.8092,10.6542],[106.8098,10.6528],[106.8121,10.6449],[106.813,10.6424],[106.8146,10.6396],[106.8179,10.635],[106.8202,10.6323],[106.8227,10.63],[106.8247,10.6285],[106.8267,10.6277],[106.8294,10.6272],[106.8348,10.6269],[106.8363,10.6272],[106.8378,10.6281],[106.8388,10.6294],[106.8396,10.6316],[106.84,10.634],[106.8407,10.6357],[106.8416,10.6369],[106.844,10.6384],[106.8475,10.6393],[106.8504,10.6397],[106.8523,10.6395],[106.854,10.6391],[106.8578,10.6371],[106.8592,10.6367],[106.8607,10.6368],[106.8616,10.6375],[106.8635,10.6413],[106.8648,10.6422],[106.866,10.6425],[106.8689,10.6427],[106.8705,10.644],[106.8715,10.6466],[106.8727,10.6477],[106.8738,10.6483],[106.8752,10.6485],[106.88,10.6482],[106.8815,10.648],[106.8829,10.6474],[106.8839,10.6459],[106.8846,10.6421],[106.885,10.6404],[106.8859,10.6395],[106.8895,10.6378],[106.8906,10.6366],[106.8912,10.6345],[106.8928,10.6322],[106.8969,10.6301],[106.8985,10.629],[106.9012,10.6267],[106.9038,10.624],[106.9045,10.6231],[106.9064,10.619],[106.9072,10.6156],[106.9085,10.6124],[106.9102,10.6092],[106.9111,10.6084],[106.9129,10.6076],[106.9143,10.6078],[106.9186,10.6097],[106.9214,10.6097],[106.923,10.6083],[106.9244,10.6062],[106.9261,10.6043],[106.9277,10.6032],[106.9326,10.6018],[106.9358,10.5997],[106.9362,10.5991],[106.9367,10.5968],[106.9364,10.5951],[106.9359,10.5932],[106.935,10.5913],[106.9331,10.5884],[106.933,10.5883],[106.9325,10.5863],[106.9309,10.5859],[106.9293,10.5851],[106.9261,10.5825],[106.9221,10.5789],[106.9214,10.5775],[106.9205,10.5773],[106.9185,10.5732],[106.9182,10.5717],[106.918,10.5693],[106.919,10.5676],[106.9199,10.567],[106.9222,10.5661],[106.9266,10.5657],[106.9302,10.5649],[106.9316,10.5639],[106.9324,10.5629],[106.9334,10.5609],[106.9342,10.5572],[106.9347,10.5539],[106.9347,10.5524],[106.9341,10.5502],[106.9332,10.548],[106.9306,10.544],[106.9286,10.5416],[106.9238,10.5362],[106.922,10.5339],[106.9205,10.5317],[106.9184,10.5317],[106.917,10.5312],[106.915,10.5296],[106.9138,10.5274],[106.9134,10.5253],[106.9131,10.5229],[106.9112,10.5193],[106.908,10.5173],[106.9067,10.5168],[106.9038,10.5165],[106.9026,10.5166],[106.8998,10.5175],[106.897,10.5187],[106.8954,10.519],[106.8926,10.5192],[106.8871,10.5189],[106.8838,10.5191],[106.882,10.5195],[106.8768,10.5212],[106.8738,10.5225],[106.8727,10.5233]]]},"properties":{"code":"27667","name":"Xã Bình Khánh"}},{"type":"Feature","geometry":{"type":"Polygon","coordinates":[[[106.5588,10.7364],[106.5587,10.7345],[106.5574,10.7349],[106.5557,10.736],[106.5517,10.7381],[106.5435,10.7421],[106.5387,10.7446],[106.5358,10.7383],[106.5348,10.7359],[106.5354,10.7254],[106.5356,10.7198],[106.5362,10.7109],[106.5338,10.7121],[106.5284,10.715],[106.5302,10.7173],[106.5286,10.7184],[106.5262,10.7195],[106.5239,10.7209],[106.5203,10.7236],[106.5136,10.7196],[106.5094,10.7171],[106.502,10.7261],[106.5013,10.7263],[106.4995,10.725],[106.4973,10.7263],[106.4957,10.7276],[106.4952,10.7273],[106.492,10.7291],[106.4888,10.7312],[106.487,10.7298],[106.4824,10.7355],[106.482,10.7354],[106.4783,10.7402],[106.4744,10.7453],[106.4734,10.7464],[106.4722,10.7454],[106.4674,10.7515],[106.4637,10.7565],[106.4686,10.7604],[106.4866,10.7741],[106.4871,10.7744],[106.4955,10.7814],[106.5018,10.7867],[106.5045,10.7889],[106.5057,10.7937],[106.5261,10.7835],[106.5326,10.7803],[106.5529,10.77],[106.5582,10.7673],[106.5677,10.7629],[106.5734,10.7604],[106.5703,10.7576],[106.5681,10.755],[106.5642,10.7526],[106.562,10.7505],[106.5601,10.7496],[106.5595,10.749],[106.5591,10.7477],[106.5593,10.7462],[106.5589,10.7447],[106.5593,10.7421],[106.5583,10.7395],[106.559,10.7375],[106.5588,10.7364]]]},"properties":{"code":"27610","name":"Xã Bình Lợi"}},{"type":"Feature","geometry":{"type":"Polygon","coordinates":[[[106.6952,10.8309],[106.6964,10.8331],[106.6988,10.8341],[106.7004,10.8352],[106.701,10.8377],[106.7028,10.8391],[106.7042,10.8384],[106.7062,10.8369],[106.7072,10.8357],[106.7082,10.8339],[106.7086,10.8317],[106.7089,10.8266],[106.7099,10.8237],[106.7114,10.8224],[106.7136,10.821],[106.7124,10.8196],[106.7115,10.8178],[106.7104,10.8171],[106.7097,10.8175],[106.7084,10.8196],[106.7074,10.8185],[106.704,10.8164],[106.7026,10.8181],[106.701,10.8172],[106.6996,10.8176],[106.6987,10.8183],[106.6978,10.8168],[106.6952,10.8156],[106.6951,10.8083],[106.6927,10.8098],[106.692,10.8108],[106.691,10.8112],[106.6903,10.8108],[106.6878,10.8079],[106.687,10.8062],[106.6871,10.8053],[106.6844,10.8064],[106.6839,10.8071],[106.6842,10.8089],[106.684,10.81],[106.6842,10.8108],[106.6852,10.8115],[106.6852,10.814],[106.687,10.8145],[106.6888,10.8155],[106.6895,10.8151],[106.6907,10.8156],[106.6922,10.817],[106.6935,10.8177],[106.6928,10.8183],[106.6926,10.8194],[106.6944,10.8199],[106.6935,10.822],[106.6935,10.8222],[106.6986,10.8234],[106.6991,10.8257],[106.7011,10.8272],[106.7006,10.8283],[106.6997,10.8286],[106.6999,10.8298],[106.6995,10.8304],[106.6985,10.8304],[106.6952,10.8309]]]},"properties":{"code":"26905","name":"Phường Bình Lợi Trung"}},{"type":"Feature","geometry":{"type":"Polygon","coordinates":[[[106.6012,10.9233],[106.6029,10.9231],[106.606,10.9268],[106.6234,10.9471],[106.6254,10.9496],[106.6256,10.9523],[106.625,10.9547],[106.6245,10.9576],[106.6186,10.9595],[106.6163,10.9601],[106.6142,10.9599],[106.6112,10.9603],[106.611,10.9598],[106.6092,10.9602],[106.6104,10.9641],[106.6097,10.9644],[106.6093,10.9664],[106.6087,10.9678],[106.6088,10.9721],[106.6104,10.9722],[106.6105,10.9745],[106.6058,10.9748],[106.5985,10.9748],[106.5968,10.975],[106.5931,10.9758],[106.5933,10.9783],[106.5939,10.9782],[106.5941,10.9825],[106.5765,10.9837],[106.5701,10.999],[106.566,11.007],[106.5812,11.0154],[106.578,11.0186],[106.5786,11.0202],[106.5795,11.0216],[106.5795,11.0225],[106.5785,11.0233],[106.5784,11.0266],[106.5801,11.028],[106.5793,11.0297],[106.5779,11.0294],[106.5775,11.0308],[106.578,11.0318],[106.578,11.0331],[106.5793,11.0346],[106.581,11.0352],[106.5824,11.0367],[106.5827,11.0382],[106.584,11.0373],[106.5861,11.0366],[106.5889,11.0362],[106.5911,11.037],[106.5916,11.0383],[106.592,11.0411],[106.5927,11.043],[106.5937,11.0441],[106.5958,11.0455],[106.5978,11.0458],[106.6002,11.0447],[106.6029,11.0411],[106.6034,11.0397],[106.6027,11.0386],[106.5988,11.0338],[106.5959,11.0307],[106.5952,11.028],[106.5951,11.0257],[106.5954,11.0233],[106.5963,11.0202],[106.5973,11.0174],[106.5981,11.0157],[106.5999,11.0143],[106.6035,11.0134],[106.6079,11.0119],[106.6102,11.0116],[106.6122,11.0117],[106.6159,11.0115],[106.6176,11.0109],[106.6189,11.0098],[106.6204,11.0074],[106.6212,11.0043],[106.6211,11.0023],[106.6201,10.9995],[106.6166,10.9937],[106.616,10.9919],[106.616,10.9918],[106.616,10.9905],[106.6166,10.9887],[106.6178,10.9874],[106.6213,10.9855],[106.6237,10.9829],[106.625,10.9812],[106.6271,10.9795],[106.6305,10.9787],[106.6306,10.9787],[106.6357,10.9776],[106.6369,10.9775],[106.6386,10.978],[106.6412,10.9799],[106.6426,10.9807],[106.6451,10.9812],[106.647,10.9811],[106.6483,10.9804],[106.649,10.9789],[106.6491,10.9788],[106.6494,10.9778],[106.6494,10.9777],[106.6498,10.9764],[106.6503,10.974],[106.6499,10.972],[106.6492,10.9705],[106.6488,10.9679],[106.6488,10.965],[106.649,10.9635],[106.6502,10.9598],[106.6502,10.9597],[106.6512,10.957],[106.6519,10.9543],[106.652,10.9542],[106.6523,10.9508],[106.6521,10.9462],[106.6513,10.9422],[106.65,10.9381],[106.65,10.9363],[106.6504,10.9338],[106.6513,10.9317],[106.6522,10.9303],[106.6538,10.9286],[106.6574,10.9258],[106.6563,10.9247],[106.6561,10.9228],[106.6553,10.9214],[106.6537,10.9197],[106.6531,10.9195],[106.6511,10.92],[106.6484,10.9195],[106.646,10.9198],[106.6453,10.9196],[106.6451,10.9196],[106.6428,10.9178],[106.6381,10.9161],[106.6353,10.9162],[106.6314,10.9162],[106.6293,10.916],[106.6271,10.9156],[106.6264,10.9155],[106.6248,10.9152],[106.6246,10.9151],[106.622,10.9144],[106.6193,10.915],[106.6164,10.9154],[106.6057,10.9171],[106.6004,10.9178],[106.6005,10.9203],[106.6012,10.9233]]]},"properties":{"code":"27544","name":"Xã Bình Mỹ"}},{"type":"Feature","geometry":{"type":"Polygon","coordinates":[[[106.6231,10.7451],[106.6234,10.7452],[106.6398,10.7492],[106.64,10.7464],[106.6397,10.7453],[106.6388,10.7445],[106.6354,10.742],[106.6344,10.741],[106.6339,10.7395],[106.634,10.7381],[106.6348,10.7359],[106.6344,10.7335],[106.6317,10.7322],[106.6303,10.7313],[106.6277,10.73],[106.6202,10.7266],[106.6212,10.7347],[106.6223,10.739],[106.6218,10.7414],[106.6231,10.7451]]]},"properties":{"code":"27364","name":"Phường Bình Phú"}},{"type":"Feature","geometry":{"type":"Polygon","coordinates":[[[106.7222,10.8098],[106.7209,10.8101],[106.7175,10.8143],[106.7148,10.8182],[106.7139,10.8208],[106.7183,10.8204],[106.7196,10.8204],[106.7215,10.8207],[106.7248,10.8217],[106.7277,10.823],[106.7295,10.824],[106.7312,10.8255],[106.7331,10.8276],[106.7361,10.8325],[106.7377,10.8345],[106.7387,10.8352],[106.7399,10.8356],[106.7409,10.8356],[106.7447,10.8346],[106.7472,10.8336],[106.7495,10.8319],[106.7506,10.83],[106.7514,10.8285],[106.7515,10.8272],[106.7515,10.8155],[106.7512,10.813],[106.7497,10.811],[106.7484,10.8097],[106.7464,10.8087],[106.7433,10.8084],[106.7401,10.8092],[106.7376,10.8109],[106.7363,10.8131],[106.7352,10.8167],[106.7341,10.8185],[106.7329,10.8194],[106.7316,10.8198],[106.7293,10.8192],[106.726,10.8171],[106.7237,10.8143],[106.7226,10.8119],[106.7222,10.8098]]]},"properties":{"code":"26911","name":"Phường Bình Quới"}},{"type":"Feature","geometry":{"type":"Polygon","coordinates":[[[106.5936,10.8275],[106.5979,10.8267],[106.6004,10.8261],[106.6033,10.8263],[106.5993,10.8075],[106.5979,10.8015],[106.5959,10.7916],[106.5955,10.7899],[106.5931,10.7784],[106.5907,10.7671],[106.5905,10.7652],[106.5898,10.7648],[106.5869,10.7645],[106.5853,10.7629],[106.5838,10.7575],[106.5747,10.7598],[106.5734,10.7604],[106.5677,10.7629],[106.5705,10.7697],[106.5723,10.769],[106.572,10.7681],[106.5732,10.768],[106.5755,10.7688],[106.5767,10.7701],[106.577,10.7713],[106.5778,10.7723],[106.5793,10.7732],[106.5805,10.7746],[106.582,10.7753],[106.5839,10.7749],[106.5851,10.775],[106.5868,10.7761],[106.5885,10.7787],[106.5888,10.7794],[106.5881,10.7817],[106.5883,10.7842],[106.5892,10.7873],[106.5865,10.7882],[106.5868,10.7898],[106.5856,10.7899],[106.5856,10.7906],[106.5844,10.7908],[106.5846,10.7948],[106.5843,10.7958],[106.5846,10.7973],[106.5829,10.7973],[106.5834,10.8041],[106.5835,10.8064],[106.5846,10.8068],[106.5859,10.8128],[106.5849,10.8137],[106.5834,10.8135],[106.5829,10.8153],[106.5818,10.8156],[106.5849,10.8182],[106.5904,10.8234],[106.5936,10.8275]]]},"properties":{"code":"27442","name":"Phường Bình Tân"}},{"type":"Feature","geometry":{"type":"Polygon","coordinates":[[[106.6398,10.7492],[106.6389,10.7509],[106.6385,10.7523],[106.6372,10.7536],[106.6376,10.7547],[106.6392,10.7546],[106.6507,10.7534],[106.6505,10.7514],[106.6533,10.7516],[106.6539,10.7486],[106.64,10.7464],[106.6398,10.7492]]]},"properties":{"code":"27367","name":"Phường Bình Tây"}},{"type":"Feature","geometry":{"type":"Polygon","coordinates":[[[106.7175,10.8143],[106.7162,10.8133],[106.7121,10.8094],[106.7116,10.8078],[106.7114,10.8028],[106.7036,10.8034],[106.7013,10.8038],[106.698,10.8025],[106.6949,10.8028],[106.6951,10.8083],[106.6952,10.8156],[106.6978,10.8168],[106.6987,10.8183],[106.6996,10.8176],[106.701,10.8172],[106.7026,10.8181],[106.704,10.8164],[106.7074,10.8185],[106.7084,10.8196],[106.7097,10.8175],[106.7104,10.8171],[106.7115,10.8178],[106.7124,10.8196],[106.7136,10.821],[106.7139,10.8208],[106.7148,10.8182],[106.7175,10.8143]]]},"properties":{"code":"26929","name":"Phường Bình Thạnh"}},{"type":"Feature","geometry":{"type":"Polygon","coordinates":[[[106.6353,10.7578],[106.6342,10.759],[106.6352,10.7604],[106.6357,10.7628],[106.6357,10.7667],[106.6356,10.7696],[106.6376,10.769],[106.6392,10.7684],[106.6412,10.7671],[106.6464,10.7653],[106.6512,10.7628],[106.6508,10.7589],[106.6493,10.758],[106.6419,10.7586],[106.6416,10.759],[106.6375,10.7587],[106.6353,10.7578]]]},"properties":{"code":"27232","name":"Phường Bình Thới"}},{"type":"Feature","geometry":{"type":"Polygon","coordinates":[[[106.6463,10.8374],[106.6426,10.8282],[106.6406,10.8293],[106.6381,10.83],[106.6339,10.8324],[106.6324,10.833],[106.6328,10.8347],[106.632,10.8364],[106.6322,10.8374],[106.6329,10.838],[106.6323,10.8393],[106.6324,10.8405],[106.6337,10.8415],[106.6336,10.8435],[106.6339,10.8449],[106.6352,10.8453],[106.64,10.8491],[106.6414,10.8497],[106.6427,10.8508],[106.643,10.8522],[106.6444,10.8531],[106.6447,10.8539],[106.6464,10.8546],[106.6465,10.8559],[106.6471,10.8579],[106.6487,10.8588],[106.65,10.8591],[106.6509,10.8598],[106.6523,10.8607],[106.6532,10.8604],[106.654,10.8592],[106.6553,10.8589],[106.6571,10.8577],[106.656,10.8548],[106.6561,10.8514],[106.6509,10.8495],[106.6401,10.8443],[106.6449,10.8411],[106.6472,10.8393],[106.6463,10.8374]]]},"properties":{"code":"26882","name":"Phường An Hội Tây"}},{"type":"Feature","geometry":{"type":"Polygon","coordinates":[[[106.6344,10.7335],[106.6348,10.7359],[106.634,10.7381],[106.6339,10.7395],[106.6344,10.741],[106.6354,10.742],[106.6388,10.7445],[106.6397,10.7453],[106.64,10.7464],[106.6539,10.7486],[106.655,10.7461],[106.6462,10.741],[106.6352,10.7342],[106.6344,10.7335]]]},"properties":{"code":"27373","name":"Phường Bình Tiên"}},{"type":"Feature","geometry":{"type":"Polygon","coordinates":[[[106.6241,10.7625],[106.6253,10.7575],[106.6244,10.756],[106.6213,10.7571],[106.6153,10.7577],[106.6126,10.7582],[106.6101,10.7578],[106.6073,10.7581],[106.6066,10.758],[106.603,10.7588],[106.6033,10.7618],[106.5987,10.7628],[106.5965,10.7618],[106.5962,10.7624],[106.5919,10.7641],[106.5905,10.7652],[106.5907,10.7671],[106.5931,10.7784],[106.5955,10.7779],[106.6009,10.7764],[106.609,10.7763],[106.6091,10.7794],[106.6116,10.7787],[106.6122,10.7808],[106.6148,10.7803],[106.6188,10.7802],[106.6201,10.7805],[106.6213,10.7771],[106.6216,10.7737],[106.622,10.7713],[106.6237,10.7642],[106.6241,10.7625]]]},"properties":{"code":"27448","name":"Phường Bình Trị Đông"}},{"type":"Feature","geometry":{"type":"Polygon","coordinates":[[[106.757,10.8132],[106.7592,10.8137],[106.7606,10.8144],[106.7617,10.8146],[106.763,10.8141],[106.7638,10.8133],[106.7642,10.8109],[106.7647,10.8098],[106.7656,10.8089],[106.7674,10.8082],[106.7689,10.8084],[106.7707,10.8084],[106.7725,10.8076],[106.7749,10.8078],[106.7768,10.809],[106.7811,10.7944],[106.7816,10.7926],[106.7816,10.7904],[106.7868,10.7907],[106.7872,10.7856],[106.787,10.7846],[106.7849,10.7835],[106.7837,10.7822],[106.7845,10.7813],[106.7868,10.7803],[106.7899,10.7785],[106.7897,10.7766],[106.7897,10.7762],[106.7894,10.7752],[106.7873,10.7765],[106.7868,10.7766],[106.7854,10.7747],[106.7825,10.7756],[106.7794,10.7759],[106.7778,10.7757],[106.7752,10.7762],[106.773,10.7761],[106.7725,10.777],[106.7724,10.7788],[106.7729,10.7793],[106.7716,10.7806],[106.7712,10.7821],[106.7654,10.7815],[106.7639,10.7816],[106.7634,10.7822],[106.761,10.7824],[106.7606,10.7821],[106.758,10.7834],[106.7565,10.7829],[106.7551,10.7828],[106.7543,10.7822],[106.7544,10.7814],[106.7534,10.7811],[106.7513,10.7786],[106.75,10.776],[106.7475,10.7736],[106.7452,10.7755],[106.744,10.7763],[106.7446,10.779],[106.745,10.7796],[106.748,10.7808],[106.7535,10.785],[106.7509,10.7878],[106.7519,10.7925],[106.7543,10.8058],[106.7557,10.8083],[106.7567,10.8105],[106.757,10.8132]]]},"properties":{"code":"27097","name":"Phường Bình Trưng"}},{"type":"Feature","geometry":{"type":"Polygon","coordinates":[[[106.8643,10.4071],[106.8631,10.4113],[106.8624,10.4144],[106.8618,10.4156],[106.8617,10.4174],[106.8597,10.4209],[106.8592,10.4233],[106.8582,10.4267],[106.858,10.4283],[106.8584,10.4323],[106.8591,10.4344],[106.8605,10.4377],[106.8616,10.4395],[106.8623,10.4414],[106.8648,10.4452],[106.8653,10.4465],[106.8653,10.4487],[106.8656,10.4502],[106.8665,10.4517],[106.87,10.4556],[106.872,10.4574],[106.873,10.4599],[106.8727,10.4635],[106.8719,10.4646],[106.8705,10.4658],[106.8667,10.4681],[106.8639,10.4701],[106.8629,10.4717],[106.8619,10.4757],[106.8625,10.4786],[106.8635,10.48],[106.8662,10.4848],[106.867,10.4875],[106.867,10.4891],[106.8667,10.4906],[106.8656,10.4931],[106.8638,10.4947],[106.8655,10.4968],[106.8665,10.4974],[106.8691,10.498],[106.871,10.499],[106.8724,10.5005],[106.8732,10.5022],[106.8733,10.5035],[106.8728,10.5047],[106.871,10.506],[106.8677,10.5076],[106.8668,10.5087],[106.8673,10.5101],[106.8696,10.5122],[106.8706,10.5136],[106.871,10.515],[106.8712,10.5181],[106.8727,10.5233],[106.8738,10.5225],[106.8768,10.5212],[106.882,10.5195],[106.8838,10.5191],[106.8871,10.5189],[106.8926,10.5192],[106.8954,10.519],[106.897,10.5187],[106.8998,10.5175],[106.9026,10.5166],[106.9038,10.5165],[106.9067,10.5168],[106.908,10.5173],[106.9112,10.5193],[106.9131,10.5229],[106.9134,10.5253],[106.9138,10.5274],[106.915,10.5296],[106.917,10.5312],[106.9184,10.5317],[106.9205,10.5317],[106.9221,10.5313],[106.9244,10.5303],[106.9282,10.5283],[106.932,10.5272],[106.9369,10.5261],[106.9394,10.5251],[106.9429,10.5232],[106.9449,10.5215],[106.9466,10.5191],[106.948,10.5156],[106.9488,10.5122],[106.9492,10.5082],[106.9491,10.5012],[106.9492,10.499],[106.9497,10.4953],[106.9507,10.4901],[106.9508,10.4869],[106.9505,10.4855],[106.9492,10.4834],[106.9451,10.4797],[106.9397,10.4749],[106.9386,10.4736],[106.9381,10.4714],[106.9386,10.4699],[106.9314,10.4671],[106.9313,10.4662],[106.933,10.4647],[106.9329,10.4639],[106.934,10.4637],[106.934,10.4627],[106.9347,10.462],[106.9343,10.4603],[106.9322,10.4561],[106.9321,10.4553],[106.9326,10.4533],[106.9321,10.4522],[106.9329,10.4501],[106.9324,10.4464],[106.9333,10.4451],[106.9339,10.4436],[106.9381,10.436],[106.9401,10.4353],[106.9415,10.4351],[106.9423,10.4342],[106.9426,10.4331],[106.9436,10.4329],[106.9467,10.428],[106.9477,10.4276],[106.9481,10.4264],[106.9501,10.4258],[106.9516,10.4257],[106.9518,10.4252],[106.9536,10.4246],[106.954,10.4236],[106.9552,10.4236],[106.9565,10.4226],[106.9574,10.4224],[106.9581,10.4212],[106.9594,10.42],[106.9608,10.4211],[106.9635,10.4185],[106.9645,10.4166],[106.9656,10.4162],[106.9677,10.4165],[106.9681,10.4172],[106.9699,10.4166],[106.9708,10.4174],[106.9722,10.4174],[106.9731,10.4166],[106.9748,10.4157],[106.974,10.4127],[106.9733,10.4108],[106.971,10.4071],[106.9639,10.4043],[106.9586,10.4019],[106.9491,10.3983],[106.9477,10.3979],[106.9436,10.3963],[106.9399,10.395],[106.937,10.3946],[106.936,10.3948],[106.9348,10.3942],[106.9339,10.3929],[106.931,10.3914],[106.9275,10.3898],[106.9207,10.3863],[106.9206,10.3857],[106.9214,10.3837],[106.9199,10.3834],[106.9183,10.3821],[106.9171,10.3817],[106.916,10.3829],[106.9135,10.3821],[106.9117,10.3826],[106.9101,10.3822],[106.9089,10.3814],[106.9068,10.3806],[106.9052,10.3797],[106.9004,10.3779],[106.8983,10.3772],[106.8951,10.3773],[106.8906,10.377],[106.8877,10.3772],[106.8856,10.3771],[106.8821,10.3766],[106.8809,10.3771],[106.8795,10.3769],[106.8788,10.3773],[106.8752,10.3778],[106.8758,10.3787],[106.8786,10.3809],[106.8799,10.3826],[106.8801,10.3847],[106.8807,10.3859],[106.8814,10.3888],[106.8804,10.391],[106.8795,10.3917],[106.8789,10.3937],[106.8794,10.3954],[106.8791,10.3962],[106.8779,10.3964],[106.8775,10.3972],[106.8768,10.4006],[106.876,10.4013],[106.8737,10.4075],[106.8736,10.4085],[106.8643,10.4071]]]},"properties":{"code":"27664","name":"Xã Cần Giờ"}},{"type":"Feature","geometry":{"type":"Polygon","coordinates":[[[106.7697,10.7442],[106.7625,10.7445],[106.7588,10.7445],[106.7571,10.7439],[106.7518,10.7419],[106.7492,10.7418],[106.7467,10.7427],[106.7459,10.7433],[106.7447,10.7451],[106.7442,10.7475],[106.7445,10.749],[106.7453,10.7512],[106.7466,10.7537],[106.7518,10.7599],[106.7524,10.7611],[106.753,10.7641],[106.7526,10.7666],[106.7518,10.7694],[106.7475,10.7736],[106.75,10.776],[106.7513,10.7786],[106.7534,10.7811],[106.7544,10.7814],[106.7543,10.7822],[106.7551,10.7828],[106.7565,10.7829],[106.758,10.7834],[106.7606,10.7821],[106.761,10.7824],[106.7634,10.7822],[106.7639,10.7816],[106.7654,10.7815],[106.7712,10.7821],[106.7716,10.7806],[106.7729,10.7793],[106.7724,10.7788],[106.7725,10.777],[106.773,10.7761],[106.7752,10.7762],[106.7778,10.7757],[106.7794,10.7759],[106.7825,10.7756],[106.7854,10.7747],[106.7868,10.7766],[106.7873,10.7765],[106.7894,10.7752],[106.7897,10.7762],[106.7897,10.7766],[106.7899,10.7785],[106.7943,10.7785],[106.7958,10.7788],[106.7977,10.7785],[106.7987,10.776],[106.8016,10.7757],[106.8026,10.7749],[106.8043,10.7762],[106.8072,10.7759],[106.81,10.7747],[106.8061,10.7707],[106.8051,10.7685],[106.8046,10.7656],[106.8038,10.7636],[106.8026,10.7618],[106.8009,10.7601],[106.7991,10.7589],[106.791,10.7553],[106.7818,10.7513],[106.7781,10.7501],[106.7737,10.7477],[106.7697,10.7442]]]},"properties":{"code":"27112","name":"Phường Cát Lái"}},{"type":"Feature","geometry":{"type":"Polygon","coordinates":[[[106.682,10.7916],[106.681,10.7924],[106.6779,10.7942],[106.6778,10.7949],[106.6796,10.7967],[106.6786,10.7993],[106.6806,10.7994],[106.685,10.8038],[106.6856,10.804],[106.6879,10.8037],[106.6909,10.8033],[106.6907,10.8024],[106.6921,10.8023],[106.6925,10.8005],[106.6918,10.8003],[106.692,10.7961],[106.6916,10.7955],[106.691,10.7958],[106.6892,10.7956],[106.6877,10.7949],[106.6868,10.7952],[106.6862,10.7966],[106.6854,10.7969],[106.6848,10.7959],[106.6851,10.7945],[106.6862,10.7934],[106.6861,10.7925],[106.6855,10.7922],[106.6832,10.7923],[106.682,10.7916]]]},"properties":{"code":"27058","name":"Phường Cầu Kiệu"}},{"type":"Feature","geometry":{"type":"Polygon","coordinates":[[[106.6974,10.7671],[106.6993,10.7641],[106.6982,10.7634],[106.6969,10.7617],[106.6953,10.7599],[106.6924,10.7581],[106.6895,10.7558],[106.687,10.7533],[106.6864,10.7547],[106.6851,10.7566],[106.6817,10.7654],[106.6845,10.7684],[106.6895,10.7662],[106.6908,10.7642],[106.6927,10.7649],[106.6943,10.7668],[106.6949,10.765],[106.6974,10.7671]]]},"properties":{"code":"26758","name":"Phường Cầu Ông Lãnh"}},{"type":"Feature","geometry":{"type":"Polygon","coordinates":[[[106.6589,11.0116],[106.6581,11.0101],[106.6568,11.0088],[106.6505,11.0065],[106.6493,11.0058],[106.6456,11.0051],[106.647,10.9995],[106.6474,10.9987],[106.6476,10.9985],[106.6492,10.997],[106.6497,10.9967],[106.6489,10.9947],[106.6464,10.9939],[106.6441,10.9935],[106.6442,10.9927],[106.6442,10.9921],[106.6441,10.9913],[106.6442,10.99],[106.6425,10.9899],[106.6407,10.9894],[106.6377,10.9893],[106.6368,10.9881],[106.6346,10.9878],[106.6333,10.9874],[106.6309,10.9855],[106.6298,10.9824],[106.6305,10.9813],[106.6302,10.9808],[106.6306,10.9787],[106.6305,10.9787],[106.6271,10.9795],[106.625,10.9812],[106.6237,10.9829],[106.6213,10.9855],[106.6178,10.9874],[106.6166,10.9887],[106.616,10.9905],[106.616,10.9918],[106.616,10.9919],[106.6166,10.9937],[106.6201,10.9995],[106.6211,11.0023],[106.6212,11.0043],[106.6204,11.0074],[106.6189,11.0098],[106.6176,11.0109],[106.6159,11.0115],[106.6164,11.0127],[106.6173,11.0138],[106.6174,11.0164],[106.6191,11.0173],[106.6209,11.0177],[106.6218,11.0183],[106.6206,11.0199],[106.6203,11.021],[106.6248,11.0211],[106.6273,11.0217],[106.6359,11.0243],[106.6394,11.0241],[106.6428,11.0227],[106.6446,11.0232],[106.6477,11.026],[106.6449,11.0278],[106.6407,11.0329],[106.6401,11.0342],[106.6431,11.0395],[106.6472,11.0461],[106.653,11.0522],[106.6536,11.0532],[106.654,11.0564],[106.6536,11.0581],[106.658,11.0584],[106.6581,11.0579],[106.6618,11.057],[106.6636,11.057],[106.6646,11.0569],[106.6626,11.0515],[106.6617,11.0494],[106.662,11.0492],[106.6591,11.0454],[106.6567,11.0436],[106.6575,11.042],[106.6552,11.0412],[106.6532,11.0407],[106.6545,11.0388],[106.6557,11.0353],[106.6556,11.0345],[106.6562,11.0334],[106.661,11.0288],[106.6603,11.0283],[106.6623,11.0267],[106.6635,11.0266],[106.6641,11.0251],[106.6596,11.0232],[106.6603,11.0213],[106.6615,11.0192],[106.6624,11.017],[106.6635,11.0156],[106.6616,11.0136],[106.6588,11.0123],[106.6589,11.0116]]]},"properties":{"code":"25771","name":"Phường Chánh Hiệp"}},{"type":"Feature","geometry":{"type":"Polygon","coordinates":[[[106.6903,10.752],[106.6904,10.7499],[106.6919,10.748],[106.6927,10.7464],[106.6928,10.7441],[106.6918,10.7424],[106.6921,10.7414],[106.69,10.741],[106.687,10.7401],[106.6848,10.7398],[106.683,10.7394],[106.683,10.7385],[106.6821,10.7367],[106.6822,10.7347],[106.6781,10.7354],[106.6768,10.7351],[106.6748,10.736],[106.6739,10.7375],[106.666,10.7324],[106.6657,10.7342],[106.6656,10.735],[106.6647,10.7365],[106.6642,10.738],[106.6638,10.7406],[106.6615,10.7419],[106.6617,10.7429],[106.6615,10.7439],[106.662,10.7457],[106.6632,10.747],[106.6692,10.749],[106.6698,10.7495],[106.6713,10.7493],[106.6737,10.7487],[106.6749,10.7488],[106.6761,10.7495],[106.6773,10.7515],[106.681,10.752],[106.6845,10.7509],[106.6866,10.7519],[106.6903,10.752]]]},"properties":{"code":"27418","name":"Phường Chánh Hưng"}},{"type":"Feature","geometry":{"type":"Polygon","coordinates":[[[106.721,11.2587],[106.721,11.2521],[106.7195,11.2521],[106.7193,11.2515],[106.7166,11.2476],[106.7161,11.2478],[106.7128,11.2429],[106.7117,11.2429],[106.7117,11.2413],[106.7094,11.2395],[106.7062,11.2392],[106.7065,11.2373],[106.7058,11.2367],[106.7043,11.2364],[106.7046,11.2343],[106.7061,11.2331],[106.7059,11.2317],[106.7063,11.2302],[106.7083,11.2247],[106.7103,11.2249],[106.7111,11.2193],[106.712,11.2108],[106.7214,11.2034],[106.7217,11.2028],[106.709,11.2014],[106.7077,11.2018],[106.7067,11.201],[106.705,11.201],[106.7036,11.2005],[106.7011,11.1981],[106.6993,11.1967],[106.6976,11.197],[106.6968,11.1967],[106.6956,11.1954],[106.6961,11.1945],[106.6954,11.1937],[106.6939,11.1927],[106.6921,11.1919],[106.6908,11.1908],[106.6887,11.1875],[106.687,11.1856],[106.6847,11.1832],[106.6836,11.1826],[106.6832,11.1803],[106.6834,11.1776],[106.6818,11.1718],[106.6815,11.1698],[106.6793,11.162],[106.6803,11.1621],[106.679,11.1578],[106.6804,11.1576],[106.6801,11.1553],[106.682,11.1552],[106.6826,11.1535],[106.6825,11.1522],[106.6835,11.1505],[106.6837,11.1487],[106.6833,11.1444],[106.684,11.143],[106.6832,11.1418],[106.6838,11.1398],[106.6847,11.1393],[106.6845,11.1378],[106.6857,11.1357],[106.6858,11.1338],[106.6865,11.1323],[106.687,11.1322],[106.6885,11.1287],[106.6857,11.1276],[106.6831,11.1277],[106.6809,11.1284],[106.6787,11.1289],[106.6791,11.1276],[106.6768,11.1282],[106.6759,11.1279],[106.6734,11.1285],[106.6733,11.1294],[106.6699,11.1291],[106.6695,11.1304],[106.668,11.1306],[106.6662,11.1311],[106.666,11.1302],[106.6646,11.1303],[106.6644,11.1329],[106.6555,11.133],[106.6555,11.1333],[106.6402,11.1335],[106.6394,11.133],[106.6394,11.1298],[106.639,11.1216],[106.6365,11.1178],[106.6346,11.1171],[106.6307,11.1184],[106.631,11.1192],[106.631,11.1215],[106.6307,11.1234],[106.6304,11.1276],[106.6292,11.1423],[106.6295,11.1423],[106.6304,11.1444],[106.6373,11.152],[106.6358,11.1537],[106.635,11.1545],[106.634,11.1554],[106.6323,11.1535],[106.6295,11.1545],[106.6279,11.1559],[106.6255,11.1568],[106.6258,11.1587],[106.6238,11.1598],[106.6231,11.1591],[106.6221,11.1602],[106.6226,11.1615],[106.6233,11.1621],[106.6223,11.1646],[106.6226,11.1665],[106.6215,11.168],[106.6225,11.1683],[106.6234,11.1694],[106.6249,11.169],[106.6257,11.1696],[106.6257,11.1704],[106.628,11.1718],[106.6286,11.1728],[106.6303,11.1733],[106.6321,11.1747],[106.6327,11.1765],[106.6341,11.1767],[106.6362,11.1783],[106.6363,11.1795],[106.637,11.1802],[106.6395,11.1818],[106.6398,11.1823],[106.6415,11.1832],[106.6428,11.1837],[106.6444,11.1846],[106.6462,11.186],[106.647,11.1871],[106.6489,11.1884],[106.6497,11.1876],[106.6513,11.1883],[106.6519,11.1894],[106.6513,11.1898],[106.6474,11.1939],[106.6468,11.195],[106.6463,11.197],[106.6461,11.2073],[106.6473,11.2076],[106.6523,11.2075],[106.6523,11.2118],[106.6595,11.2118],[106.6607,11.2119],[106.6615,11.2126],[106.6616,11.2135],[106.67,11.2138],[106.6712,11.2144],[106.6717,11.2158],[106.6728,11.2171],[106.6736,11.2172],[106.6752,11.2185],[106.6758,11.2197],[106.6768,11.2201],[106.6807,11.2257],[106.6817,11.2274],[106.683,11.2288],[106.6831,11.2301],[106.6811,11.2319],[106.6807,11.2328],[106.6808,11.2349],[106.6803,11.2362],[106.6807,11.2387],[106.6795,11.2486],[106.6818,11.2489],[106.6969,11.2507],[106.7024,11.2513],[106.7071,11.252],[106.707,11.2537],[106.709,11.2545],[106.7103,11.2578],[106.712,11.2591],[106.714,11.2591],[106.7165,11.257],[106.7175,11.257],[106.72,11.2584],[106.721,11.2587]]]},"properties":{"code":"25837","name":"Phường Chánh Phú Hòa"}},{"type":"Feature","geometry":{"type":"Polygon","coordinates":[[[106.757,10.8132],[106.7567,10.8105],[106.7557,10.8083],[106.7543,10.8058],[106.7519,10.7925],[106.7509,10.7878],[106.7535,10.785],[106.748,10.7808],[106.745,10.7796],[106.7446,10.779],[106.744,10.7763],[106.7422,10.7772],[106.7403,10.7776],[106.7378,10.777],[106.7359,10.7758],[106.7354,10.7746],[106.7348,10.7719],[106.7341,10.7679],[106.7341,10.766],[106.7338,10.7642],[106.7333,10.7629],[106.7318,10.7608],[106.7304,10.76],[106.7279,10.7594],[106.7262,10.7592],[106.7221,10.7593],[106.7215,10.7594],[106.7169,10.7613],[106.7131,10.7633],[106.7116,10.7645],[106.7101,10.7661],[106.7085,10.7695],[106.7081,10.771],[106.7082,10.7735],[106.7086,10.7769],[106.7092,10.7791],[106.7103,10.7816],[106.7114,10.783],[106.7141,10.785],[106.7153,10.7852],[106.7174,10.7856],[106.7203,10.7865],[106.7226,10.7881],[106.7232,10.7881],[106.7241,10.789],[106.7262,10.7922],[106.7271,10.7953],[106.7275,10.7981],[106.7271,10.7985],[106.7271,10.8002],[106.7265,10.8014],[106.7232,10.806],[106.7231,10.8062],[106.7222,10.8098],[106.7226,10.8119],[106.7237,10.8143],[106.726,10.8171],[106.7293,10.8192],[106.7316,10.8198],[106.7329,10.8194],[106.7341,10.8185],[106.7352,10.8167],[106.7363,10.8131],[106.7376,10.8109],[106.7401,10.8092],[106.7433,10.8084],[106.7464,10.8087],[106.7484,10.8097],[106.7497,10.811],[106.7512,10.813],[106.755,10.8132],[106.757,10.8132]]]},"properties":{"code":"27094","name":"Phường An Khánh"}},{"type":"Feature","geometry":{"type":"Polygon","coordinates":[[[107.1654,10.685],[107.1658,10.6866],[107.1666,10.6876],[107.1663,10.689],[107.1667,10.6909],[107.1659,10.6917],[107.1657,10.6931],[107.166,10.6939],[107.1657,10.6968],[107.1652,10.6977],[107.1655,10.6984],[107.165,10.7002],[107.1659,10.704],[107.1657,10.7048],[107.1665,10.7071],[107.1635,10.7096],[107.164,10.7114],[107.1653,10.7137],[107.1656,10.7165],[107.1643,10.7158],[107.1628,10.7145],[107.1615,10.713],[107.1598,10.7104],[107.1538,10.7103],[107.1516,10.7099],[107.1397,10.7096],[107.1394,10.7179],[107.1406,10.7189],[107.1406,10.7199],[107.1398,10.72],[107.1391,10.7218],[107.1392,10.7244],[107.139,10.7251],[107.139,10.7275],[107.1397,10.7276],[107.1408,10.7268],[107.143,10.724],[107.1448,10.7247],[107.1454,10.7262],[107.1436,10.7281],[107.1436,10.7297],[107.1444,10.7302],[107.1464,10.73],[107.1467,10.7311],[107.1451,10.7318],[107.1443,10.7326],[107.1391,10.7325],[107.1388,10.7374],[107.1388,10.7409],[107.1384,10.745],[107.1447,10.7446],[107.1459,10.7441],[107.148,10.7447],[107.1491,10.744],[107.1495,10.7445],[107.1508,10.7444],[107.1516,10.744],[107.1522,10.7446],[107.1544,10.7442],[107.155,10.7452],[107.1561,10.7461],[107.1572,10.7464],[107.159,10.7484],[107.1603,10.7482],[107.1607,10.7493],[107.1624,10.7498],[107.1638,10.7498],[107.1645,10.7508],[107.1648,10.752],[107.1669,10.754],[107.1681,10.7528],[107.1695,10.7537],[107.1709,10.7551],[107.1711,10.7567],[107.1717,10.7579],[107.1728,10.7584],[107.1738,10.7593],[107.1741,10.7606],[107.1756,10.7614],[107.1792,10.7622],[107.1799,10.7646],[107.1808,10.7646],[107.1806,10.7662],[107.1809,10.7672],[107.1827,10.7683],[107.1848,10.7685],[107.187,10.7698],[107.1874,10.7711],[107.1894,10.772],[107.1904,10.7714],[107.1924,10.7718],[107.1937,10.7715],[107.1957,10.7718],[107.1976,10.7717],[107.1992,10.7722],[107.2005,10.773],[107.2052,10.7748],[107.2066,10.7745],[107.2068,10.7738],[107.2065,10.7595],[107.2073,10.7588],[107.2082,10.7596],[107.2159,10.7593],[107.2175,10.7574],[107.2187,10.7577],[107.2194,10.7573],[107.2214,10.757],[107.222,10.7576],[107.2237,10.7577],[107.2247,10.7582],[107.2256,10.7595],[107.2273,10.7593],[107.2278,10.7606],[107.2277,10.7618],[107.2288,10.7622],[107.2294,10.7635],[107.2316,10.7642],[107.2334,10.7623],[107.2351,10.7613],[107.2372,10.7607],[107.2386,10.7616],[107.2404,10.7618],[107.242,10.7592],[107.2443,10.7597],[107.2444,10.7584],[107.2441,10.7562],[107.2752,10.7556],[107.3005,10.755],[107.2995,10.7504],[107.2988,10.7476],[107.2982,10.7465],[107.2852,10.7409],[107.2839,10.7402],[107.281,10.7418],[107.2799,10.7419],[107.2788,10.741],[107.277,10.7382],[107.2764,10.7367],[107.2749,10.7352],[107.2792,10.7354],[107.2794,10.734],[107.2802,10.731],[107.2825,10.7289],[107.2825,10.7274],[107.2811,10.7247],[107.2816,10.7236],[107.2813,10.7229],[107.2811,10.7208],[107.2802,10.7198],[107.2763,10.7194],[107.2747,10.7194],[107.2601,10.7189],[107.2534,10.7187],[107.2496,10.7185],[107.2409,10.7167],[107.2397,10.7224],[107.2395,10.7235],[107.2357,10.7235],[107.231,10.7238],[107.2269,10.7238],[107.2259,10.7224],[107.2237,10.7212],[107.2211,10.7209],[107.2199,10.721],[107.2183,10.7196],[107.217,10.7196],[107.2143,10.7183],[107.2101,10.7182],[107.2096,10.7177],[107.2075,10.7176],[107.2074,10.7158],[107.2065,10.7143],[107.2054,10.7128],[107.2054,10.7123],[107.2044,10.711],[107.2043,10.7093],[107.2053,10.7086],[107.2054,10.7074],[107.206,10.707],[107.2061,10.7051],[107.2032,10.704],[107.2,10.702],[107.1985,10.7014],[107.197,10.7004],[107.1965,10.6986],[107.1948,10.6967],[107.1951,10.6958],[107.1942,10.6945],[107.1907,10.6932],[107.1901,10.6916],[107.188,10.6914],[107.1869,10.6892],[107.1846,10.6894],[107.1847,10.6898],[107.1827,10.6915],[107.1821,10.6896],[107.1814,10.6888],[107.1808,10.6873],[107.1808,10.686],[107.1785,10.6851],[107.1785,10.6841],[107.1768,10.683],[107.1749,10.6825],[107.1747,10.6819],[107.1724,10.6814],[107.1722,10.6809],[107.1704,10.6808],[107.1692,10.6826],[107.1679,10.6835],[107.1675,10.685],[107.1657,10.6855],[107.1654,10.685]]]},"properties":{"code":"26596","name":"Xã Châu Đức"}},{"type":"Feature","geometry":{"type":"Polygon","coordinates":[[[107.0927,10.5902],[107.0893,10.5963],[107.087,10.6017],[107.0855,10.6014],[107.0828,10.6032],[107.0822,10.604],[107.0805,10.6042],[107.0793,10.6047],[107.0777,10.6046],[107.0769,10.6052],[107.078,10.6096],[107.0819,10.6089],[107.0827,10.6107],[107.083,10.6123],[107.0838,10.613],[107.0836,10.6141],[107.0844,10.6161],[107.0837,10.6166],[107.0813,10.6173],[107.0819,10.6181],[107.0812,10.6204],[107.0802,10.6208],[107.0789,10.6221],[107.078,10.624],[107.0788,10.6244],[107.0783,10.6253],[107.0793,10.626],[107.08,10.626],[107.0807,10.6274],[107.0827,10.6278],[107.083,10.6281],[107.0855,10.6281],[107.0873,10.6287],[107.0898,10.6284],[107.0922,10.6284],[107.094,10.6293],[107.0947,10.6293],[107.0976,10.6282],[107.0986,10.6273],[107.1006,10.6263],[107.1025,10.6265],[107.1044,10.627],[107.106,10.6266],[107.1092,10.6271],[107.1108,10.6267],[107.112,10.6276],[107.113,10.6264],[107.1117,10.622],[107.1114,10.6197],[107.1214,10.6183],[107.1215,10.6207],[107.1229,10.6203],[107.1252,10.6203],[107.127,10.6224],[107.1286,10.6228],[107.1306,10.6217],[107.1313,10.6199],[107.1339,10.6202],[107.1388,10.6215],[107.1426,10.6216],[107.1418,10.6202],[107.1404,10.6202],[107.1393,10.6196],[107.1384,10.6178],[107.1384,10.6163],[107.1397,10.6166],[107.1404,10.6174],[107.1414,10.6162],[107.1426,10.6163],[107.1442,10.6168],[107.1449,10.6148],[107.1496,10.6173],[107.1536,10.6189],[107.1542,10.618],[107.1561,10.6163],[107.1567,10.6152],[107.1578,10.6152],[107.1584,10.6165],[107.1585,10.6181],[107.16,10.62],[107.163,10.6201],[107.164,10.6189],[107.1647,10.6187],[107.1651,10.6173],[107.1641,10.6175],[107.1639,10.6166],[107.1623,10.616],[107.162,10.6147],[107.1614,10.6139],[107.1603,10.6133],[107.16,10.6115],[107.1602,10.6107],[107.1617,10.6099],[107.1624,10.6084],[107.1618,10.6076],[107.1605,10.6067],[107.1611,10.6059],[107.1621,10.6065],[107.1624,10.6056],[107.1634,10.6057],[107.1633,10.6047],[107.1641,10.6036],[107.1642,10.6012],[107.1655,10.6009],[107.1664,10.6001],[107.1667,10.5989],[107.1682,10.5983],[107.1669,10.595],[107.1674,10.5942],[107.1675,10.5929],[107.1666,10.5916],[107.1677,10.5895],[107.1662,10.5899],[107.1663,10.5877],[107.1674,10.5851],[107.1665,10.5842],[107.1682,10.5838],[107.1693,10.5826],[107.1689,10.5818],[107.1698,10.5812],[107.1691,10.5804],[107.1698,10.5781],[107.1704,10.5778],[107.1708,10.5765],[107.1702,10.5756],[107.1705,10.5744],[107.1703,10.5727],[107.1712,10.5722],[107.1709,10.5698],[107.1731,10.5683],[107.1736,10.5667],[107.1726,10.5639],[107.1737,10.5621],[107.1731,10.5604],[107.1719,10.5605],[107.1716,10.5596],[107.1701,10.5593],[107.1684,10.5594],[107.1685,10.5583],[107.1695,10.556],[107.1697,10.5549],[107.1704,10.5493],[107.1715,10.5413],[107.171,10.5383],[107.1711,10.5349],[107.1689,10.5349],[107.1679,10.5358],[107.1657,10.5366],[107.1574,10.5322],[107.1549,10.5337],[107.154,10.5346],[107.1521,10.5359],[107.1511,10.5361],[107.1481,10.5357],[107.1465,10.5427],[107.1415,10.5482],[107.1327,10.5569],[107.1274,10.5547],[107.1256,10.5545],[107.1214,10.5532],[107.1205,10.5541],[107.1187,10.5553],[107.1177,10.5564],[107.1139,10.5566],[107.1144,10.5573],[107.1141,10.5584],[107.1117,10.5599],[107.1086,10.5631],[107.1083,10.5638],[107.1088,10.5654],[107.1047,10.5724],[107.1046,10.5756],[107.1034,10.5769],[107.1028,10.5795],[107.1014,10.58],[107.0987,10.5799],[107.099,10.5819],[107.1001,10.5846],[107.0979,10.5851],[107.0955,10.5862],[107.0947,10.5881],[107.0947,10.589],[107.0927,10.5902]]]},"properties":{"code":"26728","name":"Xã Châu Pha"}},{"type":"Feature","geometry":{"type":"Polygon","coordinates":[[[106.6656,10.7592],[106.6663,10.756],[106.667,10.7501],[106.6649,10.7501],[106.6588,10.7481],[106.6569,10.7473],[106.655,10.7461],[106.6539,10.7486],[106.6533,10.7516],[106.6505,10.7514],[106.6507,10.7534],[106.6511,10.7563],[106.6615,10.7584],[106.6656,10.7592]]]},"properties":{"code":"27343","name":"Phường Chợ Lớn"}},{"type":"Feature","geometry":{"type":"Polygon","coordinates":[[[106.5155,11.0072],[106.5164,11.0065],[106.5181,11.0048],[106.5186,11.0036],[106.5197,11.0031],[106.522,11.0031],[106.5264,11.0002],[106.5272,10.9998],[106.5306,10.9977],[106.5321,10.9969],[106.5387,10.9955],[106.538,10.9948],[106.5378,10.9932],[106.5385,10.9927],[106.5385,10.9901],[106.5379,10.9896],[106.5383,10.9884],[106.5376,10.9875],[106.5377,10.984],[106.5381,10.9833],[106.5434,10.9778],[106.5504,10.9752],[106.5579,10.9725],[106.5614,10.9711],[106.5628,10.9701],[106.5641,10.9687],[106.5651,10.9669],[106.5687,10.9592],[106.5731,10.9506],[106.5745,10.948],[106.5765,10.9446],[106.5785,10.9401],[106.5807,10.9337],[106.5831,10.9298],[106.5837,10.9287],[106.5815,10.9293],[106.5816,10.9261],[106.5825,10.9251],[106.5842,10.9204],[106.5841,10.9196],[106.5797,10.92],[106.5741,10.9198],[106.567,10.9193],[106.5641,10.9189],[106.563,10.9182],[106.561,10.9171],[106.5469,10.9163],[106.5387,10.916],[106.5369,10.916],[106.5197,10.9181],[106.5088,10.9195],[106.4956,10.9209],[106.4873,10.925],[106.4877,10.9263],[106.496,10.9423],[106.4986,10.9473],[106.4977,10.9475],[106.498,10.9502],[106.5004,10.9539],[106.5007,10.9546],[106.4994,10.9564],[106.4983,10.96],[106.4985,10.9614],[106.4994,10.9613],[106.5002,10.9631],[106.4996,10.9634],[106.5002,10.9648],[106.5002,10.9681],[106.4997,10.9682],[106.4997,10.9699],[106.5,10.9707],[106.5018,10.97],[106.5033,10.9735],[106.5029,10.9753],[106.5037,10.9757],[106.5054,10.9748],[106.5061,10.9764],[106.5035,10.9776],[106.5031,10.978],[106.5078,10.9806],[106.5073,10.9812],[106.5051,10.9799],[106.5036,10.9809],[106.5,10.9842],[106.4981,10.9855],[106.4968,10.9859],[106.4993,10.9899],[106.5056,10.9965],[106.5084,10.9993],[106.5133,11.0045],[106.5155,11.0072]]]},"properties":{"code":"27553","name":"Xã Củ Chi"}},{"type":"Feature","geometry":{"type":"Polygon","coordinates":[[[107.3756,10.4968],[107.3743,10.4965],[107.3746,10.4953],[107.3719,10.4953],[107.372,10.4966],[107.371,10.4967],[107.3694,10.4985],[107.3674,10.4973],[107.3652,10.4969],[107.3642,10.4951],[107.3602,10.4946],[107.3553,10.4946],[107.3535,10.4935],[107.3496,10.4917],[107.3491,10.4907],[107.3475,10.49],[107.3457,10.4882],[107.3435,10.4869],[107.3418,10.4864],[107.3401,10.4861],[107.3386,10.4855],[107.337,10.4841],[107.3358,10.4833],[107.3304,10.4807],[107.3264,10.4823],[107.3255,10.4823],[107.3227,10.4831],[107.3194,10.4859],[107.318,10.4857],[107.3161,10.4865],[107.3142,10.4864],[107.3125,10.4875],[107.3116,10.486],[107.3113,10.4842],[107.31,10.4834],[107.3082,10.4831],[107.3074,10.4813],[107.3055,10.4816],[107.3045,10.4814],[107.3033,10.4804],[107.3025,10.4818],[107.3017,10.4818],[107.3014,10.4849],[107.3009,10.4864],[107.2999,10.4867],[107.299,10.4879],[107.2971,10.4883],[107.2958,10.488],[107.2958,10.4858],[107.2955,10.4822],[107.2957,10.4785],[107.2954,10.477],[107.2957,10.4759],[107.2955,10.4742],[107.294,10.4738],[107.292,10.4736],[107.291,10.473],[107.2883,10.4722],[107.2876,10.4732],[107.2859,10.4737],[107.2855,10.4732],[107.2839,10.4733],[107.2832,10.4723],[107.2818,10.4734],[107.2807,10.4736],[107.2803,10.4707],[107.2788,10.4705],[107.2782,10.4687],[107.2773,10.4684],[107.2756,10.4664],[107.2744,10.4664],[107.2742,10.4651],[107.2711,10.4642],[107.269,10.462],[107.2678,10.4623],[107.2677,10.4614],[107.2669,10.4614],[107.2646,10.4586],[107.2639,10.4595],[107.2593,10.4606],[107.2573,10.4621],[107.2577,10.4635],[107.2574,10.4643],[107.2576,10.4655],[107.2498,10.4692],[107.251,10.471],[107.2512,10.4724],[107.2511,10.4751],[107.2525,10.4767],[107.2529,10.479],[107.2525,10.4814],[107.2537,10.4812],[107.2534,10.487],[107.2542,10.4888],[107.2535,10.4903],[107.2531,10.4933],[107.2524,10.4937],[107.2512,10.4957],[107.2517,10.4983],[107.251,10.4989],[107.2507,10.501],[107.2512,10.502],[107.2522,10.5026],[107.2528,10.5048],[107.2532,10.5058],[107.253,10.507],[107.252,10.5089],[107.2513,10.509],[107.2505,10.5119],[107.2507,10.5133],[107.249,10.5146],[107.247,10.5148],[107.2469,10.5134],[107.2454,10.5137],[107.2439,10.5137],[107.2436,10.5116],[107.242,10.5107],[107.2419,10.5094],[107.2409,10.5089],[107.24,10.5099],[107.2403,10.5112],[107.2415,10.5129],[107.2407,10.5144],[107.2423,10.5173],[107.242,10.5191],[107.243,10.5203],[107.2429,10.5223],[107.2437,10.5229],[107.2432,10.5238],[107.2435,10.526],[107.2447,10.5259],[107.2449,10.527],[107.2463,10.527],[107.2471,10.5291],[107.247,10.5303],[107.2473,10.531],[107.2469,10.5328],[107.2461,10.5338],[107.2455,10.5358],[107.2466,10.5379],[107.2464,10.5403],[107.2469,10.5428],[107.2477,10.5435],[107.2471,10.5445],[107.2476,10.545],[107.249,10.5452],[107.2485,10.5476],[107.2471,10.5488],[107.2486,10.5491],[107.2492,10.5499],[107.253,10.5493],[107.2538,10.5513],[107.253,10.5517],[107.2534,10.5533],[107.2541,10.5539],[107.255,10.5554],[107.2554,10.558],[107.2567,10.5603],[107.2578,10.5608],[107.2586,10.5601],[107.2593,10.563],[107.2609,10.5642],[107.2621,10.566],[107.2604,10.5669],[107.2611,10.5675],[107.2621,10.567],[107.2633,10.5671],[107.2635,10.5663],[107.2652,10.5674],[107.2654,10.5683],[107.2668,10.5698],[107.2673,10.571],[107.2673,10.572],[107.268,10.5727],[107.2688,10.571],[107.2715,10.5691],[107.2724,10.5697],[107.2737,10.5695],[107.2734,10.5731],[107.2741,10.5773],[107.2764,10.5767],[107.2772,10.5746],[107.2794,10.5746],[107.2797,10.5734],[107.2812,10.572],[107.2821,10.5708],[107.2833,10.5711],[107.2845,10.5708],[107.2849,10.5722],[107.2863,10.5724],[107.2873,10.5714],[107.2872,10.5705],[107.2888,10.5682],[107.2885,10.5677],[107.2888,10.5664],[107.2929,10.5668],[107.2954,10.5656],[107.2951,10.5648],[107.2962,10.563],[107.2972,10.5627],[107.2974,10.5618],[107.2986,10.5614],[107.3,10.5598],[107.3029,10.5594],[107.3048,10.5596],[107.3055,10.5601],[107.3055,10.561],[107.3063,10.5623],[107.3069,10.5623],[107.3098,10.5606],[107.312,10.5597],[107.3122,10.5586],[107.3132,10.5577],[107.3145,10.5572],[107.3153,10.5563],[107.3169,10.557],[107.319,10.5569],[107.3194,10.5574],[107.3208,10.5572],[107.3225,10.5576],[107.323,10.5584],[107.322,10.5588],[107.3223,10.5598],[107.3242,10.5607],[107.3252,10.5603],[107.3255,10.5617],[107.3267,10.5631],[107.3281,10.5617],[107.3296,10.5619],[107.3303,10.5608],[107.3327,10.5613],[107.3337,10.5619],[107.3336,10.5629],[107.335,10.5642],[107.3379,10.5659],[107.3379,10.5668],[107.3386,10.5676],[107.3406,10.5671],[107.3426,10.5681],[107.3452,10.568],[107.347,10.5675],[107.3477,10.5669],[107.3487,10.5662],[107.3485,10.5649],[107.3471,10.564],[107.3468,10.5632],[107.3444,10.5636],[107.3436,10.5641],[107.3421,10.5642],[107.3409,10.5619],[107.3417,10.5599],[107.3426,10.559],[107.3462,10.5583],[107.3454,10.5571],[107.3459,10.5565],[107.3478,10.5555],[107.3478,10.5532],[107.3483,10.5525],[107.3495,10.5524],[107.3487,10.5507],[107.3494,10.5496],[107.3508,10.5505],[107.3524,10.5504],[107.3528,10.5492],[107.354,10.5493],[107.3572,10.5505],[107.3581,10.552],[107.3586,10.5535],[107.3594,10.5538],[107.3599,10.5527],[107.3592,10.552],[107.3593,10.5511],[107.36,10.55],[107.3598,10.5493],[107.3604,10.5483],[107.3603,10.5464],[107.3606,10.5442],[107.3614,10.5436],[107.3633,10.5437],[107.3652,10.5447],[107.3663,10.544],[107.3672,10.5441],[107.3676,10.5431],[107.3664,10.5426],[107.3662,10.5408],[107.3665,10.5394],[107.3688,10.537],[107.3708,10.5361],[107.371,10.5355],[107.3704,10.5341],[107.3702,10.5326],[107.371,10.5313],[107.3716,10.5292],[107.3714,10.5271],[107.3701,10.525],[107.3699,10.5233],[107.3708,10.5229],[107.3707,10.5219],[107.3711,10.5204],[107.3718,10.5195],[107.3722,10.517],[107.372,10.5158],[107.3732,10.5151],[107.3737,10.5131],[107.3734,10.512],[107.3746,10.5114],[107.3754,10.5099],[107.3753,10.5088],[107.3759,10.5076],[107.3749,10.5071],[107.373,10.5053],[107.3735,10.5041],[107.374,10.5012],[107.375,10.5018],[107.3759,10.501],[107.375,10.5002],[107.3732,10.4998],[107.3732,10.4988],[107.3752,10.4988],[107.3756,10.4968]]]},"properties":{"code":"26680","name":"Xã Đất Đỏ"}},{"type":"Feature","geometry":{"type":"Polygon","coordinates":[[[106.4726,11.326],[106.4725,11.3254],[106.471,11.3234],[106.4671,11.3199],[106.4548,11.307],[106.4365,11.3109],[106.4216,11.3054],[106.397,11.288],[106.3923,11.2867],[106.3934,11.2821],[106.3963,11.271],[106.3972,11.2715],[106.402,11.2672],[106.4034,11.2616],[106.4078,11.2626],[106.4092,11.2574],[106.4047,11.2563],[106.4045,11.257],[106.3957,11.255],[106.3962,11.253],[106.3873,11.2508],[106.3869,11.2523],[106.386,11.2521],[106.3843,11.2522],[106.3824,11.2516],[106.379,11.2509],[106.3728,11.2493],[106.3722,11.249],[106.3722,11.2476],[106.3737,11.2447],[106.3744,11.2421],[106.373,11.2411],[106.3716,11.2443],[106.3705,11.2447],[106.3659,11.2418],[106.3648,11.2399],[106.3624,11.2381],[106.3599,11.2387],[106.3583,11.2404],[106.3559,11.2467],[106.3547,11.2478],[106.3531,11.2483],[106.3517,11.2483],[106.3511,11.2488],[106.3515,11.2507],[106.3526,11.2522],[106.3544,11.2533],[106.3566,11.2553],[106.3591,11.2557],[106.3606,11.2558],[106.3607,11.2575],[106.3611,11.2587],[106.3619,11.2593],[106.3636,11.2594],[106.3644,11.2604],[106.3639,11.2618],[106.3623,11.2631],[106.3606,11.2615],[106.3591,11.2608],[106.3556,11.2616],[106.3539,11.2618],[106.3518,11.2625],[106.3506,11.2626],[106.3507,11.2635],[106.3516,11.2644],[106.3529,11.2665],[106.3532,11.27],[106.3541,11.2725],[106.3541,11.2743],[106.3538,11.2766],[106.3548,11.2784],[106.3551,11.2802],[106.3539,11.2804],[106.3533,11.2817],[106.3535,11.2834],[106.3555,11.2837],[106.3564,11.2844],[106.3551,11.2868],[106.3547,11.2882],[106.3527,11.2857],[106.3524,11.2876],[106.351,11.2888],[106.3479,11.2896],[106.3468,11.2894],[106.3449,11.2874],[106.3441,11.2854],[106.3442,11.2846],[106.3452,11.2832],[106.3446,11.2825],[106.3432,11.283],[106.3408,11.2857],[106.3408,11.2873],[106.3414,11.2891],[106.3413,11.2917],[106.3409,11.2931],[106.3411,11.2938],[106.3423,11.2941],[106.3446,11.2935],[106.3449,11.2941],[106.3439,11.2956],[106.3424,11.297],[106.3403,11.298],[106.3396,11.298],[106.3381,11.2965],[106.3382,11.2954],[106.3395,11.2937],[106.3402,11.2921],[106.3397,11.2918],[106.3378,11.2922],[106.3378,11.2935],[106.3356,11.295],[106.3352,11.2962],[106.3352,11.2991],[106.3358,11.3008],[106.3376,11.3025],[106.3399,11.3081],[106.3407,11.3102],[106.3417,11.3123],[106.3419,11.3139],[106.3431,11.3166],[106.3441,11.3196],[106.3456,11.3208],[106.3458,11.323],[106.3445,11.325],[106.3442,11.3275],[106.3439,11.3282],[106.3408,11.3277],[106.3399,11.3281],[106.3395,11.3302],[106.3394,11.332],[106.3391,11.3327],[106.3374,11.3347],[106.3338,11.3371],[106.3311,11.3392],[106.3273,11.3411],[106.3267,11.3417],[106.3264,11.343],[106.3269,11.3447],[106.3278,11.3456],[106.3301,11.3473],[106.3306,11.349],[106.3331,11.351],[106.3332,11.352],[106.332,11.3529],[106.3357,11.3568],[106.3361,11.3585],[106.3378,11.3594],[106.3385,11.3611],[106.3376,11.3617],[106.3351,11.3613],[106.3335,11.3623],[106.3339,11.3639],[106.3359,11.3649],[106.3372,11.3649],[106.3407,11.3632],[106.3419,11.363],[106.3455,11.3641],[106.347,11.3659],[106.3478,11.3676],[106.3472,11.3679],[106.3459,11.3669],[106.345,11.3672],[106.3451,11.3687],[106.3457,11.3699],[106.3465,11.3727],[106.3457,11.3733],[106.3462,11.375],[106.3475,11.3766],[106.3483,11.3771],[106.3492,11.3756],[106.3504,11.3751],[106.351,11.3758],[106.3513,11.3782],[106.3509,11.3802],[106.3513,11.3844],[106.3505,11.3865],[106.3508,11.3872],[106.3525,11.3883],[106.3545,11.3932],[106.3553,11.3935],[106.3566,11.3924],[106.3578,11.3926],[106.3583,11.3946],[106.3591,11.3955],[106.359,11.3969],[106.3601,11.3973],[106.3605,11.3984],[106.3597,11.3996],[106.3609,11.4009],[106.3601,11.4026],[106.3601,11.4061],[106.3609,11.4075],[106.3602,11.4084],[106.3604,11.409],[106.3616,11.4098],[106.3615,11.4103],[106.3595,11.4121],[106.3588,11.4144],[106.3591,11.4171],[106.3594,11.4188],[106.3599,11.4197],[106.3618,11.4211],[106.3645,11.4222],[106.3655,11.424],[106.366,11.4257],[106.3678,11.4257],[106.3681,11.4267],[106.3696,11.427],[106.3719,11.4255],[106.3743,11.4251],[106.3753,11.4242],[106.3777,11.4232],[106.3788,11.4222],[106.3801,11.4202],[106.3821,11.4203],[106.3838,11.4201],[106.3857,11.4194],[106.3876,11.4208],[106.3894,11.4208],[106.3913,11.4198],[106.3933,11.4198],[106.3949,11.4203],[106.3965,11.4202],[106.3988,11.4195],[106.4005,11.4202],[106.4028,11.4204],[106.4047,11.4196],[106.408,11.419],[106.4104,11.4182],[106.4139,11.4179],[106.4169,11.418],[106.4194,11.4198],[106.421,11.4205],[106.4253,11.4213],[106.4307,11.4213],[106.4321,11.4215],[106.4331,11.4159],[106.4334,11.4105],[106.4347,11.406],[106.4347,11.4049],[106.4355,11.4041],[106.4346,11.4017],[106.4375,11.4012],[106.4371,11.4],[106.436,11.3988],[106.4348,11.3959],[106.4349,11.3936],[106.4344,11.3911],[106.4347,11.3905],[106.4378,11.3884],[106.4382,11.3863],[106.4395,11.3865],[106.4431,11.3876],[106.4476,11.3886],[106.4486,11.3842],[106.4504,11.3847],[106.4506,11.3826],[106.4512,11.3804],[106.4511,11.3785],[106.452,11.3779],[106.4514,11.3752],[106.4501,11.3734],[106.4499,11.3726],[106.4505,11.3701],[106.4503,11.3688],[106.4508,11.3659],[106.4508,11.3645],[106.4527,11.3631],[106.4531,11.3616],[106.4544,11.361],[106.4568,11.3574],[106.4577,11.3564],[106.4584,11.3547],[106.4602,11.3532],[106.4605,11.3513],[106.4613,11.3504],[106.4613,11.3497],[106.4621,11.3485],[106.4623,11.3463],[106.4632,11.3459],[106.4628,11.3438],[106.4624,11.3433],[106.4628,11.3415],[106.4634,11.3407],[106.4641,11.3388],[106.4654,11.3381],[106.4652,11.3365],[106.4656,11.3362],[106.4653,11.3349],[106.4654,11.3338],[106.466,11.3326],[106.4657,11.3318],[106.4668,11.3306],[106.4677,11.3286],[106.4696,11.3282],[106.47,11.3276],[106.4716,11.3271],[106.4726,11.326]]]},"properties":{"code":"25777","name":"Xã Dầu Tiếng"}},{"type":"Feature","geometry":{"type":"Polygon","coordinates":[[[106.752,10.8635],[106.7511,10.8644],[106.75,10.8643],[106.7479,10.8674],[106.7479,10.8692],[106.7474,10.8694],[106.746,10.8717],[106.747,10.8721],[106.7464,10.8739],[106.7514,10.8755],[106.7504,10.8773],[106.7494,10.8768],[106.7485,10.8781],[106.7472,10.8774],[106.7447,10.8801],[106.7457,10.8808],[106.745,10.8816],[106.7431,10.8802],[106.7412,10.8813],[106.7402,10.8807],[106.7396,10.881],[106.7384,10.8794],[106.7372,10.8803],[106.7354,10.8802],[106.7342,10.8805],[106.7367,10.8846],[106.7394,10.8894],[106.7397,10.8904],[106.7399,10.8946],[106.7405,10.9031],[106.7409,10.9114],[106.7418,10.9268],[106.7421,10.9321],[106.7451,10.9325],[106.7448,10.9334],[106.7507,10.9372],[106.7555,10.9303],[106.7562,10.9294],[106.7603,10.9274],[106.7636,10.9306],[106.7659,10.9255],[106.7763,10.9185],[106.7891,10.9172],[106.7934,10.9154],[106.797,10.9127],[106.7963,10.9115],[106.7944,10.9056],[106.7929,10.9055],[106.7904,10.9043],[106.7899,10.9023],[106.7891,10.9017],[106.7872,10.9029],[106.7844,10.9035],[106.7828,10.9036],[106.7824,10.9046],[106.7782,10.9047],[106.7774,10.905],[106.7751,10.9048],[106.7733,10.9051],[106.7728,10.9026],[106.7723,10.9018],[106.7707,10.9023],[106.7703,10.9014],[106.769,10.9006],[106.7695,10.8996],[106.7693,10.898],[106.7688,10.8966],[106.7686,10.894],[106.769,10.8937],[106.7684,10.8936],[106.7684,10.8923],[106.7669,10.8915],[106.766,10.8884],[106.7653,10.8877],[106.7646,10.8863],[106.7645,10.8849],[106.7636,10.8838],[106.7618,10.8826],[106.7605,10.8813],[106.762,10.8787],[106.7614,10.8785],[106.7618,10.8755],[106.7617,10.8744],[106.7604,10.8724],[106.7622,10.8711],[106.7634,10.8699],[106.7633,10.8691],[106.7623,10.8673],[106.7596,10.8669],[106.7575,10.8671],[106.7561,10.8664],[106.7549,10.8664],[106.752,10.8635]]]},"properties":{"code":"25942","name":"Phường Dĩ An"}},{"type":"Feature","geometry":{"type":"Polygon","coordinates":[[[106.66,10.7638],[106.656,10.7782],[106.6564,10.7781],[106.6602,10.7822],[106.6613,10.7786],[106.6636,10.7764],[106.6663,10.7694],[106.6671,10.7677],[106.6689,10.7599],[106.6656,10.7592],[106.6615,10.7584],[106.66,10.7638]]]},"properties":{"code":"27169","name":"Phường Diên Hồng"}},{"type":"Feature","geometry":{"type":"Polygon","coordinates":[[[106.6244,10.756],[106.6242,10.7539],[106.6238,10.7457],[106.6231,10.7451],[106.6218,10.7414],[106.6223,10.739],[106.6212,10.7347],[106.6202,10.7266],[106.6192,10.7178],[106.619,10.7162],[106.6175,10.7153],[106.6155,10.715],[106.616,10.7143],[106.6059,10.7118],[106.6038,10.711],[106.6037,10.711],[106.6035,10.7113],[106.6034,10.7116],[106.6038,10.7135],[106.6031,10.715],[106.6039,10.7162],[106.6041,10.7173],[106.6032,10.7177],[106.6001,10.7179],[106.6008,10.7219],[106.6008,10.7221],[106.6009,10.7223],[106.6018,10.7282],[106.6028,10.7337],[106.6023,10.736],[106.5975,10.7436],[106.602,10.745],[106.6041,10.7454],[106.6041,10.7519],[106.6058,10.7522],[106.6061,10.7548],[106.606,10.757],[106.6066,10.758],[106.6073,10.7581],[106.6101,10.7578],[106.6126,10.7582],[106.6153,10.7577],[106.6213,10.7571],[106.6244,10.756]]]},"properties":{"code":"27460","name":"Phường An Lạc"}},{"type":"Feature","geometry":{"type":"Polygon","coordinates":[[[106.797,10.9127],[106.802,10.9199],[106.8033,10.9199],[106.8053,10.9207],[106.8064,10.9207],[106.8077,10.92],[106.8089,10.9198],[106.8103,10.919],[106.8108,10.918],[106.812,10.9176],[106.8114,10.9157],[106.8124,10.9141],[106.814,10.9126],[106.8145,10.9112],[106.815,10.9105],[106.8151,10.908],[106.8142,10.9077],[106.8148,10.9062],[106.8148,10.9043],[106.8158,10.904],[106.8164,10.9029],[106.8209,10.903],[106.822,10.9038],[106.8227,10.9029],[106.8239,10.9029],[106.8263,10.9038],[106.8283,10.904],[106.8298,10.9049],[106.8311,10.9065],[106.8323,10.9068],[106.8328,10.9065],[106.8339,10.9041],[106.8354,10.9034],[106.8389,10.9034],[106.8402,10.8989],[106.8378,10.8983],[106.8339,10.8983],[106.8327,10.8975],[106.8324,10.8967],[106.8315,10.8965],[106.8304,10.8953],[106.8281,10.8942],[106.8262,10.8949],[106.8252,10.8931],[106.8237,10.892],[106.8242,10.8887],[106.8233,10.8872],[106.8218,10.886],[106.8208,10.8857],[106.8197,10.8861],[106.819,10.8853],[106.8189,10.8844],[106.8181,10.8842],[106.8176,10.8826],[106.814,10.8782],[106.813,10.8791],[106.8086,10.873],[106.8076,10.874],[106.8053,10.8751],[106.8044,10.8737],[106.8012,10.8735],[106.7989,10.8721],[106.7982,10.872],[106.7975,10.8732],[106.7949,10.8735],[106.7937,10.8725],[106.7924,10.8726],[106.7921,10.872],[106.7889,10.8719],[106.788,10.8701],[106.7878,10.868],[106.7889,10.8672],[106.7842,10.8673],[106.7821,10.8677],[106.78,10.8684],[106.7807,10.8718],[106.7819,10.874],[106.7819,10.8775],[106.7812,10.8781],[106.7813,10.8795],[106.7805,10.8815],[106.7767,10.885],[106.7756,10.8871],[106.7728,10.8896],[106.7712,10.8912],[106.7708,10.8923],[106.7695,10.8939],[106.769,10.8937],[106.7686,10.894],[106.7688,10.8966],[106.7693,10.898],[106.7695,10.8996],[106.769,10.9006],[106.7703,10.9014],[106.7707,10.9023],[106.7723,10.9018],[106.7728,10.9026],[106.7733,10.9051],[106.7751,10.9048],[106.7774,10.905],[106.7782,10.9047],[106.7824,10.9046],[106.7828,10.9036],[106.7844,10.9035],[106.7872,10.9029],[106.7891,10.9017],[106.7899,10.9023],[106.7904,10.9043],[106.7929,10.9055],[106.7944,10.9056],[106.7963,10.9115],[106.797,10.9127]]]},"properties":{"code":"25951","name":"Phường Đông Hòa"}},{"type":"Feature","geometry":{"type":"Polygon","coordinates":[[[106.6033,10.8263],[106.604,10.8289],[106.6045,10.8302],[106.6079,10.8358],[106.6088,10.8369],[106.6153,10.8427],[106.6183,10.8453],[106.621,10.8473],[106.6285,10.8508],[106.6317,10.8524],[106.6376,10.8556],[106.6393,10.8562],[106.6385,10.8543],[106.6398,10.8543],[106.6411,10.8539],[106.6409,10.8528],[106.643,10.8522],[106.6427,10.8508],[106.6414,10.8497],[106.64,10.8491],[106.6352,10.8453],[106.6339,10.8449],[106.6336,10.8435],[106.6337,10.8415],[106.6324,10.8405],[106.6323,10.8393],[106.6329,10.838],[106.6322,10.8374],[106.632,10.8364],[106.6328,10.8347],[106.6324,10.833],[106.6311,10.8297],[106.6297,10.827],[106.6279,10.8247],[106.6238,10.8199],[106.6235,10.8196],[106.6234,10.8196],[106.6212,10.8188],[106.6196,10.8186],[106.6182,10.8195],[106.6167,10.8198],[106.616,10.8195],[106.6145,10.8211],[106.6118,10.8217],[106.6094,10.8229],[106.6077,10.8232],[106.6044,10.8253],[106.6035,10.8263],[106.6034,10.8263],[106.6033,10.8263]]]},"properties":{"code":"26791","name":"Phường Đông Hưng Thuận"}},{"type":"Feature","geometry":{"type":"Polygon","coordinates":[[[106.6927,10.9043],[106.6905,10.9033],[106.6888,10.9017],[106.688,10.9013],[106.6858,10.9001],[106.6816,10.8985],[106.6797,10.9035],[106.6792,10.9035],[106.6752,10.9023],[106.6735,10.9017],[106.6707,10.9012],[106.6706,10.8979],[106.6699,10.8945],[106.6693,10.8939],[106.6689,10.8916],[106.6656,10.8921],[106.6634,10.893],[106.6564,10.8922],[106.6563,10.8922],[106.6532,10.8918],[106.6526,10.8931],[106.6522,10.8949],[106.6495,10.8953],[106.6469,10.8948],[106.646,10.8942],[106.6434,10.8939],[106.6426,10.8924],[106.6393,10.8918],[106.6319,10.8918],[106.6313,10.8912],[106.6294,10.8868],[106.6287,10.8858],[106.6254,10.8836],[106.6254,10.883],[106.6279,10.8812],[106.6258,10.8782],[106.6248,10.8772],[106.6194,10.8712],[106.6149,10.8703],[106.6128,10.873],[106.6108,10.8769],[106.6076,10.883],[106.6056,10.8856],[106.6023,10.8877],[106.6001,10.888],[106.6007,10.8889],[106.5997,10.8893],[106.5981,10.8893],[106.5982,10.8907],[106.5988,10.8921],[106.5986,10.8929],[106.6008,10.897],[106.6016,10.898],[106.6021,10.8996],[106.6013,10.9008],[106.6011,10.9026],[106.6003,10.9064],[106.6016,10.9067],[106.6053,10.9094],[106.6068,10.9095],[106.6076,10.9103],[106.6106,10.9112],[106.6134,10.9116],[106.6146,10.912],[106.6174,10.9125],[106.6193,10.9138],[106.6204,10.9139],[106.622,10.9144],[106.6246,10.9151],[106.6248,10.9152],[106.6264,10.9155],[106.6271,10.9156],[106.6293,10.916],[106.6314,10.9162],[106.6353,10.9162],[106.6381,10.9161],[106.6428,10.9178],[106.6451,10.9196],[106.6453,10.9196],[106.646,10.9198],[106.6484,10.9195],[106.6511,10.92],[106.6531,10.9195],[106.6537,10.9197],[106.6553,10.9214],[106.6561,10.9228],[106.6563,10.9247],[106.6574,10.9258],[106.6623,10.9229],[106.6648,10.9218],[106.6681,10.9208],[106.6698,10.9208],[106.6756,10.9227],[106.6797,10.9236],[106.6808,10.9234],[106.6818,10.9231],[106.6838,10.922],[106.6851,10.9207],[106.6877,10.9163],[106.6906,10.9098],[106.6927,10.9043]]]},"properties":{"code":"27568","name":"Xã Đông Thạnh"}},{"type":"Feature","geometry":{"type":"Polygon","coordinates":[[[106.6786,10.7993],[106.6677,10.8002],[106.6688,10.8021],[106.6692,10.8042],[106.6695,10.8067],[106.67,10.8077],[106.671,10.8078],[106.6707,10.8098],[106.6716,10.8094],[106.6724,10.8107],[106.6721,10.8123],[106.6728,10.8141],[106.676,10.8112],[106.6769,10.8122],[106.6782,10.8113],[106.6786,10.8121],[106.6804,10.8119],[106.6807,10.811],[106.6821,10.8108],[106.684,10.81],[106.6842,10.8089],[106.6839,10.8071],[106.6844,10.8064],[106.6871,10.8053],[106.687,10.8062],[106.6885,10.8056],[106.6879,10.8037],[106.6856,10.804],[106.685,10.8038],[106.6806,10.7994],[106.6786,10.7993]]]},"properties":{"code":"27043","name":"Phường Đức Nhuận"}},{"type":"Feature","geometry":{"type":"Polygon","coordinates":[[[106.7063,10.7916],[106.7056,10.7921],[106.7019,10.7931],[106.6996,10.7935],[106.6967,10.7936],[106.6949,10.7935],[106.6944,10.7948],[106.6926,10.7949],[106.6916,10.7955],[106.692,10.7961],[106.6918,10.8003],[106.6925,10.8005],[106.6921,10.8023],[106.6907,10.8024],[106.6909,10.8033],[106.6879,10.8037],[106.6885,10.8056],[106.687,10.8062],[106.6878,10.8079],[106.6903,10.8108],[106.691,10.8112],[106.692,10.8108],[106.6927,10.8098],[106.6951,10.8083],[106.6949,10.8028],[106.698,10.8025],[106.7013,10.8038],[106.7036,10.8034],[106.7114,10.8028],[106.711,10.7986],[106.71,10.7956],[106.7063,10.7916]]]},"properties":{"code":"26944","name":"Phường Gia Định"}},{"type":"Feature","geometry":{"type":"Polygon","coordinates":[[[106.6759,10.852],[106.6788,10.851],[106.6784,10.8471],[106.6766,10.842],[106.6782,10.841],[106.6804,10.838],[106.6816,10.8347],[106.6821,10.8335],[106.6791,10.8315],[106.6779,10.8304],[106.6802,10.8264],[106.6778,10.8269],[106.6775,10.827],[106.6749,10.8263],[106.6742,10.8263],[106.6732,10.8279],[106.6704,10.8272],[106.6681,10.8283],[106.6661,10.8284],[106.664,10.8306],[106.6636,10.8307],[106.6641,10.8337],[106.6646,10.8357],[106.6652,10.8387],[106.6705,10.8386],[106.6706,10.8399],[106.6712,10.8416],[106.6724,10.8427],[106.6743,10.8462],[106.6758,10.8481],[106.6769,10.8487],[106.6757,10.8508],[106.6759,10.852]]]},"properties":{"code":"26884","name":"Phường Gò Vấp"}},{"type":"Feature","geometry":{"type":"Polygon","coordinates":[[[106.6742,10.818],[106.6748,10.8183],[106.6732,10.8223],[106.6753,10.8237],[106.6767,10.8241],[106.6783,10.8251],[106.6786,10.8261],[106.6778,10.8269],[106.6802,10.8264],[106.6779,10.8304],[106.6791,10.8315],[106.6821,10.8335],[106.6844,10.8345],[106.6852,10.8331],[106.6875,10.8309],[106.6905,10.8275],[106.6888,10.8258],[106.6865,10.8242],[106.688,10.823],[106.689,10.8209],[106.6935,10.822],[106.6944,10.8199],[106.6926,10.8194],[106.6928,10.8183],[106.6935,10.8177],[106.6922,10.817],[106.6907,10.8156],[106.6895,10.8151],[106.6888,10.8155],[106.687,10.8145],[106.6852,10.814],[106.6852,10.8115],[106.6842,10.8108],[106.684,10.81],[106.6821,10.8108],[106.6807,10.811],[106.6804,10.8119],[106.6786,10.8121],[106.6782,10.8113],[106.6769,10.8122],[106.676,10.8112],[106.6728,10.8141],[106.6757,10.8153],[106.6757,10.8163],[106.6742,10.818]]]},"properties":{"code":"26890","name":"Phường Hạnh Thông"}},{"type":"Feature","geometry":{"type":"Polygon","coordinates":[[[106.7028,10.8391],[106.7007,10.8403],[106.699,10.842],[106.6989,10.8421],[106.6982,10.843],[106.6978,10.8448],[106.6978,10.8461],[106.6983,10.8486],[106.699,10.85],[106.7011,10.8511],[106.7044,10.8517],[106.7068,10.8516],[106.7109,10.8511],[106.7133,10.8513],[106.7156,10.8524],[106.7178,10.8552],[106.7179,10.8553],[106.7182,10.8575],[106.7169,10.8619],[106.7156,10.8639],[106.7133,10.8657],[106.7155,10.8685],[106.7153,10.8694],[106.715,10.8724],[106.7164,10.8728],[106.7178,10.8724],[106.7199,10.8723],[106.7214,10.8717],[106.7235,10.8717],[106.7244,10.8715],[106.7263,10.8694],[106.727,10.8693],[106.7266,10.8664],[106.729,10.8663],[106.7297,10.8656],[106.728,10.8649],[106.7268,10.8635],[106.7269,10.8617],[106.7294,10.8608],[106.7299,10.8584],[106.7306,10.8578],[106.7311,10.8557],[106.7311,10.8556],[106.7318,10.8551],[106.7334,10.8554],[106.7345,10.8552],[106.7351,10.8537],[106.7345,10.852],[106.7342,10.8496],[106.7351,10.8484],[106.738,10.847],[106.7396,10.8453],[106.7397,10.8453],[106.7401,10.8457],[106.741,10.8467],[106.741,10.8479],[106.7406,10.8492],[106.7411,10.8511],[106.7418,10.8524],[106.7425,10.8556],[106.7422,10.8562],[106.7423,10.8581],[106.7438,10.8599],[106.7464,10.8602],[106.7469,10.8597],[106.7481,10.8597],[106.7486,10.8588],[106.7511,10.8594],[106.7517,10.8589],[106.7518,10.8545],[106.7513,10.8534],[106.7511,10.8532],[106.7483,10.8485],[106.7452,10.8427],[106.7441,10.8415],[106.7429,10.8408],[106.7389,10.8398],[106.7399,10.8356],[106.7387,10.8352],[106.7377,10.8345],[106.7361,10.8325],[106.7331,10.8276],[106.7312,10.8255],[106.7295,10.824],[106.7277,10.823],[106.7248,10.8217],[106.7215,10.8207],[106.7196,10.8204],[106.7183,10.8204],[106.7139,10.8208],[106.7136,10.821],[106.7114,10.8224],[106.7099,10.8237],[106.7089,10.8266],[106.7086,10.8317],[106.7082,10.8339],[106.7072,10.8357],[106.7062,10.8369],[106.7042,10.8384],[106.7028,10.8391]]]},"properties":{"code":"26809","name":"Phường Hiệp Bình"}},{"type":"Feature","geometry":{"type":"Polygon","coordinates":[[[106.7782,10.6049],[106.7788,10.604],[106.7802,10.6018],[106.7825,10.5966],[106.7836,10.5922],[106.7836,10.5855],[106.7829,10.583],[106.7817,10.5805],[106.7804,10.579],[106.7776,10.5773],[106.7749,10.5765],[106.7726,10.5764],[106.7708,10.5767],[106.7671,10.5783],[106.76,10.5806],[106.7573,10.5811],[106.7539,10.5809],[106.7518,10.5804],[106.7498,10.5795],[106.7483,10.5783],[106.7457,10.5756],[106.7426,10.5786],[106.7414,10.5791],[106.7389,10.5787],[106.7379,10.5782],[106.7366,10.5769],[106.7357,10.5771],[106.7348,10.578],[106.735,10.5789],[106.7365,10.5796],[106.7392,10.5818],[106.7396,10.5834],[106.7386,10.5855],[106.7375,10.5862],[106.7354,10.5861],[106.7347,10.585],[106.735,10.5843],[106.7347,10.5821],[106.7334,10.5812],[106.7328,10.5803],[106.7313,10.5797],[106.7286,10.58],[106.7266,10.5842],[106.7246,10.586],[106.7242,10.5871],[106.7232,10.5882],[106.7237,10.5904],[106.7238,10.5927],[106.7231,10.594],[106.7215,10.5948],[106.7204,10.5957],[106.7202,10.5969],[106.7218,10.5991],[106.7215,10.6004],[106.7202,10.6017],[106.7195,10.603],[106.7189,10.6061],[106.7223,10.6073],[106.7223,10.6084],[106.723,10.6105],[106.7239,10.612],[106.7255,10.6112],[106.7268,10.6112],[106.7275,10.6098],[106.7286,10.6087],[106.7292,10.6092],[106.7313,10.6088],[106.7328,10.6099],[106.7316,10.6121],[106.7291,10.612],[106.7286,10.6127],[106.7275,10.6159],[106.7281,10.6167],[106.729,10.6162],[106.7299,10.6176],[106.7301,10.6188],[106.7298,10.6199],[106.7302,10.6208],[106.7311,10.6214],[106.732,10.6229],[106.7319,10.6236],[106.7289,10.624],[106.7283,10.6248],[106.7291,10.6282],[106.7303,10.6286],[106.7312,10.6279],[106.7321,10.6278],[106.7333,10.6288],[106.7323,10.6313],[106.7312,10.6332],[106.7314,10.6344],[106.73,10.6362],[106.7259,10.6382],[106.7234,10.6419],[106.7232,10.6446],[106.7219,10.6459],[106.7192,10.6455],[106.718,10.6461],[106.7159,10.648],[106.7127,10.6501],[106.7111,10.6504],[106.7085,10.6498],[106.7055,10.6508],[106.7042,10.6529],[106.702,10.6533],[106.7007,10.654],[106.6997,10.6536],[106.6974,10.6518],[106.6965,10.65],[106.6957,10.6495],[106.694,10.6493],[106.6917,10.6485],[106.6909,10.6488],[106.6903,10.6512],[106.689,10.6528],[106.6876,10.6557],[106.6867,10.6563],[106.6858,10.6562],[106.685,10.6603],[106.6842,10.6613],[106.683,10.6619],[106.6804,10.6626],[106.6796,10.6631],[106.6787,10.6648],[106.6784,10.6689],[106.6787,10.6717],[106.6808,10.6754],[106.6814,10.6771],[106.6812,10.679],[106.6807,10.6802],[106.6793,10.6822],[106.6807,10.683],[106.6816,10.684],[106.686,10.686],[106.6879,10.6856],[106.6896,10.6855],[106.6901,10.6882],[106.6891,10.6886],[106.6891,10.6899],[106.6897,10.6913],[106.6906,10.6944],[106.6918,10.6937],[106.6944,10.6915],[106.6952,10.6912],[106.6985,10.6921],[106.6989,10.6915],[106.7015,10.6889],[106.7028,10.6888],[106.7054,10.6867],[106.7067,10.6863],[106.7086,10.6845],[106.7091,10.6824],[106.7106,10.6825],[106.7124,10.6843],[106.7131,10.6838],[106.7132,10.6824],[106.7147,10.6814],[106.7164,10.6817],[106.7176,10.6815],[106.7191,10.6806],[106.72,10.6805],[106.722,10.6811],[106.7261,10.6807],[106.7272,10.6789],[106.7276,10.6769],[106.7271,10.6743],[106.7273,10.6723],[106.7281,10.6698],[106.7293,10.6672],[106.7309,10.6663],[106.7342,10.666],[106.7384,10.6654],[106.7384,10.663],[106.7396,10.6591],[106.7407,10.6572],[106.743,10.6544],[106.7466,10.6513],[106.7495,10.6499],[106.7593,10.6463],[106.7638,10.6442],[106.7672,10.642],[106.7689,10.6401],[106.7709,10.6369],[106.7713,10.6355],[106.7716,10.6332],[106.771,10.6279],[106.7705,10.624],[106.7705,10.6195],[106.7709,10.6166],[106.772,10.6137],[106.7758,10.6079],[106.7782,10.6049]]]},"properties":{"code":"27658","name":"Xã Hiệp Phước"}},{"type":"Feature","geometry":{"type":"Polygon","coordinates":[[[107.3332,10.4527],[107.3369,10.4557],[107.3402,10.4562],[107.3421,10.4567],[107.3462,10.4588],[107.3499,10.4614],[107.3515,10.4628],[107.3533,10.4639],[107.3585,10.466],[107.3639,10.4686],[107.3663,10.47],[107.3679,10.4728],[107.3688,10.4741],[107.3684,10.4754],[107.3673,10.4757],[107.3655,10.4746],[107.364,10.4747],[107.3631,10.4759],[107.3627,10.4782],[107.3634,10.4795],[107.3641,10.4796],[107.3662,10.478],[107.3672,10.4779],[107.3681,10.4792],[107.368,10.4812],[107.3683,10.4818],[107.3694,10.4824],[107.3705,10.4824],[107.3723,10.4817],[107.3731,10.4827],[107.3732,10.4847],[107.3725,10.4851],[107.3716,10.4847],[107.3707,10.4853],[107.3705,10.4869],[107.3708,10.4877],[107.3723,10.4881],[107.3726,10.4892],[107.3709,10.4902],[107.3719,10.4907],[107.3737,10.4908],[107.3768,10.4924],[107.3763,10.4945],[107.3764,10.4957],[107.3756,10.4968],[107.3752,10.4988],[107.3732,10.4988],[107.3732,10.4998],[107.375,10.5002],[107.3759,10.501],[107.375,10.5018],[107.374,10.5012],[107.3735,10.5041],[107.373,10.5053],[107.3749,10.5071],[107.3759,10.5076],[107.3753,10.5088],[107.3754,10.5099],[107.3746,10.5114],[107.3734,10.512],[107.3737,10.5131],[107.3732,10.5151],[107.372,10.5158],[107.3722,10.517],[107.3718,10.5195],[107.3711,10.5204],[107.3707,10.5219],[107.3708,10.5229],[107.3699,10.5233],[107.3701,10.525],[107.3714,10.5271],[107.3716,10.5292],[107.371,10.5313],[107.3702,10.5326],[107.3704,10.5341],[107.371,10.5355],[107.3708,10.5361],[107.3688,10.537],[107.3665,10.5394],[107.3662,10.5408],[107.3664,10.5426],[107.3676,10.5431],[107.3672,10.5441],[107.3663,10.544],[107.3652,10.5447],[107.3633,10.5437],[107.3614,10.5436],[107.3606,10.5442],[107.3603,10.5464],[107.3604,10.5483],[107.3598,10.5493],[107.36,10.55],[107.3593,10.5511],[107.3592,10.552],[107.3599,10.5527],[107.3594,10.5538],[107.3586,10.5535],[107.3581,10.552],[107.3572,10.5505],[107.354,10.5493],[107.3528,10.5492],[107.3524,10.5504],[107.3508,10.5505],[107.3494,10.5496],[107.3487,10.5507],[107.3495,10.5524],[107.3483,10.5525],[107.3478,10.5532],[107.3478,10.5555],[107.3459,10.5565],[107.3454,10.5571],[107.3462,10.5583],[107.3426,10.559],[107.3417,10.5599],[107.3409,10.5619],[107.3421,10.5642],[107.3436,10.5641],[107.3444,10.5636],[107.3468,10.5632],[107.3471,10.564],[107.3485,10.5649],[107.3487,10.5662],[107.3477,10.5669],[107.3477,10.5676],[107.3486,10.5684],[107.3482,10.5696],[107.3502,10.5693],[107.3502,10.5707],[107.3518,10.5711],[107.3527,10.572],[107.3523,10.5726],[107.3523,10.5742],[107.3526,10.5745],[107.3555,10.5748],[107.3551,10.5754],[107.3538,10.5758],[107.3553,10.5768],[107.3547,10.5777],[107.3556,10.5789],[107.3554,10.5802],[107.3562,10.5804],[107.357,10.579],[107.3575,10.5805],[107.3589,10.5808],[107.3616,10.5825],[107.3623,10.5826],[107.3624,10.5847],[107.362,10.5856],[107.3621,10.5872],[107.3635,10.5883],[107.363,10.5897],[107.3646,10.5919],[107.3658,10.5908],[107.3674,10.5908],[107.3681,10.5904],[107.3716,10.5873],[107.372,10.5866],[107.3836,10.5867],[107.3839,10.5912],[107.3988,10.5914],[107.4128,10.5916],[107.4126,10.5895],[107.4132,10.5892],[107.4113,10.589],[107.4105,10.588],[107.4097,10.5851],[107.4077,10.5847],[107.4058,10.5828],[107.4032,10.5816],[107.4026,10.5802],[107.4032,10.5793],[107.4029,10.5773],[107.4014,10.5771],[107.4017,10.5727],[107.4031,10.5727],[107.403,10.5718],[107.4046,10.5709],[107.4068,10.5708],[107.4077,10.5703],[107.4088,10.569],[107.4092,10.5678],[107.4101,10.5672],[107.4107,10.566],[107.4104,10.5648],[107.4103,10.5609],[107.4092,10.5593],[107.4091,10.5573],[107.4085,10.5568],[107.4087,10.5558],[107.408,10.5551],[107.4078,10.5542],[107.4086,10.5528],[107.4086,10.5521],[107.4093,10.551],[107.4135,10.5465],[107.4167,10.5444],[107.4155,10.5423],[107.4161,10.5413],[107.4157,10.5399],[107.4174,10.5384],[107.418,10.5374],[107.4192,10.5367],[107.4217,10.536],[107.4234,10.5337],[107.424,10.5315],[107.4235,10.5298],[107.4239,10.5286],[107.4233,10.5272],[107.4233,10.5257],[107.4236,10.5249],[107.427,10.5219],[107.4312,10.5181],[107.4353,10.5145],[107.4393,10.5107],[107.4509,10.499],[107.4563,10.4936],[107.4608,10.4893],[107.4588,10.4873],[107.4561,10.4843],[107.4555,10.4839],[107.4532,10.4807],[107.4522,10.4787],[107.4481,10.4731],[107.4468,10.4716],[107.4454,10.4694],[107.4422,10.4677],[107.4403,10.4682],[107.44,10.4689],[107.4384,10.4699],[107.4359,10.4703],[107.4334,10.4697],[107.433,10.47],[107.4303,10.4696],[107.4283,10.4698],[107.4251,10.4685],[107.422,10.4677],[107.4214,10.468],[107.4184,10.4673],[107.4175,10.4674],[107.4145,10.4662],[107.4131,10.466],[107.4108,10.4668],[107.4098,10.4666],[107.4092,10.4672],[107.4081,10.467],[107.4074,10.4676],[107.405,10.4681],[107.4007,10.4681],[107.3982,10.4684],[107.3961,10.4683],[107.3926,10.4685],[107.3883,10.4683],[107.3837,10.4683],[107.3798,10.4684],[107.3783,10.4681],[107.3702,10.4679],[107.3678,10.4674],[107.3637,10.4661],[107.3595,10.4638],[107.3583,10.4628],[107.3569,10.4625],[107.355,10.4607],[107.354,10.4606],[107.3519,10.4589],[107.3504,10.4584],[107.3496,10.4576],[107.3478,10.4566],[107.3472,10.4566],[107.3426,10.4546],[107.3418,10.4544],[107.3382,10.4523],[107.3366,10.4508],[107.3354,10.4506],[107.3341,10.4494],[107.3329,10.4516],[107.3332,10.4527]]]},"properties":{"code":"26620","name":"Xã Hồ Tràm"}},{"type":"Feature","geometry":{"type":"Polygon","coordinates":[[[106.7405,11.2784],[106.7401,11.277],[106.7375,11.2721],[106.7354,11.2725],[106.7331,11.2719],[106.7322,11.2711],[106.7316,11.2719],[106.7301,11.2725],[106.7307,11.2751],[106.7312,11.2755],[106.7308,11.2773],[106.729,11.2782],[106.7281,11.2791],[106.7266,11.2799],[106.723,11.2797],[106.7219,11.28],[106.7237,11.2752],[106.7264,11.2716],[106.7268,11.2705],[106.7274,11.2657],[106.7278,11.264],[106.7286,11.2634],[106.7302,11.2629],[106.7298,11.2609],[106.7291,11.2599],[106.7279,11.2599],[106.7262,11.2604],[106.7231,11.2591],[106.721,11.2587],[106.72,11.2584],[106.7175,11.257],[106.7165,11.257],[106.714,11.2591],[106.712,11.2591],[106.7103,11.2578],[106.709,11.2545],[106.707,11.2537],[106.7071,11.252],[106.7024,11.2513],[106.6969,11.2507],[106.6818,11.2489],[106.6818,11.252],[106.6823,11.2708],[106.6822,11.2764],[106.6824,11.28],[106.6828,11.2815],[106.6834,11.2917],[106.6837,11.3044],[106.6835,11.3059],[106.6788,11.3148],[106.6784,11.3166],[106.6775,11.3163],[106.6771,11.3155],[106.6759,11.3157],[106.6757,11.3156],[106.6736,11.3143],[106.6737,11.3137],[106.6707,11.3125],[106.67,11.3132],[106.6685,11.3136],[106.6679,11.3141],[106.6674,11.3148],[106.6658,11.3157],[106.6649,11.3174],[106.6626,11.3192],[106.6611,11.3188],[106.6581,11.319],[106.6541,11.3233],[106.6528,11.3238],[106.6518,11.3251],[106.6517,11.3254],[106.6501,11.326],[106.6493,11.3277],[106.6481,11.3283],[106.6465,11.33],[106.6464,11.3302],[106.6463,11.3303],[106.6462,11.3316],[106.6455,11.3335],[106.6457,11.3381],[106.6437,11.3414],[106.6444,11.3416],[106.6476,11.3443],[106.6484,11.3458],[106.6505,11.3475],[106.6513,11.3476],[106.653,11.3489],[106.6554,11.3525],[106.6568,11.3538],[106.6575,11.3547],[106.659,11.3559],[106.6598,11.3561],[106.6608,11.3556],[106.663,11.3553],[106.6645,11.3548],[106.6651,11.3542],[106.6664,11.354],[106.6674,11.3545],[106.6717,11.3539],[106.672,11.3544],[106.6738,11.3544],[106.674,11.3567],[106.6755,11.3579],[106.6751,11.3587],[106.6757,11.3595],[106.6762,11.3611],[106.676,11.3621],[106.6771,11.3627],[106.6771,11.3645],[106.6768,11.3653],[106.6777,11.3672],[106.6778,11.3708],[106.6775,11.3729],[106.6781,11.3735],[106.6789,11.3755],[106.6785,11.3763],[106.6778,11.3802],[106.6758,11.3815],[106.6762,11.3828],[106.6776,11.3834],[106.679,11.385],[106.6747,11.3973],[106.6733,11.4012],[106.6758,11.4018],[106.6774,11.3979],[106.68,11.3983],[106.6803,11.3976],[106.6839,11.3985],[106.6855,11.397],[106.6864,11.3955],[106.6878,11.3962],[106.6898,11.3979],[106.6915,11.3985],[106.693,11.3995],[106.6931,11.4018],[106.6941,11.4019],[106.6972,11.403],[106.699,11.4006],[106.7001,11.3995],[106.7,11.3986],[106.7025,11.3979],[106.7043,11.3962],[106.7047,11.3954],[106.7059,11.3949],[106.7087,11.3934],[106.7106,11.3918],[106.7117,11.3876],[106.7124,11.3865],[106.7147,11.3842],[106.7182,11.3823],[106.7186,11.3829],[106.7184,11.384],[106.7199,11.384],[106.7211,11.3816],[106.7234,11.3799],[106.7243,11.3803],[106.7277,11.3813],[106.7291,11.3795],[106.7276,11.3785],[106.7292,11.3764],[106.7316,11.3754],[106.7326,11.3738],[106.7338,11.3734],[106.7334,11.3722],[106.7326,11.371],[106.7321,11.3685],[106.7321,11.3672],[106.7328,11.3668],[106.7322,11.3653],[106.7328,11.364],[106.7325,11.3628],[106.733,11.3622],[106.7333,11.3609],[106.7332,11.359],[106.7337,11.3584],[106.7333,11.3575],[106.7346,11.3549],[106.7348,11.3532],[106.7334,11.3512],[106.7336,11.3493],[106.7321,11.3475],[106.7323,11.3464],[106.7312,11.3455],[106.7317,11.3448],[106.7319,11.3432],[106.7334,11.3427],[106.7339,11.3415],[106.7351,11.3405],[106.7343,11.3387],[106.7354,11.3381],[106.7357,11.3362],[106.7353,11.3345],[106.7355,11.332],[106.7366,11.3315],[106.7374,11.3305],[106.7351,11.329],[106.7338,11.3292],[106.7301,11.3286],[106.7293,11.3279],[106.7294,11.325],[106.7315,11.3222],[106.7318,11.3211],[106.7315,11.3191],[106.7305,11.3181],[106.7297,11.3184],[106.7277,11.3158],[106.7268,11.314],[106.7262,11.3145],[106.7248,11.3123],[106.724,11.312],[106.7241,11.3109],[106.7252,11.3102],[106.7254,11.3089],[106.7246,11.3081],[106.7253,11.3068],[106.7281,11.3059],[106.7308,11.3033],[106.7331,11.3005],[106.734,11.2987],[106.7338,11.297],[106.7325,11.2927],[106.7313,11.2907],[106.7311,11.2893],[106.7316,11.2876],[106.7333,11.2855],[106.7371,11.2832],[106.7396,11.2811],[106.7403,11.28],[106.7405,11.2784]]]},"properties":{"code":"25867","name":"Xã An Long"}},{"type":"Feature","geometry":{"type":"Polygon","coordinates":[[[106.6521,10.769],[106.6464,10.7653],[106.6412,10.7671],[106.6392,10.7684],[106.6376,10.769],[106.6416,10.7725],[106.6421,10.7721],[106.6443,10.775],[106.6455,10.7752],[106.6477,10.7752],[106.648,10.7748],[106.6509,10.7705],[106.6521,10.769]]]},"properties":{"code":"27211","name":"Phường Hòa Bình"}},{"type":"Feature","geometry":{"type":"Polygon","coordinates":[[[107.4537,10.6783],[107.4538,10.6826],[107.4537,10.6866],[107.4533,10.6876],[107.448,10.6879],[107.4475,10.693],[107.4448,10.7164],[107.4434,10.7294],[107.445,10.7295],[107.4459,10.7302],[107.4495,10.73],[107.4509,10.7315],[107.4522,10.7314],[107.453,10.7317],[107.4541,10.7311],[107.4554,10.7314],[107.4565,10.7322],[107.4569,10.7335],[107.4587,10.7343],[107.4592,10.7354],[107.4607,10.7371],[107.4622,10.7372],[107.4627,10.7408],[107.4661,10.7406],[107.4667,10.7414],[107.4679,10.7415],[107.4691,10.7422],[107.4697,10.7415],[107.4705,10.7418],[107.4715,10.7432],[107.4722,10.7453],[107.4723,10.7475],[107.4719,10.749],[107.4729,10.7514],[107.4756,10.7528],[107.4767,10.7551],[107.4763,10.7563],[107.4859,10.758],[107.4967,10.7608],[107.5049,10.7714],[107.5062,10.7578],[107.5069,10.7576],[107.5079,10.7565],[107.5068,10.7544],[107.5067,10.7522],[107.5063,10.7514],[107.5067,10.7503],[107.5059,10.7494],[107.5058,10.7477],[107.506,10.7461],[107.5067,10.7455],[107.5091,10.7448],[107.5122,10.743],[107.5123,10.7403],[107.5141,10.7391],[107.5152,10.7388],[107.5157,10.7381],[107.5157,10.7351],[107.5169,10.7348],[107.5182,10.7355],[107.5195,10.7355],[107.5207,10.7343],[107.5224,10.7335],[107.522,10.7325],[107.524,10.7315],[107.5259,10.7316],[107.5264,10.7305],[107.5264,10.7285],[107.5279,10.7266],[107.5281,10.724],[107.529,10.724],[107.5301,10.7229],[107.5324,10.7214],[107.5326,10.7221],[107.535,10.7214],[107.5357,10.7201],[107.5355,10.7182],[107.5362,10.7176],[107.5364,10.7162],[107.5381,10.7158],[107.5387,10.7139],[107.5397,10.7129],[107.5397,10.7116],[107.5406,10.7111],[107.5404,10.7094],[107.542,10.7094],[107.5435,10.7066],[107.5441,10.7062],[107.5437,10.7052],[107.5441,10.7032],[107.5437,10.7025],[107.5446,10.7014],[107.544,10.701],[107.5434,10.6996],[107.5441,10.6978],[107.5452,10.6968],[107.5451,10.6959],[107.5462,10.6959],[107.5464,10.6945],[107.545,10.6933],[107.5451,10.6922],[107.5443,10.6913],[107.5429,10.6904],[107.5435,10.688],[107.5419,10.6878],[107.5421,10.6839],[107.5406,10.6832],[107.5399,10.6807],[107.5404,10.68],[107.5383,10.6785],[107.5394,10.6773],[107.5389,10.6761],[107.5412,10.6747],[107.541,10.6739],[107.5417,10.6734],[107.5432,10.6734],[107.5438,10.6725],[107.5435,10.6713],[107.5442,10.6704],[107.544,10.6686],[107.5442,10.6669],[107.545,10.6664],[107.5455,10.6634],[107.546,10.6629],[107.5487,10.6624],[107.5489,10.6617],[107.5479,10.6601],[107.5497,10.6579],[107.5491,10.6574],[107.5498,10.6564],[107.5332,10.6447],[107.5323,10.6444],[107.5304,10.6454],[107.5304,10.6464],[107.5282,10.6476],[107.5268,10.6479],[107.5245,10.6474],[107.5229,10.6474],[107.5223,10.6469],[107.5206,10.6473],[107.5182,10.6481],[107.5163,10.6476],[107.5145,10.6474],[107.5136,10.6466],[107.5106,10.646],[107.5076,10.6476],[107.5068,10.6486],[107.5035,10.6488],[107.5021,10.6493],[107.5014,10.6486],[107.491,10.6447],[107.4904,10.6468],[107.4884,10.6479],[107.4873,10.6482],[107.4869,10.6488],[107.4857,10.6489],[107.4857,10.6497],[107.4843,10.6495],[107.4833,10.6507],[107.4821,10.6512],[107.48,10.6536],[107.4792,10.6536],[107.478,10.6526],[107.4777,10.6532],[107.4744,10.6533],[107.4735,10.6546],[107.4726,10.6553],[107.4724,10.6563],[107.4734,10.6585],[107.4739,10.6613],[107.4738,10.6626],[107.4742,10.6632],[107.4737,10.6641],[107.4728,10.6644],[107.4727,10.6652],[107.4709,10.6663],[107.4703,10.6685],[107.4705,10.6701],[107.4699,10.6724],[107.4691,10.6733],[107.4662,10.6739],[107.4631,10.6768],[107.4614,10.6771],[107.4612,10.677],[107.46,10.6772],[107.4591,10.6764],[107.4581,10.6771],[107.4573,10.6773],[107.4563,10.6782],[107.4537,10.6783]]]},"properties":{"code":"26647","name":"Xã Hòa Hiệp"}},{"type":"Feature","geometry":{"type":"Polygon","coordinates":[[[107.3646,10.5919],[107.3651,10.5926],[107.3675,10.5923],[107.365,10.5945],[107.3645,10.5963],[107.3635,10.5979],[107.3623,10.5986],[107.3615,10.5983],[107.359,10.5984],[107.3598,10.6008],[107.357,10.6013],[107.3568,10.6025],[107.3552,10.605],[107.3535,10.6061],[107.3512,10.6065],[107.3518,10.6082],[107.3519,10.6101],[107.3525,10.6111],[107.3533,10.6137],[107.3549,10.6131],[107.3561,10.612],[107.3576,10.6129],[107.3581,10.6146],[107.3574,10.6173],[107.356,10.6197],[107.3531,10.6221],[107.3538,10.6235],[107.3551,10.6234],[107.3566,10.6252],[107.3568,10.6289],[107.3561,10.6296],[107.356,10.6308],[107.3573,10.6337],[107.3586,10.6353],[107.3607,10.6366],[107.3616,10.6381],[107.3624,10.6385],[107.3638,10.6383],[107.3657,10.6401],[107.3661,10.6413],[107.3656,10.6425],[107.3655,10.6437],[107.3645,10.6463],[107.3666,10.6486],[107.3668,10.6496],[107.3685,10.6538],[107.3645,10.6565],[107.3559,10.6719],[107.3591,10.6724],[107.3631,10.6735],[107.3666,10.6739],[107.3677,10.6742],[107.3712,10.6761],[107.3718,10.6777],[107.3727,10.6772],[107.3746,10.6768],[107.3758,10.6769],[107.3774,10.6761],[107.3784,10.6759],[107.3791,10.6744],[107.3807,10.6736],[107.383,10.6732],[107.386,10.6729],[107.3865,10.6755],[107.391,10.6746],[107.395,10.6726],[107.3969,10.6695],[107.4049,10.6696],[107.4059,10.6694],[107.4058,10.6787],[107.4224,10.6785],[107.4336,10.6782],[107.4421,10.678],[107.4507,10.6781],[107.4537,10.6783],[107.4563,10.6782],[107.4573,10.6773],[107.4581,10.6771],[107.4591,10.6764],[107.46,10.6772],[107.4612,10.677],[107.4614,10.6771],[107.4631,10.6768],[107.4662,10.6739],[107.4691,10.6733],[107.4699,10.6724],[107.4705,10.6701],[107.4703,10.6685],[107.4709,10.6663],[107.4727,10.6652],[107.4728,10.6644],[107.4737,10.6641],[107.4742,10.6632],[107.4738,10.6626],[107.4739,10.6613],[107.4734,10.6585],[107.4724,10.6563],[107.4726,10.6553],[107.4735,10.6546],[107.4744,10.6533],[107.4777,10.6532],[107.478,10.6526],[107.4792,10.6536],[107.48,10.6536],[107.4821,10.6512],[107.4833,10.6507],[107.4843,10.6495],[107.4857,10.6497],[107.4857,10.6489],[107.4869,10.6488],[107.4873,10.6482],[107.4884,10.6479],[107.4904,10.6468],[107.491,10.6447],[107.4912,10.6437],[107.4999,10.6085],[107.5003,10.6066],[107.4985,10.6053],[107.4967,10.605],[107.4948,10.6057],[107.4944,10.6068],[107.493,10.6075],[107.4924,10.6087],[107.4928,10.6099],[107.4941,10.6115],[107.493,10.613],[107.4918,10.6112],[107.4895,10.6115],[107.4837,10.6113],[107.4812,10.6112],[107.4777,10.6112],[107.4761,10.61],[107.4767,10.6081],[107.477,10.6058],[107.4778,10.6043],[107.4775,10.6033],[107.4785,10.6016],[107.4791,10.6011],[107.4781,10.6],[107.4764,10.5966],[107.4756,10.5955],[107.4758,10.5941],[107.4744,10.5931],[107.4745,10.5923],[107.4736,10.5913],[107.474,10.5895],[107.4729,10.5887],[107.4734,10.5863],[107.4725,10.5824],[107.4706,10.5816],[107.4699,10.5806],[107.4669,10.5792],[107.4658,10.5773],[107.4649,10.577],[107.4573,10.5771],[107.455,10.5769],[107.4476,10.5766],[107.4442,10.5766],[107.4444,10.5784],[107.4403,10.5784],[107.4397,10.5786],[107.4386,10.581],[107.4386,10.5835],[107.4372,10.5834],[107.4367,10.5839],[107.4348,10.5831],[107.4337,10.5829],[107.4328,10.5835],[107.4322,10.5846],[107.4301,10.5853],[107.4293,10.5858],[107.4293,10.5867],[107.4284,10.5877],[107.4268,10.5879],[107.4253,10.5872],[107.4243,10.5889],[107.4226,10.5888],[107.4211,10.5891],[107.4203,10.5888],[107.4197,10.5876],[107.4168,10.5883],[107.4152,10.5894],[107.4132,10.5892],[107.4126,10.5895],[107.4128,10.5916],[107.3988,10.5914],[107.3839,10.5912],[107.3836,10.5867],[107.372,10.5866],[107.3716,10.5873],[107.3681,10.5904],[107.3674,10.5908],[107.3658,10.5908],[107.3646,10.5919]]]},"properties":{"code":"26641","name":"Xã Hòa Hội"}},{"type":"Feature","geometry":{"type":"Polygon","coordinates":[[[106.6602,10.7822],[106.6646,10.7869],[106.6817,10.7778],[106.6811,10.7774],[106.6796,10.7749],[106.6734,10.7711],[106.6671,10.7677],[106.6663,10.7694],[106.6636,10.7764],[106.6613,10.7786],[106.6602,10.7822]]]},"properties":{"code":"27163","name":"Phường Hòa Hưng"}},{"type":"Feature","geometry":{"type":"Polygon","coordinates":[[[106.6042,11.0721],[106.6059,11.074],[106.6072,11.0759],[106.609,11.0781],[106.6109,11.0779],[106.6121,11.0783],[106.6136,11.0785],[106.6142,11.0796],[106.6141,11.0811],[106.6155,11.0831],[106.6168,11.0817],[106.6193,11.08],[106.6223,11.0796],[106.6268,11.0792],[106.6279,11.0762],[106.6349,11.079],[106.6374,11.08],[106.6522,11.0882],[106.6586,11.0916],[106.6576,11.094],[106.6588,11.0955],[106.6583,11.097],[106.6565,11.0971],[106.6566,11.1078],[106.6576,11.1077],[106.6589,11.1223],[106.6581,11.1224],[106.6576,11.1234],[106.6554,11.1236],[106.6555,11.133],[106.6644,11.1329],[106.6646,11.1303],[106.666,11.1302],[106.6662,11.1311],[106.668,11.1306],[106.6695,11.1304],[106.6699,11.1291],[106.6733,11.1294],[106.6734,11.1285],[106.6759,11.1279],[106.6768,11.1282],[106.6791,11.1276],[106.6787,11.1289],[106.6809,11.1284],[106.6831,11.1277],[106.6857,11.1276],[106.6885,11.1287],[106.6904,11.1259],[106.6904,11.1243],[106.6917,11.1237],[106.6923,11.1224],[106.6927,11.12],[106.6935,11.1185],[106.6937,11.1172],[106.6935,11.1153],[106.6942,11.1139],[106.693,11.1113],[106.6927,11.1098],[106.6925,11.1071],[106.6935,11.1061],[106.693,11.1048],[106.6936,11.1035],[106.6929,11.1027],[106.6901,11.102],[106.6895,11.1048],[106.6893,11.1069],[106.6886,11.1096],[106.6891,11.1103],[106.6882,11.1112],[106.6888,11.1118],[106.6882,11.1127],[106.6868,11.1129],[106.6854,11.1118],[106.684,11.1121],[106.6821,11.1112],[106.68,11.1114],[106.6799,11.1104],[106.6777,11.1101],[106.6759,11.1103],[106.675,11.1098],[106.6749,11.1088],[106.6739,11.1089],[106.6722,11.1085],[106.6712,11.1076],[106.6697,11.1079],[106.669,11.1073],[106.6673,11.1073],[106.6671,11.1028],[106.6676,11.0999],[106.6675,11.097],[106.6681,11.0953],[106.6672,11.0951],[106.6669,11.093],[106.6689,11.0915],[106.6696,11.09],[106.6699,11.0879],[106.6708,11.0872],[106.6679,11.0794],[106.6702,11.0786],[106.6692,11.076],[106.667,11.0769],[106.6663,11.075],[106.6648,11.0741],[106.6627,11.0693],[106.6635,11.0692],[106.6635,11.068],[106.6623,11.0677],[106.6625,11.0669],[106.6634,11.0668],[106.6639,11.0649],[106.6642,11.0615],[106.6636,11.057],[106.6618,11.057],[106.6581,11.0579],[106.658,11.0584],[106.6536,11.0581],[106.654,11.0564],[106.6536,11.0532],[106.653,11.0522],[106.6472,11.0461],[106.6431,11.0395],[106.6401,11.0342],[106.6387,11.037],[106.636,11.0415],[106.6342,11.045],[106.6306,11.0432],[106.6287,11.044],[106.626,11.0439],[106.6253,11.0447],[106.6253,11.047],[106.6243,11.048],[106.625,11.0498],[106.6246,11.0515],[106.6249,11.0521],[106.6242,11.0538],[106.6221,11.0532],[106.6173,11.0515],[106.6156,11.0511],[106.6148,11.0523],[106.6143,11.0543],[106.6146,11.0562],[106.6164,11.0577],[106.6167,11.0582],[106.6161,11.0597],[106.6144,11.0625],[106.6134,11.0633],[106.6113,11.0638],[106.6064,11.0669],[106.6059,11.0679],[106.6065,11.0696],[106.606,11.0712],[106.6042,11.0721]]]},"properties":{"code":"25849","name":"Phường Hòa Lợi"}},{"type":"Feature","geometry":{"type":"Polygon","coordinates":[[[106.5837,10.9287],[106.5873,10.9276],[106.5926,10.9258],[106.6002,10.9234],[106.6012,10.9233],[106.6005,10.9203],[106.6004,10.9178],[106.6057,10.9171],[106.6164,10.9154],[106.6193,10.915],[106.622,10.9144],[106.6204,10.9139],[106.6193,10.9138],[106.6174,10.9125],[106.6146,10.912],[106.6134,10.9116],[106.6106,10.9112],[106.6076,10.9103],[106.6068,10.9095],[106.6053,10.9094],[106.6016,10.9067],[106.6003,10.9064],[106.6011,10.9026],[106.6013,10.9008],[106.6021,10.8996],[106.6016,10.898],[106.6008,10.897],[106.5986,10.8929],[106.5988,10.8921],[106.5982,10.8907],[106.5981,10.8893],[106.5997,10.8893],[106.6007,10.8889],[106.6001,10.888],[106.6023,10.8877],[106.6056,10.8856],[106.6076,10.883],[106.6108,10.8769],[106.6087,10.8746],[106.607,10.875],[106.6064,10.8725],[106.6061,10.872],[106.6073,10.871],[106.6065,10.8694],[106.6047,10.8677],[106.6049,10.8653],[106.6029,10.8652],[106.6013,10.8638],[106.5909,10.8784],[106.5839,10.8885],[106.5851,10.889],[106.5862,10.889],[106.587,10.891],[106.5889,10.8923],[106.5767,10.8998],[106.5756,10.9003],[106.5689,10.9098],[106.563,10.9182],[106.5641,10.9189],[106.567,10.9193],[106.5741,10.9198],[106.5797,10.92],[106.5841,10.9196],[106.5842,10.9204],[106.5825,10.9251],[106.5816,10.9261],[106.5815,10.9293],[106.5837,10.9287]]]},"properties":{"code":"27559","name":"Xã Hóc Môn"}},{"type":"Feature","geometry":{"type":"Polygon","coordinates":[[[106.6054,10.6587],[106.6058,10.6592],[106.608,10.6638],[106.6098,10.667],[106.6107,10.669],[106.6115,10.67],[106.6117,10.671],[106.6132,10.6737],[106.6155,10.6783],[106.616,10.6798],[106.6171,10.6816],[106.6187,10.6853],[106.6202,10.6877],[106.6206,10.6888],[106.6216,10.6906],[106.6222,10.6924],[106.6237,10.693],[106.6242,10.6922],[106.6253,10.6911],[106.6276,10.6901],[106.6284,10.6895],[106.6287,10.6884],[106.6284,10.6851],[106.6286,10.6836],[106.6297,10.6823],[106.6325,10.6808],[106.6336,10.68],[106.6347,10.6808],[106.6388,10.6818],[106.6382,10.6828],[106.639,10.6833],[106.6422,10.6849],[106.6448,10.6867],[106.6467,10.6864],[106.6518,10.6876],[106.6515,10.6867],[106.6504,10.6864],[106.6506,10.6849],[106.6498,10.6826],[106.6508,10.6821],[106.6531,10.6827],[106.6542,10.6821],[106.6549,10.6783],[106.6558,10.6785],[106.6581,10.6795],[106.6625,10.6786],[106.6648,10.6783],[106.6658,10.677],[106.6664,10.6747],[106.6689,10.6714],[106.6697,10.6707],[106.672,10.6711],[106.6735,10.6708],[106.6759,10.6696],[106.6784,10.6689],[106.6787,10.6648],[106.6796,10.6631],[106.6804,10.6626],[106.683,10.6619],[106.6842,10.6613],[106.685,10.6603],[106.6858,10.6562],[106.686,10.6536],[106.6859,10.6523],[106.6853,10.6511],[106.684,10.6498],[106.6819,10.6484],[106.6786,10.6453],[106.6756,10.6448],[106.6737,10.6439],[106.6732,10.6422],[106.6713,10.6411],[106.6697,10.6393],[106.6684,10.6391],[106.6673,10.6399],[106.6663,10.6401],[106.6664,10.6387],[106.6651,10.639],[106.663,10.6401],[106.6626,10.6393],[106.6609,10.6401],[106.6602,10.641],[106.6609,10.6421],[106.6575,10.6437],[106.6564,10.6436],[106.6563,10.6416],[106.6567,10.641],[106.6568,10.6392],[106.6545,10.6391],[106.6539,10.6395],[106.653,10.6379],[106.6534,10.6363],[106.6533,10.6333],[106.6527,10.6322],[106.6514,10.6327],[106.6485,10.6327],[106.6468,10.6343],[106.6462,10.6342],[106.6438,10.6296],[106.6414,10.6273],[106.641,10.6267],[106.6389,10.6275],[106.6378,10.6266],[106.6368,10.6262],[106.6355,10.6263],[106.6346,10.6257],[106.6336,10.6272],[106.6325,10.6282],[106.631,10.6279],[106.6302,10.6266],[106.6296,10.6271],[106.6297,10.6288],[106.631,10.6301],[106.6297,10.632],[106.6298,10.6336],[106.6297,10.6359],[106.6299,10.6364],[106.6312,10.6367],[106.6298,10.6394],[106.6303,10.6405],[106.6297,10.6423],[106.6281,10.6421],[106.6271,10.6424],[106.6258,10.6397],[106.6246,10.6399],[106.6241,10.6395],[106.6225,10.6406],[106.6212,10.6411],[106.6219,10.6418],[106.6221,10.6432],[106.6218,10.6441],[106.6234,10.6441],[106.6243,10.6445],[106.6241,10.6465],[106.625,10.6473],[106.6223,10.6481],[106.6212,10.6487],[106.6189,10.649],[106.619,10.6496],[106.6173,10.6502],[106.6177,10.6519],[106.6169,10.6522],[106.6168,10.6532],[106.616,10.6532],[106.6155,10.6541],[106.6146,10.6537],[106.6126,10.6552],[106.6114,10.6566],[106.6071,10.658],[106.6055,10.6583],[106.6054,10.6587]]]},"properties":{"code":"27628","name":"Xã Hưng Long"}},{"type":"Feature","geometry":{"type":"Polygon","coordinates":[[[106.6993,10.7641],[106.7012,10.7653],[106.7022,10.7644],[106.7047,10.7627],[106.7111,10.7588],[106.7092,10.7555],[106.7102,10.7546],[106.7099,10.7524],[106.7051,10.7524],[106.7061,10.7562],[106.7012,10.7561],[106.6969,10.7617],[106.6982,10.7634],[106.6993,10.7641]]]},"properties":{"code":"27265","name":"Phường Khánh Hội"}},{"type":"Feature","geometry":{"type":"Polygon","coordinates":[[[107.169,10.6243],[107.168,10.6264],[107.1666,10.627],[107.1665,10.6297],[107.166,10.6327],[107.1651,10.6335],[107.1643,10.635],[107.1652,10.6391],[107.1649,10.6409],[107.1643,10.6417],[107.165,10.6424],[107.1649,10.6431],[107.1664,10.6455],[107.1666,10.6467],[107.1677,10.6472],[107.1661,10.6495],[107.1672,10.6503],[107.1668,10.6526],[107.1675,10.6533],[107.1674,10.6546],[107.1663,10.6553],[107.166,10.6566],[107.1654,10.6573],[107.1649,10.6593],[107.165,10.6605],[107.1661,10.6613],[107.1654,10.662],[107.1656,10.6635],[107.1663,10.6639],[107.1663,10.6656],[107.1667,10.6662],[107.1663,10.6678],[107.1657,10.6682],[107.1653,10.6696],[107.1645,10.6699],[107.1634,10.6721],[107.1631,10.6732],[107.1615,10.674],[107.1605,10.6751],[107.1603,10.6765],[107.1596,10.6774],[107.16,10.6794],[107.1598,10.6805],[107.163,10.6824],[107.1654,10.685],[107.1657,10.6855],[107.1675,10.685],[107.1679,10.6835],[107.1692,10.6826],[107.1704,10.6808],[107.1722,10.6809],[107.1724,10.6814],[107.1747,10.6819],[107.1749,10.6825],[107.1768,10.683],[107.1785,10.6841],[107.1785,10.6851],[107.1808,10.686],[107.1808,10.6873],[107.1814,10.6888],[107.1821,10.6896],[107.1827,10.6915],[107.1847,10.6898],[107.1846,10.6894],[107.1869,10.6892],[107.188,10.6914],[107.1901,10.6916],[107.1907,10.6932],[107.1942,10.6945],[107.1951,10.6958],[107.1948,10.6967],[107.1965,10.6986],[107.197,10.7004],[107.1985,10.7014],[107.2,10.702],[107.2032,10.704],[107.2061,10.7051],[107.206,10.707],[107.2054,10.7074],[107.2053,10.7086],[107.2043,10.7093],[107.2044,10.711],[107.2054,10.7123],[107.2054,10.7128],[107.2065,10.7143],[107.2074,10.7158],[107.2075,10.7176],[107.2096,10.7177],[107.2101,10.7182],[107.2143,10.7183],[107.217,10.7196],[107.2183,10.7196],[107.2199,10.721],[107.2211,10.7209],[107.2237,10.7212],[107.2259,10.7224],[107.2269,10.7238],[107.231,10.7238],[107.2357,10.7235],[107.2395,10.7235],[107.2397,10.7224],[107.2409,10.7167],[107.2496,10.7185],[107.2502,10.7153],[107.2509,10.7134],[107.2513,10.7108],[107.2537,10.7112],[107.2563,10.7089],[107.2578,10.7088],[107.2588,10.7082],[107.2598,10.7059],[107.2608,10.7052],[107.2605,10.7034],[107.2609,10.7027],[107.2601,10.7015],[107.2607,10.7003],[107.2617,10.6991],[107.2638,10.6979],[107.2685,10.6957],[107.2688,10.6943],[107.266,10.693],[107.2666,10.6919],[107.2642,10.6891],[107.2646,10.6867],[107.265,10.6865],[107.2651,10.6845],[107.2658,10.6837],[107.2676,10.6834],[107.2676,10.6828],[107.2694,10.6806],[107.2694,10.6798],[107.2682,10.6791],[107.2678,10.678],[107.2671,10.673],[107.2671,10.672],[107.2664,10.6691],[107.2621,10.6711],[107.2611,10.6672],[107.258,10.6679],[107.2579,10.6669],[107.2583,10.6654],[107.2581,10.6643],[107.2574,10.6638],[107.2528,10.6648],[107.2489,10.6649],[107.2485,10.6631],[107.2437,10.6639],[107.2424,10.665],[107.2415,10.665],[107.2372,10.666],[107.2294,10.6674],[107.2292,10.6662],[107.2237,10.6663],[107.2144,10.6667],[107.2143,10.6636],[107.2161,10.6602],[107.2159,10.6577],[107.2161,10.6565],[107.2143,10.6555],[107.2133,10.6537],[107.2133,10.6521],[107.2126,10.65],[107.2131,10.6478],[107.2138,10.6456],[107.2137,10.6445],[107.2142,10.6436],[107.2143,10.642],[107.2133,10.6425],[107.2119,10.6452],[107.2096,10.6473],[107.2081,10.6477],[107.2067,10.6502],[107.2031,10.6514],[107.1986,10.6522],[107.1982,10.6533],[107.1966,10.6547],[107.1948,10.6537],[107.1929,10.6501],[107.1917,10.6483],[107.1897,10.6485],[107.187,10.6496],[107.1849,10.6465],[107.1844,10.6449],[107.1831,10.6439],[107.1807,10.6403],[107.1803,10.6393],[107.1787,10.6369],[107.1782,10.635],[107.179,10.6319],[107.1787,10.6313],[107.1804,10.6276],[107.1786,10.6249],[107.169,10.6243]]]},"properties":{"code":"26608","name":"Xã Kim Long"}},{"type":"Feature","geometry":{"type":"Polygon","coordinates":[[[106.7133,10.8657],[106.7104,10.8665],[106.7049,10.8669],[106.7032,10.8669],[106.7018,10.8673],[106.7003,10.8682],[106.6984,10.8696],[106.6952,10.8731],[106.6903,10.8795],[106.6894,10.881],[106.6889,10.8825],[106.6889,10.8839],[106.6892,10.8855],[106.6906,10.8881],[106.692,10.89],[106.6939,10.8936],[106.6943,10.8948],[106.6944,10.8971],[106.6941,10.8989],[106.6927,10.9043],[106.6906,10.9098],[106.6877,10.9163],[106.6851,10.9207],[106.6838,10.922],[106.6818,10.9231],[106.6808,10.9234],[106.6804,10.9247],[106.6804,10.9259],[106.6817,10.927],[106.6817,10.9285],[106.6821,10.93],[106.6837,10.929],[106.6844,10.9305],[106.6857,10.932],[106.688,10.9337],[106.6889,10.9352],[106.6893,10.9367],[106.6905,10.9376],[106.6922,10.9392],[106.694,10.9382],[106.6951,10.9394],[106.6983,10.9386],[106.7022,10.9369],[106.7029,10.937],[106.7035,10.9355],[106.7042,10.9357],[106.7055,10.9341],[106.7053,10.9332],[106.7062,10.9329],[106.7078,10.9348],[106.7081,10.9346],[106.7082,10.9327],[106.7096,10.9327],[106.7108,10.9322],[106.7118,10.9281],[106.713,10.9238],[106.7134,10.9219],[106.7135,10.9194],[106.7126,10.9038],[106.712,10.9019],[106.7098,10.8985],[106.7051,10.8928],[106.7054,10.8919],[106.7051,10.8881],[106.7044,10.8877],[106.7028,10.8846],[106.6994,10.8859],[106.6982,10.8831],[106.6992,10.8785],[106.7012,10.8746],[106.7048,10.8713],[106.7107,10.8702],[106.7155,10.8685],[106.7133,10.8657]]]},"properties":{"code":"25966","name":"Phường Lái Thiêu"}},{"type":"Feature","geometry":{"type":"Polygon","coordinates":[[[106.6788,10.851],[106.6796,10.8508],[106.6822,10.8516],[106.6841,10.8514],[106.6844,10.8507],[106.6829,10.8481],[106.6835,10.8471],[106.6845,10.847],[106.6868,10.8472],[106.6879,10.8465],[106.6888,10.8449],[106.6892,10.8435],[106.6887,10.8404],[106.689,10.8387],[106.6905,10.8365],[106.6911,10.8346],[106.6909,10.8331],[106.6924,10.8305],[106.6931,10.83],[106.6944,10.8302],[106.6952,10.8309],[106.6985,10.8304],[106.6995,10.8304],[106.6999,10.8298],[106.6997,10.8286],[106.7006,10.8283],[106.7011,10.8272],[106.6991,10.8257],[106.6986,10.8234],[106.6935,10.8222],[106.6935,10.822],[106.689,10.8209],[106.688,10.823],[106.6865,10.8242],[106.6888,10.8258],[106.6905,10.8275],[106.6875,10.8309],[106.6852,10.8331],[106.6844,10.8345],[106.6821,10.8335],[106.6816,10.8347],[106.6804,10.838],[106.6782,10.841],[106.6766,10.842],[106.6784,10.8471],[106.6788,10.851]]]},"properties":{"code":"26876","name":"Phường An Nhơn"}},{"type":"Feature","geometry":{"type":"Polygon","coordinates":[[[106.7517,10.8589],[106.7518,10.8622],[106.752,10.8635],[106.7549,10.8664],[106.7561,10.8664],[106.7575,10.8671],[106.7596,10.8669],[106.7623,10.8673],[106.7633,10.8691],[106.7634,10.8699],[106.7622,10.8711],[106.7604,10.8724],[106.7617,10.8744],[106.7618,10.8755],[106.7614,10.8785],[106.762,10.8787],[106.7605,10.8813],[106.7618,10.8826],[106.7636,10.8838],[106.7645,10.8849],[106.7646,10.8863],[106.7653,10.8877],[106.766,10.8884],[106.7669,10.8915],[106.7684,10.8923],[106.7684,10.8936],[106.769,10.8937],[106.7695,10.8939],[106.7708,10.8923],[106.7712,10.8912],[106.7728,10.8896],[106.7756,10.8871],[106.7767,10.885],[106.7805,10.8815],[106.7813,10.8795],[106.7812,10.8781],[106.7819,10.8775],[106.7819,10.874],[106.7807,10.8718],[106.78,10.8684],[106.7821,10.8677],[106.7842,10.8673],[106.7889,10.8672],[106.7878,10.868],[106.788,10.8701],[106.7889,10.8719],[106.7921,10.872],[106.7924,10.8726],[106.7937,10.8725],[106.7949,10.8735],[106.7975,10.8732],[106.7982,10.872],[106.7989,10.8721],[106.8012,10.8735],[106.8044,10.8737],[106.8053,10.8751],[106.8076,10.874],[106.8086,10.873],[106.8076,10.8717],[106.8059,10.8695],[106.8036,10.8673],[106.7981,10.8641],[106.7769,10.8515],[106.774,10.8491],[106.7734,10.8495],[106.7744,10.8518],[106.7729,10.8545],[106.7717,10.854],[106.769,10.8544],[106.7671,10.8554],[106.7661,10.8565],[106.765,10.8568],[106.7641,10.8571],[106.7609,10.861],[106.7604,10.8601],[106.7585,10.8581],[106.7573,10.8576],[106.7568,10.8566],[106.7554,10.8551],[106.7546,10.8527],[106.7549,10.8513],[106.7537,10.8512],[106.753,10.8522],[106.7513,10.8534],[106.7518,10.8545],[106.7517,10.8589]]]},"properties":{"code":"26800","name":"Phường Linh Xuân"}},{"type":"Feature","geometry":{"type":"Polygon","coordinates":[[[106.8261,10.826],[106.8228,10.834],[106.8203,10.8387],[106.8184,10.8399],[106.8165,10.8402],[106.817,10.8413],[106.8087,10.849],[106.8137,10.8502],[106.8135,10.8596],[106.8136,10.8655],[106.814,10.8701],[106.8114,10.8709],[106.8076,10.8717],[106.8086,10.873],[106.813,10.8791],[106.814,10.8782],[106.8176,10.8826],[106.8181,10.8842],[106.8189,10.8844],[106.819,10.8853],[106.8197,10.8861],[106.8208,10.8857],[106.8218,10.886],[106.8233,10.8872],[106.8242,10.8887],[106.8237,10.892],[106.8252,10.8931],[106.8262,10.8949],[106.8281,10.8942],[106.8304,10.8953],[106.8315,10.8965],[106.8324,10.8967],[106.8327,10.8975],[106.8339,10.8983],[106.8378,10.8983],[106.8402,10.8989],[106.8407,10.8971],[106.8424,10.8925],[106.8437,10.8844],[106.8441,10.8835],[106.8479,10.8804],[106.851,10.8763],[106.8512,10.8751],[106.8509,10.8735],[106.8492,10.8698],[106.8467,10.8655],[106.8468,10.8644],[106.8476,10.8616],[106.8492,10.8574],[106.8512,10.854],[106.8525,10.8507],[106.8559,10.8435],[106.8575,10.8415],[106.8551,10.8403],[106.8538,10.8371],[106.8531,10.836],[106.8521,10.8353],[106.8491,10.8343],[106.8485,10.834],[106.8458,10.8313],[106.8446,10.8308],[106.8431,10.8307],[106.8406,10.8322],[106.839,10.8327],[106.8372,10.832],[106.8367,10.8311],[106.8358,10.8268],[106.8347,10.8272],[106.8326,10.8269],[106.8296,10.8274],[106.8261,10.826]]]},"properties":{"code":"26833","name":"Phường Long Bình"}},{"type":"Feature","geometry":{"type":"Polygon","coordinates":[[[107.2573,10.4621],[107.2566,10.4576],[107.2558,10.4561],[107.2553,10.4535],[107.2544,10.4527],[107.2546,10.4516],[107.2518,10.4474],[107.2501,10.4453],[107.2515,10.4442],[107.252,10.4446],[107.2534,10.4437],[107.2547,10.4441],[107.2546,10.4429],[107.2529,10.44],[107.251,10.4383],[107.2519,10.4366],[107.2518,10.435],[107.2539,10.4344],[107.2552,10.4347],[107.2545,10.4333],[107.2553,10.4321],[107.2562,10.4302],[107.2541,10.4283],[107.2527,10.4293],[107.25,10.4267],[107.2483,10.4259],[107.2445,10.4256],[107.2455,10.4351],[107.2448,10.437],[107.2436,10.4373],[107.2432,10.4379],[107.2417,10.4368],[107.2409,10.4366],[107.238,10.4381],[107.2363,10.4386],[107.236,10.4376],[107.2302,10.4387],[107.2281,10.4351],[107.221,10.4356],[107.219,10.4352],[107.2202,10.4316],[107.2207,10.4296],[107.2181,10.4287],[107.2183,10.4271],[107.2174,10.4271],[107.2168,10.4258],[107.2158,10.4253],[107.2147,10.4242],[107.2137,10.4242],[107.2118,10.4232],[107.2116,10.4235],[107.208,10.4265],[107.207,10.4283],[107.2069,10.4297],[107.2074,10.4306],[107.2104,10.4332],[107.2109,10.4342],[107.211,10.4358],[107.2105,10.4371],[107.2099,10.4381],[107.2082,10.4391],[107.203,10.4408],[107.1983,10.4427],[107.1978,10.4433],[107.197,10.4459],[107.1965,10.4467],[107.194,10.448],[107.1912,10.4493],[107.1886,10.4503],[107.1873,10.4511],[107.1866,10.4525],[107.1866,10.4548],[107.1855,10.457],[107.1838,10.4575],[107.1831,10.4574],[107.1807,10.4548],[107.18,10.4553],[107.1796,10.4567],[107.18,10.4579],[107.18,10.4597],[107.1791,10.461],[107.1749,10.4628],[107.177,10.4645],[107.1774,10.4652],[107.1777,10.4672],[107.1769,10.4704],[107.1772,10.4715],[107.1793,10.4722],[107.1823,10.4724],[107.1843,10.4721],[107.1863,10.4704],[107.1894,10.469],[107.1905,10.4688],[107.1909,10.471],[107.1903,10.4724],[107.1899,10.4745],[107.1902,10.4777],[107.1906,10.4789],[107.1929,10.4792],[107.1955,10.48],[107.1966,10.4812],[107.1974,10.4815],[107.2003,10.4843],[107.2,10.4847],[107.1966,10.4861],[107.1979,10.487],[107.1984,10.4886],[107.1994,10.489],[107.1998,10.4902],[107.2013,10.4906],[107.2022,10.4928],[107.2034,10.4932],[107.2043,10.4945],[107.2048,10.497],[107.2137,10.495],[107.2143,10.4948],[107.2187,10.4979],[107.2195,10.4997],[107.222,10.498],[107.2226,10.5016],[107.2241,10.5015],[107.2247,10.5037],[107.227,10.5034],[107.2277,10.504],[107.2279,10.5056],[107.23,10.5058],[107.2302,10.5068],[107.2311,10.5069],[107.2331,10.5064],[107.2336,10.5068],[107.2363,10.5069],[107.2361,10.508],[107.2375,10.5095],[107.2384,10.5092],[107.24,10.5099],[107.2409,10.5089],[107.2419,10.5094],[107.242,10.5107],[107.2436,10.5116],[107.2439,10.5137],[107.2454,10.5137],[107.2469,10.5134],[107.247,10.5148],[107.249,10.5146],[107.2507,10.5133],[107.2505,10.5119],[107.2513,10.509],[107.252,10.5089],[107.253,10.507],[107.2532,10.5058],[107.2528,10.5048],[107.2522,10.5026],[107.2512,10.502],[107.2507,10.501],[107.251,10.4989],[107.2517,10.4983],[107.2512,10.4957],[107.2524,10.4937],[107.2531,10.4933],[107.2535,10.4903],[107.2542,10.4888],[107.2534,10.487],[107.2537,10.4812],[107.2525,10.4814],[107.2529,10.479],[107.2525,10.4767],[107.2511,10.4751],[107.2512,10.4724],[107.251,10.471],[107.2498,10.4692],[107.2576,10.4655],[107.2574,10.4643],[107.2577,10.4635],[107.2573,10.4621]]]},"properties":{"code":"26659","name":"Xã Long Điền"}},{"type":"Feature","geometry":{"type":"Polygon","coordinates":[[[107.2445,10.4256],[107.2445,10.4211],[107.2466,10.4128],[107.2507,10.3941],[107.2532,10.3844],[107.2546,10.3795],[107.2531,10.3798],[107.252,10.381],[107.25,10.3805],[107.248,10.381],[107.2461,10.3806],[107.2435,10.3784],[107.2414,10.3779],[107.2405,10.379],[107.24,10.3789],[107.2389,10.381],[107.2376,10.3824],[107.2366,10.3828],[107.235,10.3854],[107.2339,10.3863],[107.2309,10.3898],[107.2287,10.3917],[107.2271,10.3933],[107.2253,10.3947],[107.2227,10.3975],[107.2225,10.3985],[107.2201,10.4005],[107.2186,10.4021],[107.2162,10.403],[107.2151,10.4036],[107.2132,10.404],[107.2088,10.406],[107.2053,10.4063],[107.204,10.4059],[107.2001,10.4057],[107.1922,10.4039],[107.182,10.4007],[107.1785,10.4],[107.1771,10.4007],[107.177,10.4012],[107.1713,10.4015],[107.172,10.4034],[107.1728,10.4046],[107.1786,10.4085],[107.1813,10.4116],[107.1833,10.4149],[107.1844,10.4177],[107.185,10.4205],[107.1855,10.423],[107.1873,10.4275],[107.188,10.4284],[107.1892,10.4289],[107.1915,10.4281],[107.1922,10.427],[107.1924,10.4253],[107.1931,10.422],[107.1935,10.4212],[107.1951,10.4205],[107.1972,10.4207],[107.2006,10.4219],[107.2014,10.422],[107.2023,10.4212],[107.2033,10.4191],[107.2045,10.4184],[107.2065,10.4185],[107.2105,10.4196],[107.2118,10.4208],[107.212,10.4223],[107.2118,10.4232],[107.2137,10.4242],[107.2147,10.4242],[107.2158,10.4253],[107.2168,10.4258],[107.2174,10.4271],[107.2183,10.4271],[107.2181,10.4287],[107.2207,10.4296],[107.2202,10.4316],[107.219,10.4352],[107.221,10.4356],[107.2281,10.4351],[107.2302,10.4387],[107.236,10.4376],[107.2363,10.4386],[107.238,10.4381],[107.2409,10.4366],[107.2417,10.4368],[107.2432,10.4379],[107.2436,10.4373],[107.2448,10.437],[107.2455,10.4351],[107.2445,10.4256]]]},"properties":{"code":"26662","name":"Xã Long Hải"}},{"type":"Feature","geometry":{"type":"Polygon","coordinates":[[[106.4975,11.233],[106.4961,11.2337],[106.4959,11.2348],[106.4947,11.2352],[106.4947,11.2365],[106.4938,11.2371],[106.4935,11.238],[106.4935,11.2382],[106.4931,11.2395],[106.4922,11.2409],[106.4919,11.2429],[106.4913,11.2435],[106.4912,11.2447],[106.4918,11.2455],[106.4909,11.246],[106.4911,11.2474],[106.4906,11.2481],[106.4919,11.2488],[106.4908,11.2509],[106.491,11.2521],[106.4921,11.2522],[106.4926,11.2534],[106.4923,11.2545],[106.4925,11.2556],[106.491,11.2562],[106.4906,11.2576],[106.4898,11.2585],[106.49,11.2601],[106.4885,11.2604],[106.4886,11.2613],[106.4878,11.2622],[106.4875,11.2635],[106.4864,11.2638],[106.485,11.2652],[106.4848,11.2665],[106.4831,11.267],[106.4826,11.2679],[106.4834,11.2683],[106.4829,11.2692],[106.483,11.2705],[106.4823,11.2713],[106.4827,11.2727],[106.4822,11.2739],[106.4803,11.2751],[106.48,11.2776],[106.4788,11.2784],[106.4788,11.2801],[106.478,11.2814],[106.4783,11.2828],[106.4776,11.2854],[106.477,11.2863],[106.4778,11.2872],[106.4775,11.2883],[106.4766,11.2886],[106.4764,11.2898],[106.4756,11.2902],[106.4755,11.2914],[106.4749,11.2929],[106.4736,11.2936],[106.4726,11.2946],[106.4736,11.2957],[106.4735,11.2966],[106.4722,11.298],[106.4718,11.2999],[106.4727,11.3015],[106.4725,11.3028],[106.4713,11.303],[106.4706,11.3037],[106.4669,11.3055],[106.4669,11.3064],[106.4674,11.3077],[106.4683,11.3082],[106.4682,11.3098],[106.4687,11.3114],[106.4711,11.3135],[106.4709,11.315],[106.4711,11.3162],[106.4704,11.3168],[106.4705,11.3177],[106.47,11.3186],[106.4704,11.3192],[106.4701,11.3203],[106.4721,11.3215],[106.4734,11.3237],[106.4736,11.3245],[106.4727,11.3251],[106.4726,11.326],[106.4716,11.3271],[106.47,11.3276],[106.4696,11.3282],[106.4677,11.3286],[106.4668,11.3306],[106.4657,11.3318],[106.466,11.3326],[106.4654,11.3338],[106.4653,11.3349],[106.4656,11.3362],[106.4652,11.3365],[106.4654,11.3381],[106.4641,11.3388],[106.4634,11.3407],[106.4628,11.3415],[106.4624,11.3433],[106.4628,11.3438],[106.4632,11.3459],[106.4623,11.3463],[106.4621,11.3485],[106.4613,11.3497],[106.4613,11.3504],[106.4605,11.3513],[106.4602,11.3532],[106.4584,11.3547],[106.4577,11.3564],[106.4568,11.3574],[106.4544,11.361],[106.4531,11.3616],[106.4527,11.3631],[106.4508,11.3645],[106.4508,11.3659],[106.4503,11.3688],[106.4505,11.3701],[106.4499,11.3726],[106.4501,11.3734],[106.4514,11.3752],[106.452,11.3779],[106.4511,11.3785],[106.4512,11.3804],[106.4506,11.3826],[106.4504,11.3847],[106.4486,11.3842],[106.4476,11.3886],[106.46,11.3916],[106.4592,11.3927],[106.4606,11.3943],[106.4712,11.4063],[106.4845,11.4218],[106.4887,11.4183],[106.4915,11.4158],[106.4939,11.4138],[106.4949,11.4136],[106.4984,11.419],[106.5006,11.4189],[106.5019,11.4186],[106.5032,11.4198],[106.5043,11.4202],[106.5057,11.4223],[106.5053,11.4239],[106.5059,11.424],[106.5064,11.426],[106.5059,11.4274],[106.5063,11.4284],[106.5071,11.4272],[106.5088,11.4261],[106.5107,11.4259],[106.5121,11.4261],[106.5118,11.4238],[106.5124,11.4231],[106.5134,11.423],[106.5153,11.422],[106.5159,11.4214],[106.5192,11.4142],[106.5188,11.4089],[106.5257,11.4073],[106.5266,11.4086],[106.528,11.4072],[106.5294,11.4067],[106.5293,11.4044],[106.5278,11.4048],[106.5268,11.4006],[106.5258,11.3976],[106.525,11.3962],[106.5243,11.3935],[106.526,11.393],[106.525,11.3888],[106.5268,11.3888],[106.5282,11.3914],[106.5289,11.3905],[106.5313,11.3906],[106.5312,11.3914],[106.5324,11.3924],[106.5337,11.391],[106.5351,11.3918],[106.537,11.3924],[106.5386,11.3938],[106.5415,11.391],[106.5416,11.3904],[106.5409,11.3896],[106.5396,11.3889],[106.5391,11.3879],[106.5384,11.3873],[106.5371,11.3871],[106.5355,11.3853],[106.5331,11.3857],[106.5326,11.3845],[106.5316,11.3841],[106.53,11.3841],[106.5295,11.3836],[106.5298,11.3809],[106.5307,11.3787],[106.5319,11.374],[106.5381,11.3525],[106.543,11.3351],[106.5465,11.3356],[106.5474,11.3321],[106.5488,11.3322],[106.5495,11.3294],[106.5491,11.3287],[106.5476,11.3277],[106.5471,11.3265],[106.5442,11.3249],[106.5437,11.3238],[106.5422,11.323],[106.5409,11.3228],[106.5399,11.3219],[106.5392,11.3206],[106.5386,11.3203],[106.5375,11.3183],[106.5374,11.3174],[106.5367,11.3164],[106.5371,11.3156],[106.5396,11.3141],[106.5411,11.3127],[106.5431,11.3119],[106.5441,11.311],[106.5453,11.311],[106.5463,11.31],[106.5475,11.3097],[106.5478,11.3088],[106.5489,11.3086],[106.549,11.3075],[106.551,11.3062],[106.5527,11.3036],[106.5527,11.3029],[106.5535,11.302],[106.5562,11.3004],[106.5589,11.2981],[106.5599,11.2975],[106.5609,11.296],[106.5619,11.2954],[106.5621,11.2947],[106.5642,11.2935],[106.5665,11.2925],[106.5674,11.2924],[106.5674,11.2905],[106.5686,11.2906],[106.5719,11.2737],[106.5736,11.2656],[106.5746,11.266],[106.5765,11.2617],[106.5748,11.2614],[106.5687,11.2584],[106.5576,11.2548],[106.5559,11.2594],[106.5549,11.2583],[106.5533,11.2579],[106.552,11.257],[106.5488,11.257],[106.5481,11.2565],[106.5482,11.2589],[106.5477,11.2606],[106.5443,11.2586],[106.5429,11.2585],[106.5422,11.2579],[106.5415,11.2585],[106.5377,11.255],[106.5369,11.2545],[106.5355,11.2552],[106.5355,11.2538],[106.5351,11.2525],[106.5333,11.2519],[106.5321,11.2525],[106.5303,11.2522],[106.5295,11.2515],[106.53,11.2508],[106.5279,11.2498],[106.5275,11.2502],[106.5255,11.2491],[106.5257,11.2479],[106.5254,11.247],[106.5242,11.2471],[106.5228,11.2451],[106.5212,11.2456],[106.5211,11.2461],[106.5188,11.2453],[106.5205,11.2405],[106.5193,11.2398],[106.5186,11.2384],[106.5172,11.239],[106.5155,11.2391],[106.5133,11.2377],[106.5125,11.2362],[106.5099,11.2343],[106.5114,11.232],[106.5116,11.2301],[106.5108,11.2281],[106.5102,11.2275],[106.5083,11.2268],[106.5063,11.2272],[106.5049,11.229],[106.5022,11.2301],[106.5003,11.2305],[106.4996,11.2318],[106.4989,11.2323],[106.4983,11.2334],[106.4975,11.233]]]},"properties":{"code":"25792","name":"Xã Long Hòa"}},{"type":"Feature","geometry":{"type":"Polygon","coordinates":[[[107.164,10.4739],[107.1632,10.474],[107.1596,10.4733],[107.1583,10.4716],[107.1568,10.4669],[107.155,10.4651],[107.154,10.4645],[107.1533,10.4649],[107.1483,10.4665],[107.1463,10.4673],[107.1441,10.4675],[107.1428,10.4674],[107.1422,10.4661],[107.1428,10.4606],[107.1424,10.4573],[107.1417,10.4552],[107.1407,10.4547],[107.139,10.4546],[107.1373,10.4554],[107.1363,10.457],[107.135,10.4614],[107.1346,10.4622],[107.1328,10.4634],[107.1317,10.4633],[107.1309,10.4623],[107.1311,10.4587],[107.1305,10.4574],[107.1298,10.457],[107.1281,10.457],[107.1193,10.4586],[107.1187,10.4595],[107.1189,10.4605],[107.1189,10.463],[107.1182,10.4653],[107.1166,10.4668],[107.1147,10.47],[107.1138,10.4731],[107.1131,10.4772],[107.1149,10.4778],[107.1165,10.4774],[107.1184,10.4755],[107.1202,10.4752],[107.1209,10.4755],[107.1226,10.4779],[107.1226,10.4789],[107.1207,10.4808],[107.1208,10.4815],[107.1227,10.4831],[107.123,10.4846],[107.1216,10.4853],[107.1215,10.4861],[107.1223,10.4882],[107.1239,10.4894],[107.1246,10.4903],[107.1255,10.4901],[107.1267,10.4906],[107.1267,10.4931],[107.1244,10.4946],[107.1237,10.4957],[107.1241,10.4971],[107.1239,10.4998],[107.1244,10.4998],[107.1245,10.5076],[107.1251,10.5087],[107.1273,10.508],[107.1282,10.509],[107.131,10.5089],[107.1316,10.5101],[107.1333,10.5104],[107.1332,10.5113],[107.1341,10.5127],[107.1343,10.5136],[107.1352,10.5141],[107.1363,10.5154],[107.1364,10.5161],[107.138,10.5209],[107.1402,10.5247],[107.1409,10.5265],[107.145,10.5319],[107.1481,10.5357],[107.1511,10.5361],[107.1521,10.5359],[107.154,10.5346],[107.1549,10.5337],[107.1574,10.5322],[107.1657,10.5366],[107.1679,10.5358],[107.1689,10.5349],[107.1711,10.5349],[107.171,10.5383],[107.1715,10.5413],[107.1704,10.5493],[107.1697,10.5549],[107.1695,10.556],[107.1685,10.5583],[107.1684,10.5594],[107.1701,10.5593],[107.1716,10.5596],[107.1723,10.5592],[107.1724,10.5583],[107.1739,10.5577],[107.1747,10.5566],[107.1742,10.5556],[107.1752,10.5519],[107.1759,10.5527],[107.1771,10.5515],[107.1769,10.5507],[107.1775,10.5495],[107.1787,10.5486],[107.1781,10.5479],[107.1787,10.5465],[107.1795,10.5469],[107.181,10.5457],[107.1809,10.5441],[107.1825,10.543],[107.1829,10.5421],[107.1846,10.5419],[107.1844,10.5407],[107.1848,10.5392],[107.1838,10.5381],[107.1838,10.5362],[107.1848,10.5356],[107.1839,10.5333],[107.1842,10.5297],[107.1829,10.5287],[107.1826,10.5271],[107.1818,10.5256],[107.1803,10.5256],[107.1797,10.525],[107.1801,10.524],[107.1791,10.5227],[107.1788,10.5209],[107.1779,10.5212],[107.1773,10.5193],[107.1764,10.5192],[107.1756,10.5178],[107.1725,10.5162],[107.172,10.5146],[107.1712,10.5147],[107.1723,10.5119],[107.1719,10.5102],[107.1732,10.5096],[107.1718,10.5078],[107.1708,10.5075],[107.1705,10.506],[107.1707,10.5053],[107.1695,10.5051],[107.1687,10.5035],[107.1689,10.5022],[107.1666,10.5004],[107.1666,10.499],[107.1652,10.4954],[107.1661,10.4941],[107.1663,10.4928],[107.166,10.4913],[107.1675,10.4906],[107.168,10.4894],[107.1692,10.4883],[107.1697,10.4854],[107.1708,10.4848],[107.1716,10.4839],[107.1717,10.4828],[107.1713,10.4798],[107.1709,10.4787],[107.1698,10.477],[107.1688,10.4762],[107.1647,10.4749],[107.164,10.4739]]]},"properties":{"code":"26566","name":"Phường Long Hương"}},{"type":"Feature","geometry":{"type":"Polygon","coordinates":[[[106.5734,11.0793],[106.5717,11.082],[106.5696,11.0846],[106.5688,11.086],[106.568,11.0858],[106.568,11.1008],[106.5619,11.1007],[106.5619,11.1166],[106.5621,11.1215],[106.5621,11.1261],[106.5544,11.126],[106.5544,11.1332],[106.5515,11.1332],[106.5516,11.1343],[106.551,11.1367],[106.5494,11.1363],[106.5486,11.1377],[106.5421,11.1591],[106.5444,11.1598],[106.544,11.1615],[106.5443,11.1652],[106.544,11.1665],[106.5427,11.1668],[106.5407,11.1664],[106.5397,11.1672],[106.5387,11.167],[106.538,11.1676],[106.5366,11.1677],[106.536,11.1689],[106.5341,11.1697],[106.5317,11.1736],[106.5324,11.1747],[106.5325,11.176],[106.5323,11.1776],[106.5305,11.1774],[106.5273,11.1806],[106.527,11.1827],[106.5258,11.183],[106.5256,11.1837],[106.5246,11.1843],[106.5239,11.1854],[106.5243,11.1863],[106.5234,11.1866],[106.523,11.1886],[106.5232,11.1908],[106.5224,11.1913],[106.5217,11.1925],[106.5215,11.1936],[106.5223,11.1939],[106.5214,11.1949],[106.5216,11.1958],[106.5225,11.196],[106.5223,11.1974],[106.5213,11.1979],[106.5218,11.1989],[106.5209,11.1993],[106.5204,11.2003],[106.5196,11.2009],[106.5206,11.2035],[106.5218,11.2055],[106.5214,11.2071],[106.5216,11.2079],[106.5207,11.2093],[106.5211,11.2108],[106.5195,11.2131],[106.5185,11.2132],[106.5177,11.2144],[106.5176,11.2161],[106.5182,11.2174],[106.5175,11.218],[106.5168,11.2194],[106.5158,11.2195],[106.5146,11.2215],[106.5133,11.2214],[106.5125,11.2219],[106.5112,11.2243],[106.5098,11.2237],[106.5093,11.2247],[106.5086,11.2243],[106.5072,11.2248],[106.5065,11.2243],[106.5051,11.2258],[106.5041,11.2254],[106.5022,11.2266],[106.5003,11.2271],[106.4986,11.23],[106.4984,11.2308],[106.4975,11.2312],[106.4975,11.233],[106.4983,11.2334],[106.4989,11.2323],[106.4996,11.2318],[106.5003,11.2305],[106.5022,11.2301],[106.5049,11.229],[106.5063,11.2272],[106.5083,11.2268],[106.5102,11.2275],[106.5108,11.2281],[106.5116,11.2301],[106.5114,11.232],[106.5099,11.2343],[106.5125,11.2362],[106.5133,11.2377],[106.5155,11.2391],[106.5172,11.239],[106.5186,11.2384],[106.5193,11.2398],[106.5205,11.2405],[106.5188,11.2453],[106.5211,11.2461],[106.5212,11.2456],[106.5228,11.2451],[106.5242,11.2471],[106.5254,11.247],[106.5257,11.2479],[106.5255,11.2491],[106.5275,11.2502],[106.5279,11.2498],[106.53,11.2508],[106.5295,11.2515],[106.5303,11.2522],[106.5321,11.2525],[106.5333,11.2519],[106.5351,11.2525],[106.5355,11.2538],[106.5355,11.2552],[106.5369,11.2545],[106.5377,11.255],[106.5415,11.2585],[106.5422,11.2579],[106.5429,11.2585],[106.5443,11.2586],[106.5477,11.2606],[106.5482,11.2589],[106.5481,11.2565],[106.5488,11.257],[106.552,11.257],[106.5533,11.2579],[106.5549,11.2583],[106.5559,11.2594],[106.5576,11.2548],[106.5687,11.2584],[106.5748,11.2614],[106.5765,11.2617],[106.5806,11.2619],[106.5883,11.2629],[106.5887,11.261],[106.5885,11.2591],[106.5896,11.2545],[106.5899,11.2515],[106.5897,11.25],[106.5873,11.2459],[106.5862,11.2445],[106.5853,11.2438],[106.585,11.242],[106.5853,11.2411],[106.5869,11.2393],[106.5881,11.2389],[106.5899,11.2369],[106.591,11.2361],[106.5927,11.2345],[106.5931,11.2336],[106.5942,11.2323],[106.595,11.2319],[106.5963,11.2319],[106.5983,11.2298],[106.5979,11.2289],[106.5983,11.2281],[106.5974,11.2271],[106.5951,11.2282],[106.5937,11.2277],[106.5916,11.2275],[106.5897,11.2275],[106.5848,11.2259],[106.5795,11.2248],[106.5816,11.2161],[106.5825,11.2148],[106.5819,11.2139],[106.5823,11.212],[106.5845,11.2082],[106.5851,11.2064],[106.5851,11.2055],[106.5844,11.2018],[106.5856,11.2007],[106.5858,11.1997],[106.5876,11.1981],[106.5879,11.1968],[106.5885,11.1956],[106.5886,11.1936],[106.5891,11.1925],[106.5883,11.1909],[106.5895,11.1893],[106.5893,11.1874],[106.5897,11.1856],[106.5887,11.1839],[106.588,11.182],[106.5873,11.1814],[106.587,11.1801],[106.5863,11.1792],[106.5866,11.1777],[106.5883,11.1767],[106.5891,11.1771],[106.5903,11.1762],[106.591,11.1731],[106.5902,11.1722],[106.5894,11.1698],[106.5882,11.1692],[106.5866,11.167],[106.5865,11.1649],[106.5858,11.1625],[106.586,11.1606],[106.5872,11.1599],[106.5883,11.162],[106.5876,11.1636],[106.5886,11.1647],[106.589,11.1669],[106.5916,11.1685],[106.5936,11.1689],[106.5945,11.1704],[106.5945,11.1714],[106.5954,11.1717],[106.597,11.1705],[106.5931,11.1661],[106.5923,11.1638],[106.5943,11.1606],[106.5922,11.1558],[106.5901,11.1533],[106.5878,11.1511],[106.589,11.1501],[106.5897,11.1487],[106.5916,11.1464],[106.5917,11.145],[106.5926,11.1428],[106.5919,11.1416],[106.5918,11.1395],[106.5922,11.1381],[106.5913,11.1358],[106.5907,11.1304],[106.5889,11.1286],[106.5861,11.1258],[106.5838,11.1245],[106.5824,11.1234],[106.5814,11.1221],[106.5808,11.1204],[106.582,11.1193],[106.5837,11.1151],[106.5842,11.1145],[106.5861,11.113],[106.5874,11.1114],[106.5886,11.1108],[106.5904,11.1103],[106.5914,11.1095],[106.5938,11.1064],[106.595,11.1044],[106.5969,11.1003],[106.597,11.0995],[106.5964,11.0967],[106.5955,11.0947],[106.5954,11.0918],[106.5951,11.0889],[106.5932,11.0848],[106.5908,11.083],[106.591,11.0815],[106.5918,11.0792],[106.5938,11.0761],[106.5923,11.0749],[106.5906,11.073],[106.5895,11.0742],[106.5882,11.076],[106.5879,11.0765],[106.5862,11.0805],[106.5861,11.0829],[106.5852,11.0855],[106.5789,11.0821],[106.5734,11.0793]]]},"properties":{"code":"25840","name":"Phường Long Nguyên"}},{"type":"Feature","geometry":{"type":"Polygon","coordinates":[[[106.8064,10.8271],[106.8081,10.8277],[106.8102,10.8291],[106.8113,10.8301],[106.814,10.8307],[106.8155,10.8307],[106.8173,10.8295],[106.82,10.829],[106.8212,10.8285],[106.8229,10.8273],[106.8236,10.8264],[106.8249,10.8256],[106.8261,10.826],[106.8296,10.8274],[106.8326,10.8269],[106.8347,10.8272],[106.8358,10.8268],[106.8367,10.8311],[106.8372,10.832],[106.839,10.8327],[106.8406,10.8322],[106.8431,10.8307],[106.8446,10.8308],[106.8458,10.8313],[106.8485,10.834],[106.8491,10.8343],[106.8521,10.8353],[106.8531,10.836],[106.8538,10.8371],[106.8551,10.8403],[106.8575,10.8415],[106.8622,10.8367],[106.8639,10.8349],[106.8715,10.8259],[106.8775,10.8196],[106.8786,10.8181],[106.8809,10.8142],[106.8817,10.8125],[106.882,10.8101],[106.8819,10.8077],[106.8811,10.8048],[106.8796,10.8023],[106.8782,10.8007],[106.8768,10.7997],[106.8702,10.7942],[106.8663,10.7904],[106.8653,10.7887],[106.8651,10.7872],[106.8655,10.7848],[106.8671,10.7823],[106.8697,10.7797],[106.8707,10.7781],[106.8716,10.7757],[106.8715,10.77],[106.8713,10.7687],[106.8703,10.7671],[106.8692,10.7661],[106.8663,10.7648],[106.8639,10.7649],[106.8627,10.7654],[106.8606,10.7675],[106.8591,10.7698],[106.8579,10.7712],[106.8554,10.7732],[106.8528,10.7744],[106.8498,10.7749],[106.8464,10.775],[106.8447,10.7747],[106.8412,10.773],[106.8391,10.7757],[106.8374,10.7771],[106.8347,10.7787],[106.8336,10.7799],[106.8331,10.781],[106.8333,10.7829],[106.8344,10.7843],[106.8365,10.7847],[106.8376,10.7843],[106.8423,10.7809],[106.8434,10.7805],[106.8447,10.781],[106.8453,10.782],[106.8435,10.7827],[106.841,10.7897],[106.8374,10.7934],[106.8388,10.7996],[106.8383,10.8024],[106.8359,10.8061],[106.8328,10.8078],[106.8312,10.8079],[106.8257,10.8071],[106.8218,10.8062],[106.8172,10.8055],[106.8164,10.8074],[106.8134,10.8139],[106.8125,10.8153],[106.8104,10.8175],[106.808,10.8244],[106.8074,10.8258],[106.8064,10.8271]]]},"properties":{"code":"26857","name":"Phường Long Phước"}},{"type":"Feature","geometry":{"type":"MultiPolygon","coordinates":[[[[107.154,10.4645],[107.152,10.4627],[107.1519,10.4613],[107.1544,10.4581],[107.1552,10.4561],[107.1549,10.4554],[107.1518,10.4535],[107.1516,10.4527],[107.1523,10.4508],[107.1537,10.4491],[107.1535,10.4481],[107.1507,10.4453],[107.1502,10.4442],[107.1498,10.4421],[107.1492,10.4352],[107.1485,10.4301],[107.148,10.4241],[107.1466,10.4213],[107.1448,10.4191],[107.1432,10.4179],[107.1407,10.4169],[107.1366,10.4163],[107.1268,10.4161],[107.1255,10.4158],[107.1235,10.4147],[107.1225,10.4144],[107.1202,10.4145],[107.118,10.4144],[107.1186,10.4168],[107.1179,10.4173],[107.1172,10.4188],[107.1176,10.4215],[107.1172,10.4244],[107.1165,10.4249],[107.1156,10.4287],[107.1157,10.4303],[107.114,10.4347],[107.1137,10.4362],[107.1021,10.4359],[107.1011,10.4354],[107.1003,10.4359],[107.0996,10.4352],[107.0964,10.4342],[107.0947,10.4342],[107.0935,10.4356],[107.0921,10.435],[107.0906,10.434],[107.0897,10.4341],[107.0888,10.4354],[107.0876,10.4357],[107.0872,10.4364],[107.0851,10.4361],[107.0831,10.4352],[107.0829,10.4346],[107.0813,10.4336],[107.0801,10.4343],[107.0795,10.4353],[107.079,10.437],[107.0783,10.4374],[107.0771,10.439],[107.0757,10.4398],[107.0749,10.4411],[107.0734,10.4424],[107.0683,10.4443],[107.0659,10.444],[107.064,10.4435],[107.063,10.4429],[107.0594,10.4445],[107.0564,10.4464],[107.0551,10.4485],[107.0541,10.4497],[107.0527,10.4503],[107.0518,10.4515],[107.0518,10.4528],[107.0505,10.4547],[107.0494,10.4553],[107.0484,10.4565],[107.0479,10.4578],[107.0475,10.4597],[107.0467,10.4613],[107.0446,10.4637],[107.0422,10.4658],[107.0438,10.4672],[107.0396,10.4692],[107.0449,10.4721],[107.046,10.4742],[107.0481,10.477],[107.0502,10.4784],[107.0524,10.4783],[107.0561,10.4775],[107.0596,10.4772],[107.0605,10.4774],[107.0627,10.4787],[107.066,10.4819],[107.0671,10.4837],[107.0688,10.4843],[107.0702,10.4839],[107.0718,10.4822],[107.0737,10.4792],[107.0751,10.478],[107.0767,10.4779],[107.0805,10.4801],[107.085,10.4801],[107.0865,10.4805],[107.0878,10.4811],[107.0892,10.4824],[107.0926,10.4803],[107.0958,10.479],[107.0973,10.478],[107.1003,10.4756],[107.1029,10.4748],[107.1051,10.4749],[107.107,10.4765],[107.109,10.4773],[107.1131,10.4772],[107.1138,10.4731],[107.1147,10.47],[107.1166,10.4668],[107.1182,10.4653],[107.1189,10.463],[107.1189,10.4605],[107.1187,10.4595],[107.1193,10.4586],[107.1281,10.457],[107.1298,10.457],[107.1305,10.4574],[107.1311,10.4587],[107.1309,10.4623],[107.1317,10.4633],[107.1328,10.4634],[107.1346,10.4622],[107.135,10.4614],[107.1363,10.457],[107.1373,10.4554],[107.139,10.4546],[107.1407,10.4547],[107.1417,10.4552],[107.1424,10.4573],[107.1428,10.4606],[107.1422,10.4661],[107.1428,10.4674],[107.1441,10.4675],[107.1463,10.4673],[107.1483,10.4665],[107.1533,10.4649],[107.154,10.4645]]],[[[107.0839,10.4319],[107.083,10.4311],[107.0819,10.4319],[107.0826,10.4328],[107.0836,10.4332],[107.0842,10.4342],[107.0855,10.434],[107.0839,10.4319]]],[[[107.0748,10.4356],[107.076,10.434],[107.0767,10.4338],[107.0786,10.4349],[107.0797,10.4332],[107.0788,10.4328],[107.0766,10.4326],[107.0749,10.4328],[107.0718,10.4346],[107.0716,10.4354],[107.0725,10.4363],[107.0748,10.4356]]],[[[107.0687,10.4431],[107.0691,10.4427],[107.0719,10.4419],[107.074,10.4405],[107.0758,10.439],[107.0764,10.4377],[107.0769,10.4375],[107.078,10.4358],[107.0774,10.4349],[107.0762,10.4347],[107.0752,10.436],[107.0735,10.4367],[107.072,10.4367],[107.07,10.4378],[107.0693,10.4371],[107.068,10.4388],[107.0654,10.4405],[107.0639,10.4418],[107.0642,10.4424],[107.0675,10.4434],[107.0687,10.4431]]]]},"properties":{"code":"26545","name":"Xã Long Sơn"}},{"type":"Feature","geometry":{"type":"Polygon","coordinates":[[[106.7811,10.7944],[106.7819,10.7954],[106.7822,10.7974],[106.7819,10.7987],[106.783,10.7998],[106.7851,10.8007],[106.7866,10.8005],[106.7885,10.8014],[106.7889,10.8021],[106.7894,10.8043],[106.7898,10.8047],[106.7933,10.8053],[106.7934,10.8079],[106.7919,10.8104],[106.7903,10.8134],[106.7899,10.815],[106.7927,10.8165],[106.7949,10.8185],[106.7984,10.8203],[106.7989,10.821],[106.8023,10.8209],[106.8031,10.8211],[106.803,10.8231],[106.8042,10.8246],[106.8043,10.8254],[106.8055,10.826],[106.8064,10.8271],[106.8074,10.8258],[106.808,10.8244],[106.8104,10.8175],[106.8125,10.8153],[106.8134,10.8139],[106.8164,10.8074],[106.8172,10.8055],[106.8218,10.8062],[106.8257,10.8071],[106.8312,10.8079],[106.8328,10.8078],[106.8359,10.8061],[106.8383,10.8024],[106.8388,10.7996],[106.8374,10.7934],[106.841,10.7897],[106.8435,10.7827],[106.8453,10.782],[106.8447,10.781],[106.8434,10.7805],[106.8423,10.7809],[106.8376,10.7843],[106.8365,10.7847],[106.8344,10.7843],[106.8333,10.7829],[106.8331,10.781],[106.8336,10.7799],[106.8347,10.7787],[106.8374,10.7771],[106.8391,10.7757],[106.8412,10.773],[106.8362,10.7698],[106.8333,10.7668],[106.8315,10.7644],[106.8299,10.7616],[106.828,10.7599],[106.8259,10.7596],[106.8247,10.7597],[106.8233,10.761],[106.8229,10.7627],[106.8229,10.7639],[106.8234,10.7662],[106.824,10.7677],[106.8253,10.7698],[106.8261,10.7728],[106.8262,10.7742],[106.8258,10.7761],[106.8252,10.7777],[106.8243,10.7791],[106.8229,10.7802],[106.8214,10.7807],[106.8196,10.7807],[106.8168,10.78],[106.8143,10.7783],[106.81,10.7747],[106.8072,10.7759],[106.8043,10.7762],[106.8026,10.7749],[106.8016,10.7757],[106.7987,10.776],[106.7977,10.7785],[106.7958,10.7788],[106.7943,10.7785],[106.7899,10.7785],[106.7868,10.7803],[106.7845,10.7813],[106.7837,10.7822],[106.7849,10.7835],[106.787,10.7846],[106.7872,10.7856],[106.7868,10.7907],[106.7816,10.7904],[106.7816,10.7926],[106.7811,10.7944]]]},"properties":{"code":"26860","name":"Phường Long Trường"}},{"type":"Feature","geometry":{"type":"Polygon","coordinates":[[[106.4478,11.136],[106.4492,11.136],[106.4513,11.1363],[106.4524,11.137],[106.4561,11.1408],[106.4571,11.1436],[106.4579,11.1451],[106.4582,11.1476],[106.4581,11.1516],[106.4575,11.1529],[106.4563,11.1533],[106.4541,11.1518],[106.4531,11.1515],[106.4519,11.1518],[106.4515,11.1529],[106.4518,11.1562],[106.4531,11.1585],[106.4532,11.1587],[106.4552,11.16],[106.4565,11.1602],[106.4588,11.1586],[106.4613,11.1589],[106.4629,11.1599],[106.4641,11.1597],[106.4657,11.1576],[106.4677,11.1562],[106.4702,11.1553],[106.4711,11.1539],[106.4694,11.1506],[106.4674,11.1484],[106.4676,11.1476],[106.4695,11.1462],[106.472,11.1434],[106.4784,11.1423],[106.4797,11.1422],[106.4824,11.1424],[106.4861,11.1439],[106.4894,11.1446],[106.493,11.1441],[106.4962,11.143],[106.498,11.1421],[106.4998,11.1409],[106.5023,11.1403],[106.5056,11.1418],[106.5059,11.1419],[106.5064,11.142],[106.5065,11.1421],[106.5076,11.1419],[106.5089,11.1387],[106.5112,11.1359],[106.512,11.1341],[106.5133,11.1303],[106.5144,11.1277],[106.516,11.1255],[106.5175,11.1243],[106.5212,11.122],[106.5228,11.1215],[106.5259,11.1215],[106.5268,11.1207],[106.5269,11.118],[106.5278,11.1152],[106.5269,11.1096],[106.5267,11.1075],[106.5262,11.1056],[106.5245,11.104],[106.5229,11.1034],[106.5203,11.1029],[106.5176,11.1022],[106.5165,11.1016],[106.5162,11.1007],[106.5168,11.0987],[106.5216,11.0913],[106.5228,11.0899],[106.5241,11.0899],[106.5255,11.0904],[106.5272,11.0916],[106.5296,11.0923],[106.531,11.0924],[106.5329,11.0916],[106.5338,11.0899],[106.5334,11.0879],[106.5313,11.0852],[106.5296,11.0838],[106.5292,11.0834],[106.5268,11.0809],[106.5258,11.0793],[106.5242,11.0757],[106.5239,11.0738],[106.5223,11.0735],[106.5211,11.0744],[106.52,11.0741],[106.5198,11.0733],[106.5179,11.0728],[106.5169,11.0731],[106.5155,11.0719],[106.5137,11.0712],[106.5135,11.0701],[106.5127,11.0694],[106.5132,11.0685],[106.5124,11.068],[106.5123,11.0671],[106.5111,11.0658],[106.5101,11.0652],[106.5078,11.0645],[106.5059,11.0651],[106.5046,11.0643],[106.5034,11.0648],[106.5025,11.0641],[106.5006,11.0634],[106.4986,11.0633],[106.4968,11.0627],[106.491,11.0611],[106.4882,11.0596],[106.4855,11.0576],[106.4851,11.0565],[106.4769,11.0508],[106.4759,11.0503],[106.4761,11.0487],[106.4734,11.0467],[106.4707,11.0435],[106.4684,11.046],[106.467,11.0466],[106.4654,11.0466],[106.4637,11.0478],[106.462,11.0484],[106.4605,11.0503],[106.4585,11.0515],[106.4579,11.0522],[106.4569,11.0547],[106.4559,11.0561],[106.4558,11.0606],[106.453,11.0694],[106.4523,11.0721],[106.4516,11.0761],[106.4515,11.0789],[106.4518,11.0822],[106.4498,11.0869],[106.4495,11.0869],[106.4485,11.0896],[106.4478,11.0908],[106.4471,11.0927],[106.4463,11.0943],[106.4453,11.0971],[106.447,11.0993],[106.4448,11.1044],[106.444,11.104],[106.4426,11.1056],[106.442,11.1058],[106.4398,11.1075],[106.4388,11.1089],[106.4374,11.1099],[106.4374,11.1116],[106.4404,11.1148],[106.4414,11.1147],[106.4425,11.1159],[106.443,11.1189],[106.4436,11.1202],[106.444,11.1226],[106.4448,11.1251],[106.4447,11.1263],[106.446,11.1276],[106.447,11.1297],[106.4484,11.1308],[106.4478,11.1328],[106.4478,11.136]]]},"properties":{"code":"27508","name":"Xã An Nhơn Tây"}},{"type":"Feature","geometry":{"type":"Polygon","coordinates":[[[106.6376,10.7547],[106.6374,10.7554],[106.6353,10.7578],[106.6375,10.7587],[106.6416,10.759],[106.6419,10.7586],[106.6493,10.758],[106.6508,10.7589],[106.66,10.7638],[106.6615,10.7584],[106.6511,10.7563],[106.6507,10.7534],[106.6392,10.7546],[106.6376,10.7547]]]},"properties":{"code":"27238","name":"Phường Minh Phụng"}},{"type":"Feature","geometry":{"type":"Polygon","coordinates":[[[106.4476,11.3886],[106.4431,11.3876],[106.4395,11.3865],[106.4382,11.3863],[106.4378,11.3884],[106.4347,11.3905],[106.4344,11.3911],[106.4349,11.3936],[106.4348,11.3959],[106.436,11.3988],[106.4371,11.4],[106.4375,11.4012],[106.4346,11.4017],[106.4355,11.4041],[106.4347,11.4049],[106.4347,11.406],[106.4334,11.4105],[106.4331,11.4159],[106.4321,11.4215],[106.4307,11.4213],[106.4253,11.4213],[106.421,11.4205],[106.4194,11.4198],[106.4169,11.418],[106.4139,11.4179],[106.4104,11.4182],[106.408,11.419],[106.4047,11.4196],[106.4028,11.4204],[106.4005,11.4202],[106.3988,11.4195],[106.3965,11.4202],[106.3949,11.4203],[106.3933,11.4198],[106.3913,11.4198],[106.3894,11.4208],[106.3876,11.4208],[106.3857,11.4194],[106.3838,11.4201],[106.3821,11.4203],[106.3801,11.4202],[106.3788,11.4222],[106.3777,11.4232],[106.3753,11.4242],[106.3743,11.4251],[106.3719,11.4255],[106.3696,11.427],[106.3681,11.4267],[106.3678,11.4257],[106.366,11.4257],[106.3655,11.424],[106.3655,11.426],[106.3658,11.4276],[106.3649,11.4288],[106.3646,11.4298],[106.3662,11.4309],[106.3665,11.4335],[106.368,11.4343],[106.3687,11.4384],[106.367,11.4381],[106.3658,11.4388],[106.367,11.4401],[106.3672,11.4416],[106.366,11.4416],[106.366,11.4425],[106.3684,11.4467],[106.3694,11.4477],[106.3715,11.4491],[106.3728,11.4495],[106.3731,11.4504],[106.3714,11.4506],[106.3708,11.4516],[106.3718,11.4523],[106.3736,11.4516],[106.3742,11.4522],[106.3744,11.4533],[106.3755,11.4527],[106.3764,11.4516],[106.3771,11.4516],[106.3771,11.4539],[106.378,11.4541],[106.3791,11.4531],[106.3808,11.4541],[106.382,11.4544],[106.3822,11.4532],[106.3839,11.4539],[106.3851,11.4541],[106.3852,11.4558],[106.3877,11.4594],[106.3886,11.4586],[106.3879,11.4578],[106.3882,11.4569],[106.3925,11.4566],[106.3927,11.4584],[106.3938,11.4589],[106.3945,11.4611],[106.395,11.4612],[106.3973,11.4609],[106.3986,11.4613],[106.4023,11.4632],[106.4039,11.4632],[106.405,11.4625],[106.4058,11.4626],[106.406,11.4641],[106.4055,11.4648],[106.4033,11.4664],[106.4035,11.4676],[106.4047,11.468],[106.4072,11.4676],[106.4091,11.4678],[106.4101,11.4682],[106.4122,11.4699],[106.4131,11.4714],[106.413,11.4723],[106.411,11.4739],[106.411,11.4754],[106.4117,11.4762],[106.4145,11.4764],[106.4171,11.4764],[106.4174,11.4768],[106.417,11.4788],[106.416,11.4788],[106.4148,11.4779],[106.4141,11.4781],[106.4136,11.4791],[106.415,11.4804],[106.4152,11.4823],[106.4155,11.4826],[106.4169,11.482],[106.4176,11.4821],[106.4189,11.483],[106.4197,11.4848],[106.4189,11.4866],[106.4192,11.4884],[106.4217,11.4906],[106.4231,11.4927],[106.4235,11.4944],[106.4232,11.4956],[106.4278,11.4963],[106.4294,11.497],[106.4324,11.5001],[106.4335,11.5008],[106.4355,11.501],[106.4374,11.5006],[106.441,11.499],[106.4439,11.4984],[106.445,11.4987],[106.4465,11.4996],[106.4486,11.4996],[106.4532,11.4984],[106.4554,11.4986],[106.4619,11.4985],[106.4626,11.4988],[106.4646,11.4989],[106.467,11.4983],[106.4687,11.4976],[106.4691,11.4967],[106.4704,11.4962],[106.4734,11.4963],[106.4749,11.4958],[106.4758,11.4961],[106.477,11.4957],[106.478,11.4966],[106.4797,11.4974],[106.4809,11.4975],[106.481,11.4984],[106.482,11.4993],[106.4832,11.499],[106.4841,11.4981],[106.4862,11.498],[106.4887,11.4996],[106.4896,11.4992],[106.49,11.4979],[106.4917,11.4981],[106.4932,11.4976],[106.4947,11.4962],[106.4958,11.4964],[106.4973,11.4959],[106.4984,11.4948],[106.4986,11.4941],[106.5014,11.492],[106.5024,11.491],[106.5034,11.4892],[106.5063,11.488],[106.5083,11.4882],[106.5089,11.4874],[106.5115,11.4854],[106.5122,11.4843],[106.5132,11.4839],[106.514,11.4827],[106.5146,11.4823],[106.5163,11.4823],[106.5166,11.4815],[106.5182,11.4816],[106.5192,11.4826],[106.521,11.4819],[106.5246,11.48],[106.5274,11.477],[106.5293,11.4753],[106.5306,11.475],[106.5311,11.4736],[106.5326,11.4737],[106.5338,11.4723],[106.5374,11.4703],[106.5381,11.4692],[106.54,11.4679],[106.5418,11.4683],[106.5432,11.4679],[106.5454,11.4688],[106.5471,11.4703],[106.5482,11.4707],[106.55,11.4728],[106.5502,11.4743],[106.5515,11.4766],[106.5529,11.478],[106.5544,11.4787],[106.5546,11.4813],[106.5556,11.4823],[106.5563,11.4848],[106.5602,11.4721],[106.5664,11.4654],[106.5674,11.4646],[106.5688,11.4627],[106.5689,11.462],[106.5712,11.4594],[106.5727,11.457],[106.5732,11.4565],[106.5724,11.4537],[106.5709,11.4514],[106.5694,11.4498],[106.5679,11.4491],[106.5663,11.4473],[106.5652,11.4451],[106.5625,11.4428],[106.561,11.4421],[106.5599,11.4411],[106.5591,11.4396],[106.5574,11.4396],[106.5553,11.44],[106.5533,11.439],[106.553,11.4383],[106.5498,11.4366],[106.5487,11.4363],[106.5463,11.4335],[106.5448,11.4297],[106.5428,11.4267],[106.5415,11.4262],[106.5411,11.4239],[106.5428,11.4224],[106.5448,11.4196],[106.5447,11.4178],[106.5459,11.4162],[106.5467,11.4155],[106.5475,11.4124],[106.5478,11.4122],[106.5476,11.4104],[106.5473,11.4101],[106.5475,11.4085],[106.5481,11.4072],[106.5475,11.4059],[106.548,11.4033],[106.5469,11.402],[106.546,11.4005],[106.5462,11.3993],[106.5458,11.398],[106.5459,11.3969],[106.5455,11.3958],[106.5443,11.3944],[106.5446,11.3933],[106.5436,11.3921],[106.5428,11.3918],[106.5416,11.3904],[106.5415,11.391],[106.5386,11.3938],[106.537,11.3924],[106.5351,11.3918],[106.5337,11.391],[106.5324,11.3924],[106.5312,11.3914],[106.5313,11.3906],[106.5289,11.3905],[106.5282,11.3914],[106.5268,11.3888],[106.525,11.3888],[106.526,11.393],[106.5243,11.3935],[106.525,11.3962],[106.5258,11.3976],[106.5268,11.4006],[106.5278,11.4048],[106.5293,11.4044],[106.5294,11.4067],[106.528,11.4072],[106.5266,11.4086],[106.5257,11.4073],[106.5188,11.4089],[106.5192,11.4142],[106.5159,11.4214],[106.5153,11.422],[106.5134,11.423],[106.5124,11.4231],[106.5118,11.4238],[106.5121,11.4261],[106.5107,11.4259],[106.5088,11.4261],[106.5071,11.4272],[106.5063,11.4284],[106.5059,11.4274],[106.5064,11.426],[106.5059,11.424],[106.5053,11.4239],[106.5057,11.4223],[106.5043,11.4202],[106.5032,11.4198],[106.5019,11.4186],[106.5006,11.4189],[106.4984,11.419],[106.4949,11.4136],[106.4939,11.4138],[106.4915,11.4158],[106.4887,11.4183],[106.4845,11.4218],[106.4712,11.4063],[106.4606,11.3943],[106.4592,11.3927],[106.46,11.3916],[106.4476,11.3886]]]},"properties":{"code":"25780","name":"Xã Minh Thạnh"}},{"type":"Feature","geometry":{"type":"Polygon","coordinates":[[[107.1647,10.6187],[107.1648,10.6196],[107.1655,10.6199],[107.1667,10.6195],[107.169,10.6243],[107.1786,10.6249],[107.1804,10.6276],[107.1787,10.6313],[107.179,10.6319],[107.1782,10.635],[107.1787,10.6369],[107.1803,10.6393],[107.1807,10.6403],[107.1831,10.6439],[107.1844,10.6449],[107.1849,10.6465],[107.187,10.6496],[107.1897,10.6485],[107.1917,10.6483],[107.1929,10.6501],[107.1948,10.6537],[107.1966,10.6547],[107.1982,10.6533],[107.1986,10.6522],[107.2031,10.6514],[107.2067,10.6502],[107.2081,10.6477],[107.2096,10.6473],[107.2119,10.6452],[107.2133,10.6425],[107.2143,10.642],[107.2142,10.6436],[107.2137,10.6445],[107.2138,10.6456],[107.2131,10.6478],[107.2126,10.65],[107.2133,10.6521],[107.2133,10.6537],[107.2143,10.6555],[107.2161,10.6565],[107.2159,10.6577],[107.2161,10.6602],[107.2143,10.6636],[107.2144,10.6667],[107.2237,10.6663],[107.2292,10.6662],[107.2294,10.6674],[107.2372,10.666],[107.2415,10.665],[107.2424,10.665],[107.2437,10.6639],[107.2485,10.6631],[107.2489,10.6649],[107.2528,10.6648],[107.2574,10.6638],[107.2581,10.6643],[107.2577,10.6622],[107.2564,10.6597],[107.2567,10.6585],[107.2563,10.6575],[107.257,10.656],[107.2567,10.6545],[107.2554,10.6531],[107.2553,10.6521],[107.2544,10.6519],[107.2537,10.6507],[107.2533,10.6488],[107.2532,10.6468],[107.2525,10.6465],[107.2518,10.6444],[107.2519,10.6434],[107.2511,10.6425],[107.2506,10.6393],[107.2496,10.6391],[107.2491,10.638],[107.2447,10.6363],[107.245,10.6357],[107.2438,10.6343],[107.2438,10.6328],[107.2433,10.6313],[107.2441,10.6307],[107.246,10.6307],[107.2471,10.6303],[107.2494,10.631],[107.2501,10.6308],[107.2522,10.6294],[107.2528,10.6292],[107.2529,10.6282],[107.2523,10.6283],[107.2483,10.6136],[107.2489,10.6133],[107.2484,10.6092],[107.2491,10.609],[107.2476,10.6043],[107.2497,10.6038],[107.2485,10.5992],[107.247,10.5996],[107.2455,10.5945],[107.2452,10.5925],[107.2527,10.5925],[107.253,10.5909],[107.252,10.5897],[107.2519,10.5858],[107.2527,10.5841],[107.2469,10.5842],[107.2321,10.5841],[107.2278,10.5842],[107.2268,10.5818],[107.2234,10.5827],[107.2216,10.5829],[107.2186,10.5837],[107.2158,10.5849],[107.2143,10.5846],[107.2106,10.5846],[107.1993,10.5847],[107.1976,10.5852],[107.1966,10.587],[107.1953,10.5872],[107.1935,10.5865],[107.192,10.5868],[107.1906,10.586],[107.1895,10.5858],[107.187,10.5859],[107.1847,10.5867],[107.1833,10.5885],[107.1816,10.5901],[107.176,10.59],[107.1748,10.5885],[107.173,10.5881],[107.173,10.5852],[107.1704,10.5852],[107.1705,10.5804],[107.1713,10.5794],[107.1704,10.5778],[107.1698,10.5781],[107.1691,10.5804],[107.1698,10.5812],[107.1689,10.5818],[107.1693,10.5826],[107.1682,10.5838],[107.1665,10.5842],[107.1674,10.5851],[107.1663,10.5877],[107.1662,10.5899],[107.1677,10.5895],[107.1666,10.5916],[107.1675,10.5929],[107.1674,10.5942],[107.1669,10.595],[107.1682,10.5983],[107.1667,10.5989],[107.1664,10.6001],[107.1655,10.6009],[107.1642,10.6012],[107.1641,10.6036],[107.1633,10.6047],[107.1634,10.6057],[107.1624,10.6056],[107.1621,10.6065],[107.1611,10.6059],[107.1605,10.6067],[107.1618,10.6076],[107.1624,10.6084],[107.1617,10.6099],[107.1602,10.6107],[107.16,10.6115],[107.1603,10.6133],[107.1614,10.6139],[107.162,10.6147],[107.1623,10.616],[107.1639,10.6166],[107.1641,10.6175],[107.1651,10.6173],[107.1647,10.6187]]]},"properties":{"code":"26575","name":"Xã Ngãi Giao"}},{"type":"Feature","geometry":{"type":"Polygon","coordinates":[[[107.2464,10.5403],[107.243,10.5381],[107.2417,10.5394],[107.2407,10.5419],[107.2369,10.5459],[107.2338,10.5498],[107.2267,10.5525],[107.2272,10.5536],[107.2272,10.5547],[107.2279,10.5569],[107.2288,10.5614],[107.2269,10.5622],[107.2202,10.5632],[107.2178,10.554],[107.2155,10.5548],[107.2141,10.5543],[107.2136,10.5533],[107.2134,10.5516],[107.2116,10.5506],[107.2112,10.5514],[107.2101,10.5517],[107.2096,10.5535],[107.2086,10.5539],[107.2061,10.5535],[107.2053,10.5539],[107.2043,10.5536],[107.2041,10.5545],[107.2019,10.5537],[107.2014,10.5529],[107.2002,10.5523],[107.2,10.5505],[107.1992,10.5513],[107.1977,10.5519],[107.1965,10.5507],[107.197,10.5498],[107.1964,10.5482],[107.1968,10.547],[107.1963,10.5453],[107.1965,10.5444],[107.195,10.544],[107.1942,10.5443],[107.1931,10.5438],[107.1924,10.5426],[107.1908,10.5417],[107.1907,10.5406],[107.187,10.541],[107.1852,10.5422],[107.1846,10.5419],[107.1829,10.5421],[107.1825,10.543],[107.1809,10.5441],[107.181,10.5457],[107.1795,10.5469],[107.1787,10.5465],[107.1781,10.5479],[107.1787,10.5486],[107.1775,10.5495],[107.1769,10.5507],[107.1771,10.5515],[107.1759,10.5527],[107.1752,10.5519],[107.1742,10.5556],[107.1747,10.5566],[107.1739,10.5577],[107.1724,10.5583],[107.1723,10.5592],[107.1716,10.5596],[107.1719,10.5605],[107.1731,10.5604],[107.1737,10.5621],[107.1726,10.5639],[107.1736,10.5667],[107.1731,10.5683],[107.1709,10.5698],[107.1712,10.5722],[107.1703,10.5727],[107.1705,10.5744],[107.1702,10.5756],[107.1708,10.5765],[107.1704,10.5778],[107.1713,10.5794],[107.1705,10.5804],[107.1704,10.5852],[107.173,10.5852],[107.173,10.5881],[107.1748,10.5885],[107.176,10.59],[107.1816,10.5901],[107.1833,10.5885],[107.1847,10.5867],[107.187,10.5859],[107.1895,10.5858],[107.1906,10.586],[107.192,10.5868],[107.1935,10.5865],[107.1953,10.5872],[107.1966,10.587],[107.1976,10.5852],[107.1993,10.5847],[107.2106,10.5846],[107.2143,10.5846],[107.2158,10.5849],[107.2186,10.5837],[107.2216,10.5829],[107.2234,10.5827],[107.2268,10.5818],[107.2278,10.5842],[107.2321,10.5841],[107.2469,10.5842],[107.2527,10.5841],[107.2519,10.5858],[107.252,10.5897],[107.253,10.5909],[107.2527,10.5925],[107.2452,10.5925],[107.2455,10.5945],[107.247,10.5996],[107.2485,10.5992],[107.2497,10.6038],[107.2476,10.6043],[107.2491,10.609],[107.2484,10.6092],[107.2489,10.6133],[107.2483,10.6136],[107.2523,10.6283],[107.2529,10.6282],[107.2578,10.627],[107.258,10.6257],[107.258,10.6226],[107.2591,10.6222],[107.2591,10.6212],[107.2598,10.6194],[107.2596,10.6175],[107.2608,10.6158],[107.2629,10.614],[107.2654,10.6116],[107.2665,10.6131],[107.2685,10.6124],[107.269,10.6118],[107.2705,10.6112],[107.2723,10.6101],[107.274,10.6108],[107.276,10.6107],[107.2764,10.6086],[107.2777,10.6081],[107.278,10.6098],[107.2793,10.6111],[107.2802,10.613],[107.2853,10.609],[107.2859,10.6078],[107.2866,10.6087],[107.2881,10.6097],[107.2891,10.611],[107.2909,10.6113],[107.2924,10.612],[107.2925,10.6126],[107.2949,10.6135],[107.2958,10.6146],[107.298,10.616],[107.2983,10.6154],[107.2998,10.6158],[107.3013,10.6171],[107.3021,10.6184],[107.3033,10.6178],[107.3046,10.6183],[107.3058,10.6183],[107.3072,10.6179],[107.305,10.616],[107.3049,10.6132],[107.3061,10.6125],[107.3076,10.6127],[107.3086,10.6122],[107.3087,10.6108],[107.3098,10.6085],[107.3099,10.6071],[107.3095,10.605],[107.3082,10.6051],[107.307,10.6039],[107.307,10.6028],[107.3055,10.6028],[107.305,10.6008],[107.304,10.6006],[107.3038,10.5993],[107.3006,10.5987],[107.3001,10.5981],[107.2984,10.5982],[107.2981,10.5948],[107.2982,10.5875],[107.2956,10.5887],[107.2955,10.5877],[107.2967,10.586],[107.2983,10.5849],[107.2986,10.5844],[107.3002,10.5837],[107.3003,10.582],[107.301,10.5813],[107.3032,10.5806],[107.3041,10.579],[107.3049,10.5785],[107.3044,10.5776],[107.3062,10.5755],[107.3055,10.5743],[107.3054,10.5727],[107.3044,10.5726],[107.304,10.5705],[107.3044,10.569],[107.3038,10.5673],[107.3038,10.5661],[107.3045,10.5635],[107.3052,10.563],[107.3067,10.5629],[107.3069,10.5623],[107.3063,10.5623],[107.3055,10.561],[107.3055,10.5601],[107.3048,10.5596],[107.3029,10.5594],[107.3,10.5598],[107.2986,10.5614],[107.2974,10.5618],[107.2972,10.5627],[107.2962,10.563],[107.2951,10.5648],[107.2954,10.5656],[107.2929,10.5668],[107.2888,10.5664],[107.2885,10.5677],[107.2888,10.5682],[107.2872,10.5705],[107.2873,10.5714],[107.2863,10.5724],[107.2849,10.5722],[107.2845,10.5708],[107.2833,10.5711],[107.2821,10.5708],[107.2812,10.572],[107.2797,10.5734],[107.2794,10.5746],[107.2772,10.5746],[107.2764,10.5767],[107.2741,10.5773],[107.2734,10.5731],[107.2737,10.5695],[107.2724,10.5697],[107.2715,10.5691],[107.2688,10.571],[107.268,10.5727],[107.2673,10.572],[107.2673,10.571],[107.2668,10.5698],[107.2654,10.5683],[107.2652,10.5674],[107.2635,10.5663],[107.2633,10.5671],[107.2621,10.567],[107.2611,10.5675],[107.2604,10.5669],[107.2621,10.566],[107.2609,10.5642],[107.2593,10.563],[107.2586,10.5601],[107.2578,10.5608],[107.2567,10.5603],[107.2554,10.558],[107.255,10.5554],[107.2541,10.5539],[107.2534,10.5533],[107.253,10.5517],[107.2538,10.5513],[107.253,10.5493],[107.2492,10.5499],[107.2486,10.5491],[107.2471,10.5488],[107.2485,10.5476],[107.249,10.5452],[107.2476,10.545],[107.2471,10.5445],[107.2477,10.5435],[107.2469,10.5428],[107.2464,10.5403]]]},"properties":{"code":"26617","name":"Xã Nghĩa Thành"}},{"type":"Feature","geometry":{"type":"Polygon","coordinates":[[[106.7378,10.7036],[106.7445,10.7032],[106.7458,10.7033],[106.7522,10.705],[106.7533,10.7006],[106.755,10.6971],[106.7563,10.6948],[106.7579,10.6929],[106.7607,10.69],[106.7635,10.6878],[106.7655,10.686],[106.7732,10.6768],[106.7765,10.6745],[106.7724,10.6681],[106.771,10.6665],[106.7694,10.6655],[106.7669,10.665],[106.7646,10.6654],[106.7619,10.6664],[106.7548,10.6688],[106.7503,10.6705],[106.7485,10.6709],[106.7457,10.671],[106.7436,10.6704],[106.7423,10.6697],[106.7402,10.6681],[106.7389,10.6667],[106.7384,10.6654],[106.7342,10.666],[106.7309,10.6663],[106.7293,10.6672],[106.7281,10.6698],[106.7273,10.6723],[106.7271,10.6743],[106.7276,10.6769],[106.7272,10.6789],[106.7261,10.6807],[106.722,10.6811],[106.72,10.6805],[106.7191,10.6806],[106.7176,10.6815],[106.7164,10.6817],[106.7147,10.6814],[106.7132,10.6824],[106.7131,10.6838],[106.7124,10.6843],[106.7106,10.6825],[106.7091,10.6824],[106.7086,10.6845],[106.7067,10.6863],[106.7054,10.6867],[106.7028,10.6888],[106.7015,10.6889],[106.6989,10.6915],[106.6985,10.6921],[106.6952,10.6912],[106.6944,10.6915],[106.6918,10.6937],[106.6906,10.6944],[106.6897,10.6913],[106.6891,10.6899],[106.6891,10.6886],[106.6901,10.6882],[106.6896,10.6855],[106.6879,10.6856],[106.686,10.686],[106.6816,10.684],[106.6807,10.683],[106.6793,10.6822],[106.677,10.6844],[106.676,10.6861],[106.6757,10.6886],[106.675,10.6901],[106.6733,10.6922],[106.6738,10.6956],[106.6738,10.6982],[106.6744,10.7022],[106.6734,10.7043],[106.6747,10.7058],[106.6761,10.7081],[106.6768,10.7097],[106.6779,10.7096],[106.6785,10.7113],[106.6808,10.7145],[106.6839,10.7132],[106.6858,10.7116],[106.6884,10.7121],[106.6887,10.7126],[106.6884,10.7153],[106.6892,10.7177],[106.6894,10.719],[106.689,10.7215],[106.6902,10.7255],[106.6939,10.7252],[106.6984,10.7242],[106.701,10.7246],[106.7031,10.7252],[106.7048,10.7253],[106.7063,10.7249],[106.7073,10.7239],[106.7079,10.7205],[106.7089,10.7198],[106.7112,10.7205],[106.7128,10.7205],[106.7166,10.7192],[106.7182,10.7191],[106.7192,10.7199],[106.7198,10.7214],[106.7209,10.7222],[106.7224,10.7221],[106.7238,10.7217],[106.7247,10.7208],[106.725,10.7197],[106.7246,10.7183],[106.7235,10.7166],[106.7232,10.7148],[106.7237,10.7137],[106.7252,10.7118],[106.7256,10.7102],[106.7255,10.7085],[106.7248,10.7058],[106.725,10.7046],[106.7259,10.7021],[106.7262,10.7002],[106.7267,10.6993],[106.7283,10.6985],[106.7311,10.6978],[106.7329,10.698],[106.7342,10.6993],[106.7346,10.7014],[106.7353,10.7029],[106.7366,10.7035],[106.7378,10.7036]]]},"properties":{"code":"27655","name":"Xã Nhà Bè"}},{"type":"Feature","geometry":{"type":"Polygon","coordinates":[[[106.6667,10.7896],[106.6682,10.7888],[106.6706,10.788],[106.671,10.7893],[106.6763,10.7905],[106.6793,10.791],[106.681,10.7914],[106.6816,10.7911],[106.6815,10.7891],[106.6832,10.7885],[106.6835,10.7879],[106.6832,10.7868],[106.6813,10.7859],[106.6845,10.7844],[106.6817,10.7783],[106.6817,10.7778],[106.6646,10.7869],[106.6643,10.7871],[106.6652,10.7887],[106.6667,10.7896]]]},"properties":{"code":"27142","name":"Phường Nhiêu Lộc"}},{"type":"Feature","geometry":{"type":"Polygon","coordinates":[[[106.5499,11.0463],[106.5484,11.0437],[106.5461,11.043],[106.547,11.0412],[106.5481,11.04],[106.5505,11.035],[106.5526,11.0321],[106.5542,11.0284],[106.552,11.0271],[106.5513,11.027],[106.5472,11.0249],[106.5481,11.0236],[106.5411,11.0199],[106.5372,11.0179],[106.5257,11.0123],[106.5162,11.008],[106.5155,11.0072],[106.5141,11.0065],[106.5132,11.0073],[106.5118,11.0069],[106.5107,11.0071],[106.5093,11.0067],[106.5067,11.0073],[106.5061,11.0082],[106.5044,11.0084],[106.5031,11.0078],[106.5008,11.0081],[106.4917,11.0069],[106.4898,11.0069],[106.4903,11.0044],[106.4907,11.0011],[106.4911,10.9996],[106.491,10.9962],[106.4859,10.9983],[106.4861,10.9967],[106.4864,10.9866],[106.4839,10.9865],[106.4839,10.9874],[106.4798,10.9873],[106.4798,10.9892],[106.4783,10.9893],[106.4765,10.9901],[106.475,10.9899],[106.4729,10.9913],[106.4711,10.9922],[106.4708,10.9933],[106.4692,10.9931],[106.4683,10.9938],[106.467,11.0005],[106.4642,11.0008],[106.4641,11.0021],[106.4648,11.005],[106.4658,11.0047],[106.4664,11.0061],[106.4638,11.0072],[106.4628,11.008],[106.4644,11.0109],[106.4644,11.0129],[106.4629,11.0147],[106.4614,11.0137],[106.4586,11.014],[106.4558,11.0152],[106.454,11.0155],[106.452,11.0155],[106.45,11.0157],[106.4489,11.0159],[106.4468,11.0172],[106.4468,11.0186],[106.4448,11.0205],[106.4438,11.0211],[106.4421,11.0216],[106.4404,11.0224],[106.4397,11.0231],[106.4422,11.0275],[106.4445,11.0318],[106.4449,11.0324],[106.4504,11.0377],[106.4545,11.0407],[106.455,11.0422],[106.4552,11.0486],[106.4557,11.05],[106.456,11.0517],[106.4569,11.0547],[106.4579,11.0522],[106.4585,11.0515],[106.4605,11.0503],[106.462,11.0484],[106.4637,11.0478],[106.4654,11.0466],[106.467,11.0466],[106.4684,11.046],[106.4707,11.0435],[106.4734,11.0467],[106.4761,11.0487],[106.4759,11.0503],[106.4769,11.0508],[106.4851,11.0565],[106.4855,11.0576],[106.4882,11.0596],[106.491,11.0611],[106.4968,11.0627],[106.4986,11.0633],[106.5006,11.0634],[106.5025,11.0641],[106.5034,11.0648],[106.5046,11.0643],[106.5059,11.0651],[106.5078,11.0645],[106.5101,11.0652],[106.5111,11.0658],[106.5123,11.0671],[106.5124,11.068],[106.5132,11.0685],[106.5127,11.0694],[106.5135,11.0701],[106.5137,11.0712],[106.5155,11.0719],[106.5169,11.0731],[106.5179,11.0728],[106.5198,11.0733],[106.52,11.0741],[106.5211,11.0744],[106.5223,11.0735],[106.5239,11.0738],[106.5244,11.0714],[106.5253,11.0695],[106.5259,11.0687],[106.5286,11.067],[106.53,11.0649],[106.5314,11.0618],[106.5325,11.0597],[106.5335,11.0583],[106.536,11.0565],[106.5376,11.0558],[106.5419,11.0542],[106.5422,11.0541],[106.5442,11.0534],[106.5461,11.052],[106.5477,11.0499],[106.5484,11.0476],[106.5499,11.0463]]]},"properties":{"code":"27511","name":"Xã Nhuận Đức"}},{"type":"Feature","geometry":{"type":"Polygon","coordinates":[[[106.5827,11.0382],[106.5817,11.0399],[106.5809,11.0425],[106.5806,11.0452],[106.5799,11.0473],[106.5785,11.049],[106.5754,11.0517],[106.5741,11.0534],[106.5728,11.0543],[106.5711,11.0538],[106.5691,11.051],[106.5686,11.0493],[106.5685,11.0473],[106.5678,11.0456],[106.5668,11.0449],[106.5636,11.0449],[106.5587,11.0455],[106.559,11.047],[106.5586,11.0483],[106.5591,11.0494],[106.56,11.0503],[106.5607,11.0522],[106.5605,11.053],[106.5594,11.0532],[106.5582,11.0545],[106.5569,11.0552],[106.5558,11.0574],[106.5571,11.0589],[106.5592,11.0622],[106.5614,11.0642],[106.5626,11.0662],[106.5632,11.0676],[106.5641,11.0688],[106.5644,11.07],[106.5663,11.0737],[106.5673,11.0734],[106.5683,11.0753],[106.5671,11.076],[106.5734,11.0793],[106.5789,11.0821],[106.5852,11.0855],[106.5861,11.0829],[106.5862,11.0805],[106.5879,11.0765],[106.5882,11.076],[106.5895,11.0742],[106.5906,11.073],[106.5923,11.0749],[106.5938,11.0761],[106.5951,11.0756],[106.5964,11.0747],[106.6006,11.0731],[106.6042,11.0721],[106.606,11.0712],[106.6065,11.0696],[106.6059,11.0679],[106.6064,11.0669],[106.6113,11.0638],[106.6134,11.0633],[106.6144,11.0625],[106.6161,11.0597],[106.6167,11.0582],[106.6164,11.0577],[106.6146,11.0562],[106.6143,11.0543],[106.6148,11.0523],[106.6156,11.0511],[106.6173,11.0515],[106.6221,11.0532],[106.6242,11.0538],[106.6249,11.0521],[106.6246,11.0515],[106.625,11.0498],[106.6243,11.048],[106.6253,11.047],[106.6253,11.0447],[106.626,11.0439],[106.6287,11.044],[106.6306,11.0432],[106.6342,11.045],[106.636,11.0415],[106.6387,11.037],[106.6401,11.0342],[106.6407,11.0329],[106.6449,11.0278],[106.6477,11.026],[106.6446,11.0232],[106.6428,11.0227],[106.6394,11.0241],[106.6359,11.0243],[106.6273,11.0217],[106.6248,11.0211],[106.6203,11.021],[106.6206,11.0199],[106.6218,11.0183],[106.6209,11.0177],[106.6191,11.0173],[106.6174,11.0164],[106.6173,11.0138],[106.6164,11.0127],[106.6159,11.0115],[106.6122,11.0117],[106.6102,11.0116],[106.6079,11.0119],[106.6035,11.0134],[106.5999,11.0143],[106.5981,11.0157],[106.5973,11.0174],[106.5963,11.0202],[106.5954,11.0233],[106.5951,11.0257],[106.5952,11.028],[106.5959,11.0307],[106.5988,11.0338],[106.6027,11.0386],[106.6034,11.0397],[106.6029,11.0411],[106.6002,11.0447],[106.5978,11.0458],[106.5958,11.0455],[106.5937,11.0441],[106.5927,11.043],[106.592,11.0411],[106.5916,11.0383],[106.5911,11.037],[106.5889,11.0362],[106.5861,11.0366],[106.584,11.0373],[106.5827,11.0382]]]},"properties":{"code":"25768","name":"Phường Phú An"}},{"type":"Feature","geometry":{"type":"Polygon","coordinates":[[[106.6088,10.7063],[106.6084,10.7067],[106.6072,10.7084],[106.6038,10.711],[106.6059,10.7118],[106.616,10.7143],[106.6155,10.715],[106.6175,10.7153],[106.619,10.7162],[106.6192,10.7178],[106.6202,10.7266],[106.6277,10.73],[106.6303,10.7313],[106.6317,10.7322],[106.6344,10.7335],[106.6352,10.7342],[106.6462,10.741],[106.655,10.7461],[106.6569,10.7473],[106.6588,10.7481],[106.6649,10.7501],[106.667,10.7501],[106.6698,10.7495],[106.6692,10.749],[106.6632,10.747],[106.662,10.7457],[106.6615,10.7439],[106.6617,10.7429],[106.6581,10.7423],[106.6546,10.7411],[106.6504,10.7386],[106.6487,10.7374],[106.6445,10.7348],[106.6411,10.733],[106.6385,10.7306],[106.6372,10.729],[106.6363,10.7274],[106.6336,10.7213],[106.6316,10.7171],[106.6299,10.715],[106.6284,10.7136],[106.6268,10.7125],[106.6238,10.7111],[106.6212,10.7107],[106.6171,10.7097],[106.6111,10.7072],[106.6088,10.7063]]]},"properties":{"code":"27427","name":"Phường Phú Định"}},{"type":"Feature","geometry":{"type":"Polygon","coordinates":[[[106.8495,11.2515],[106.8473,11.2484],[106.8459,11.2492],[106.8448,11.2475],[106.843,11.2479],[106.8428,11.2488],[106.8414,11.2497],[106.8414,11.2505],[106.8407,11.251],[106.84,11.2526],[106.8387,11.2531],[106.8389,11.2543],[106.8374,11.2557],[106.835,11.2548],[106.8338,11.2551],[106.832,11.2561],[106.8308,11.2564],[106.8284,11.2553],[106.8269,11.2554],[106.8265,11.2534],[106.8251,11.2541],[106.8234,11.2538],[106.821,11.2553],[106.8206,11.2545],[106.8191,11.2555],[106.8189,11.2567],[106.8182,11.2578],[106.8172,11.2583],[106.8156,11.2584],[106.8149,11.2593],[106.8139,11.2592],[106.8128,11.2598],[106.8114,11.2602],[106.8107,11.2612],[106.8095,11.2615],[106.8081,11.2627],[106.8055,11.2639],[106.8047,11.2659],[106.8033,11.2669],[106.8006,11.2714],[106.7991,11.2727],[106.7987,11.2737],[106.7979,11.2741],[106.7968,11.2757],[106.797,11.2779],[106.7964,11.2785],[106.7962,11.2801],[106.7956,11.2808],[106.7958,11.2818],[106.7951,11.2824],[106.7945,11.2843],[106.7932,11.2846],[106.7928,11.2855],[106.7916,11.2861],[106.7903,11.2878],[106.7897,11.289],[106.7883,11.2891],[106.7884,11.2905],[106.7864,11.2914],[106.785,11.2946],[106.7841,11.2957],[106.7842,11.2984],[106.7833,11.2998],[106.7834,11.3033],[106.7846,11.3038],[106.7844,11.3058],[106.7835,11.3069],[106.7844,11.3073],[106.7842,11.3091],[106.7833,11.3101],[106.7826,11.31],[106.7826,11.3113],[106.7821,11.3125],[106.7814,11.3128],[106.7809,11.3142],[106.7811,11.315],[106.7806,11.316],[106.7807,11.3173],[106.7803,11.3184],[106.7797,11.3205],[106.7798,11.3214],[106.7792,11.3221],[106.7792,11.325],[106.7797,11.3255],[106.7778,11.3277],[106.777,11.3291],[106.7771,11.3304],[106.7759,11.3316],[106.7767,11.3325],[106.777,11.3343],[106.7762,11.3366],[106.7759,11.3387],[106.777,11.3393],[106.7767,11.3399],[106.7767,11.3414],[106.7753,11.3448],[106.7759,11.346],[106.7758,11.348],[106.7771,11.3484],[106.7781,11.3501],[106.7785,11.3502],[106.7792,11.3527],[106.78,11.3532],[106.7809,11.3552],[106.7816,11.3557],[106.7837,11.3577],[106.7854,11.3579],[106.7862,11.3593],[106.7862,11.3611],[106.7871,11.3646],[106.7877,11.3658],[106.7887,11.367],[106.7902,11.3671],[106.7928,11.3684],[106.7938,11.3691],[106.7959,11.369],[106.7968,11.3693],[106.7979,11.3716],[106.7978,11.3731],[106.7985,11.3771],[106.7978,11.3778],[106.7983,11.3788],[106.8,11.3801],[106.8003,11.381],[106.8013,11.381],[106.8025,11.3804],[106.8035,11.3795],[106.808,11.3777],[106.8103,11.376],[106.8117,11.3758],[106.8147,11.377],[106.8166,11.3773],[106.8181,11.3772],[106.8184,11.3785],[106.8191,11.3792],[106.8218,11.381],[106.8237,11.3832],[106.825,11.3841],[106.8254,11.3829],[106.8267,11.3806],[106.8292,11.3805],[106.8343,11.3805],[106.8357,11.3793],[106.8355,11.3772],[106.8382,11.3769],[106.8393,11.3763],[106.8399,11.3754],[106.8418,11.375],[106.8465,11.3757],[106.8476,11.3761],[106.8487,11.3759],[106.8513,11.3762],[106.8528,11.3768],[106.8547,11.3767],[106.8555,11.375],[106.8566,11.375],[106.8572,11.3734],[106.857,11.3722],[106.8556,11.3701],[106.8557,11.3694],[106.857,11.3691],[106.8574,11.3686],[106.8572,11.3658],[106.858,11.3642],[106.8577,11.3629],[106.8585,11.362],[106.8582,11.3605],[106.8573,11.36],[106.8563,11.3602],[106.8548,11.3614],[106.8545,11.3604],[106.8552,11.3578],[106.8565,11.3584],[106.8567,11.3579],[106.8558,11.3536],[106.856,11.3527],[106.858,11.3502],[106.8587,11.35],[106.8593,11.3509],[106.8605,11.3493],[106.8599,11.3487],[106.8587,11.3487],[106.8571,11.3473],[106.8567,11.3459],[106.8601,11.3451],[106.8614,11.3445],[106.863,11.3424],[106.8633,11.34],[106.863,11.3383],[106.8613,11.3354],[106.8591,11.3357],[106.8583,11.3349],[106.8567,11.3307],[106.8559,11.3301],[106.8555,11.3285],[106.8564,11.3269],[106.8567,11.3243],[106.8555,11.3218],[106.8571,11.3173],[106.857,11.3146],[106.8576,11.3144],[106.8588,11.3151],[106.8623,11.3142],[106.8637,11.3143],[106.8654,11.3149],[106.8666,11.3145],[106.8665,11.3136],[106.8653,11.312],[106.865,11.311],[106.8659,11.3106],[106.8668,11.3117],[106.8692,11.311],[106.8707,11.3096],[106.8719,11.3098],[106.8741,11.3089],[106.8751,11.3074],[106.8754,11.3084],[106.8745,11.3106],[106.8743,11.3125],[106.8729,11.314],[106.8722,11.3176],[106.8713,11.3181],[106.8702,11.3199],[106.8699,11.3215],[106.8714,11.3257],[106.8729,11.3278],[106.8754,11.3293],[106.8785,11.3327],[106.8804,11.334],[106.8813,11.3357],[106.8836,11.3382],[106.8844,11.3397],[106.8892,11.3407],[106.9006,11.3404],[106.9009,11.3414],[106.9022,11.3414],[106.9036,11.3437],[106.904,11.3455],[106.9039,11.3471],[106.9045,11.3491],[106.9065,11.3522],[106.9074,11.353],[106.909,11.3537],[106.9114,11.3541],[106.9125,11.3549],[106.9142,11.3552],[106.9148,11.3559],[106.9177,11.356],[106.9182,11.3551],[106.9193,11.3541],[106.9193,11.353],[106.9202,11.3522],[106.9212,11.3524],[106.922,11.3537],[106.9233,11.3545],[106.9251,11.3543],[106.9301,11.3547],[106.9308,11.3537],[106.9315,11.3535],[106.933,11.3541],[106.9341,11.3541],[106.9344,11.3554],[106.9373,11.3554],[106.9386,11.3556],[106.9402,11.3564],[106.945,11.3542],[106.9438,11.3515],[106.9437,11.3504],[106.9441,11.3481],[106.9455,11.346],[106.9462,11.3458],[106.9467,11.3439],[106.9463,11.3433],[106.9474,11.3414],[106.9482,11.3412],[106.949,11.3398],[106.9503,11.3391],[106.951,11.3381],[106.9514,11.3354],[106.9505,11.3344],[106.9504,11.3331],[106.9513,11.3325],[106.9516,11.3312],[106.953,11.3289],[106.9521,11.3272],[106.9528,11.3268],[106.9524,11.3256],[106.9527,11.3247],[106.9519,11.3241],[106.9523,11.3234],[106.9511,11.3217],[106.9482,11.3214],[106.9476,11.321],[106.9472,11.318],[106.9451,11.3173],[106.9447,11.318],[106.943,11.3168],[106.9429,11.3158],[106.9417,11.3147],[106.942,11.3139],[106.9403,11.3127],[106.9378,11.3124],[106.9391,11.31],[106.9364,11.3092],[106.937,11.3082],[106.9381,11.3081],[106.9372,11.3056],[106.9375,11.305],[106.9389,11.3043],[106.9398,11.3034],[106.9397,11.3028],[106.9385,11.3022],[106.9384,11.3015],[106.9399,11.3015],[106.9393,11.2998],[106.9392,11.2983],[106.9399,11.2974],[106.9393,11.2963],[106.9379,11.2972],[106.9378,11.296],[106.9391,11.2958],[106.9414,11.2947],[106.9415,11.2932],[106.9395,11.2924],[106.9389,11.2917],[106.9391,11.2903],[106.9389,11.2896],[106.9379,11.2894],[106.9375,11.2882],[106.9364,11.288],[106.9359,11.287],[106.9349,11.2874],[106.9332,11.2871],[106.9344,11.2851],[106.9336,11.2835],[106.9332,11.2821],[106.9324,11.2812],[106.9334,11.2802],[106.9331,11.2788],[106.9321,11.2791],[106.9302,11.2788],[106.9297,11.2777],[106.9304,11.2754],[106.9301,11.2745],[106.9291,11.274],[106.9291,11.2731],[106.9279,11.2722],[106.926,11.2721],[106.9246,11.2712],[106.9246,11.2706],[106.9273,11.2691],[106.927,11.2677],[106.9256,11.2671],[106.9273,11.2656],[106.9278,11.2646],[106.9266,11.2643],[106.9254,11.2652],[106.9238,11.2643],[106.924,11.2636],[106.9254,11.2634],[106.9257,11.2617],[106.927,11.2609],[106.927,11.2603],[106.9258,11.2594],[106.9273,11.2583],[106.927,11.2564],[106.9258,11.2562],[106.9253,11.2557],[106.9253,11.2542],[106.9257,11.2527],[106.9277,11.2521],[106.9275,11.2501],[106.9279,11.2485],[106.9263,11.2479],[106.9268,11.2467],[106.9291,11.2478],[106.9302,11.2474],[106.9317,11.2458],[106.9315,11.2448],[106.9308,11.2439],[106.9297,11.244],[106.9279,11.2436],[106.9273,11.2448],[106.9264,11.2448],[106.924,11.2431],[106.9236,11.2417],[106.9216,11.2414],[106.9202,11.2415],[106.9198,11.2423],[106.9187,11.2422],[106.9189,11.2407],[106.9176,11.2412],[106.9178,11.2426],[106.917,11.2427],[106.9153,11.2418],[106.9145,11.2405],[106.9122,11.242],[106.9116,11.242],[106.9105,11.2409],[106.9111,11.2382],[106.9131,11.2374],[106.9131,11.2369],[106.9117,11.2363],[106.9122,11.2357],[106.914,11.2359],[106.918,11.2356],[106.9181,11.2349],[106.9169,11.2347],[106.9155,11.2336],[106.9137,11.2325],[106.9133,11.2318],[106.9136,11.2304],[106.9113,11.2302],[106.9089,11.2311],[106.9072,11.2329],[106.9055,11.2368],[106.905,11.2394],[106.9038,11.2414],[106.9028,11.2419],[106.9014,11.2417],[106.8999,11.2409],[106.8984,11.2405],[106.8926,11.2386],[106.8899,11.2381],[106.8877,11.2386],[106.8866,11.2399],[106.8864,11.2408],[106.8869,11.2422],[106.8898,11.2441],[106.8907,11.2454],[106.8906,11.2471],[106.8899,11.249],[106.8887,11.2508],[106.8871,11.2527],[106.8857,11.2534],[106.884,11.2528],[106.884,11.2513],[106.8846,11.25],[106.8856,11.249],[106.8864,11.2474],[106.8863,11.2452],[106.8854,11.2432],[106.8845,11.2425],[106.8831,11.2431],[106.882,11.2444],[106.88,11.2457],[106.8782,11.2466],[106.8732,11.2485],[106.8724,11.249],[106.8711,11.2507],[106.8682,11.2519],[106.8666,11.2527],[106.8651,11.253],[106.8642,11.2525],[106.8622,11.2525],[106.8602,11.2528],[106.8577,11.2539],[106.8554,11.2554],[106.8543,11.2553],[106.8528,11.2541],[106.8501,11.2538],[106.8495,11.2515]]]},"properties":{"code":"25858","name":"Xã Phú Giáo"}},{"type":"Feature","geometry":{"type":"Polygon","coordinates":[[[106.75,10.9772],[106.7494,10.9744],[106.7496,10.973],[106.749,10.9709],[106.7495,10.9699],[106.7506,10.9695],[106.7528,10.9665],[106.7539,10.9676],[106.7528,10.9641],[106.7509,10.9624],[106.7497,10.9607],[106.7472,10.9575],[106.7462,10.9553],[106.7453,10.9537],[106.7465,10.9495],[106.747,10.9472],[106.7483,10.9447],[106.7495,10.9395],[106.7507,10.9372],[106.7448,10.9334],[106.7451,10.9325],[106.7421,10.9321],[106.7418,10.9268],[106.7389,10.927],[106.735,10.9275],[106.735,10.9278],[106.7283,10.9278],[106.7283,10.9351],[106.7235,10.9351],[106.725,10.9398],[106.7235,10.9398],[106.7235,10.9424],[106.7247,10.9446],[106.7268,10.9461],[106.7262,10.9516],[106.7262,10.9532],[106.7257,10.957],[106.7263,10.9608],[106.7251,10.9645],[106.7265,10.9669],[106.7274,10.967],[106.7252,10.9704],[106.7224,10.971],[106.7204,10.9716],[106.7191,10.9717],[106.7184,10.9724],[106.7161,10.9738],[106.7168,10.9747],[106.7222,10.984],[106.7229,10.99],[106.7232,10.9922],[106.7246,10.992],[106.7265,10.9909],[106.7289,10.989],[106.7301,10.9879],[106.7309,10.9884],[106.7341,10.9869],[106.7355,10.9878],[106.7378,10.9864],[106.7406,10.9863],[106.7424,10.9866],[106.7407,10.9816],[106.7406,10.9805],[106.741,10.9781],[106.745,10.9779],[106.75,10.9772]]]},"properties":{"code":"25975","name":"Phường An Phú"}},{"type":"Feature","geometry":{"type":"Polygon","coordinates":[[[106.687,10.7533],[106.6866,10.7519],[106.6845,10.7509],[106.681,10.752],[106.6773,10.7515],[106.6771,10.7534],[106.6756,10.7587],[106.675,10.7613],[106.6812,10.7653],[106.6817,10.7654],[106.6851,10.7566],[106.6864,10.7547],[106.687,10.7533]]]},"properties":{"code":"27301","name":"Phường Chợ Quán"}},{"type":"Feature","geometry":{"type":"MultiPolygon","coordinates":[[[[106.5566,8.6284],[106.5562,8.629],[106.5578,8.6302],[106.5588,8.6291],[106.558,8.6282],[106.5566,8.6284]]],[[[106.6173,8.6351],[106.6174,8.6383],[106.6185,8.6391],[106.6193,8.639],[106.6205,8.6379],[106.6203,8.6368],[106.6196,8.6352],[106.6189,8.6348],[106.6173,8.6351]]],[[[106.5535,8.664],[106.5544,8.6628],[106.5544,8.6616],[106.555,8.6603],[106.5546,8.6586],[106.5553,8.6569],[106.5561,8.6558],[106.5577,8.6553],[106.5581,8.6535],[106.5595,8.6513],[106.5604,8.6509],[106.562,8.6511],[106.5627,8.6524],[106.5639,8.6523],[106.5664,8.6514],[106.5689,8.6497],[106.5704,8.6495],[106.5706,8.6488],[106.5719,8.6483],[106.5748,8.6466],[106.5761,8.6465],[106.5762,8.6451],[106.5745,8.6433],[106.5734,8.6414],[106.5703,8.6399],[106.5687,8.6403],[106.5677,8.6401],[106.5662,8.6402],[106.5648,8.6389],[106.5638,8.6387],[106.5622,8.6365],[106.5614,8.6362],[106.5601,8.6342],[106.5599,8.6326],[106.5599,8.6306],[106.5586,8.6311],[106.5587,8.6322],[106.558,8.6331],[106.5578,8.6341],[106.556,8.6345],[106.5554,8.6351],[106.5542,8.6351],[106.5539,8.6358],[106.5528,8.6362],[106.5542,8.638],[106.5536,8.6423],[106.5535,8.6447],[106.5536,8.6466],[106.5531,8.6472],[106.552,8.6472],[106.5509,8.6463],[106.5493,8.6443],[106.5483,8.6443],[106.5481,8.6456],[106.547,8.6464],[106.5451,8.6471],[106.5424,8.6469],[106.5416,8.6477],[106.5414,8.6488],[106.5403,8.6513],[106.5404,8.6546],[106.5399,8.6561],[106.5402,8.6569],[106.5401,8.6589],[106.5408,8.6614],[106.5413,8.6618],[106.5425,8.6614],[106.5438,8.6615],[106.5457,8.6602],[106.5469,8.6599],[106.5472,8.6593],[106.549,8.6585],[106.5498,8.6603],[106.5503,8.6623],[106.5497,8.6645],[106.5511,8.6651],[106.5529,8.6644],[106.5535,8.664]]],[[[106.5559,8.6836],[106.5549,8.684],[106.5549,8.6856],[106.5554,8.6882],[106.5559,8.6889],[106.5572,8.6892],[106.5592,8.6889],[106.5603,8.688],[106.5609,8.6863],[106.5603,8.6847],[106.5592,8.6835],[106.5584,8.6833],[106.5559,8.6836]]],[[[106.6646,8.7599],[106.6649,8.7593],[106.6641,8.7587],[106.664,8.7575],[106.665,8.757],[106.6666,8.7571],[106.668,8.7561],[106.6695,8.7542],[106.67,8.7531],[106.6695,8.7502],[106.6686,8.75],[106.6664,8.7475],[106.665,8.7473],[106.6644,8.7468],[106.6624,8.7469],[106.6614,8.7473],[106.6613,8.7494],[106.6602,8.7492],[106.6594,8.7506],[106.6596,8.752],[106.6587,8.7534],[106.6576,8.7537],[106.6558,8.7536],[106.6548,8.7531],[106.6531,8.7506],[106.653,8.7463],[106.6538,8.7458],[106.6551,8.7462],[106.6552,8.7478],[106.6556,8.7485],[106.657,8.7478],[106.6577,8.7463],[106.6566,8.7449],[106.6572,8.7442],[106.6591,8.7439],[106.6606,8.744],[106.6621,8.7432],[106.6618,8.7421],[106.6628,8.7417],[106.6632,8.7405],[106.6652,8.7403],[106.6646,8.7392],[106.6647,8.7383],[106.6635,8.7363],[106.6636,8.735],[106.6631,8.7333],[106.6616,8.7326],[106.6609,8.7305],[106.6548,8.7312],[106.6529,8.7305],[106.6509,8.7305],[106.6477,8.7316],[106.6446,8.732],[106.6432,8.7316],[106.6408,8.7284],[106.64,8.7267],[106.6381,8.721],[106.6374,8.718],[106.6375,8.7162],[106.6378,8.7137],[106.6386,8.7123],[106.6408,8.7114],[106.6417,8.71],[106.6426,8.7094],[106.6444,8.7089],[106.6453,8.7082],[106.6481,8.7056],[106.6487,8.7053],[106.6519,8.7024],[106.6538,8.701],[106.6558,8.699],[106.6564,8.6975],[106.6574,8.6969],[106.658,8.6973],[106.6592,8.6961],[106.6597,8.6948],[106.6595,8.6932],[106.6591,8.6928],[106.6566,8.6932],[106.6528,8.692],[106.6517,8.691],[106.6476,8.6944],[106.6443,8.6969],[106.6428,8.6977],[106.6381,8.6993],[106.6361,8.7002],[106.6345,8.6997],[106.6326,8.6983],[106.6315,8.697],[106.6301,8.6944],[106.6289,8.6908],[106.6281,8.6904],[106.6273,8.6881],[106.6267,8.6877],[106.6263,8.689],[106.6253,8.6894],[106.6238,8.6916],[106.6208,8.6907],[106.6185,8.6895],[106.6159,8.6877],[106.6119,8.6836],[106.6104,8.6826],[106.6088,8.6809],[106.6071,8.681],[106.6051,8.6802],[106.6033,8.6787],[106.6014,8.6763],[106.5986,8.6716],[106.5982,8.6698],[106.5982,8.6675],[106.5992,8.6667],[106.6018,8.6641],[106.6028,8.6621],[106.6037,8.6597],[106.605,8.6574],[106.6083,8.6535],[106.6105,8.6499],[106.6132,8.643],[106.6137,8.6413],[106.6136,8.6406],[106.6127,8.6402],[106.6106,8.6399],[106.6098,8.6401],[106.6072,8.6398],[106.6048,8.6411],[106.6022,8.6418],[106.6011,8.643],[106.5981,8.6442],[106.5966,8.6446],[106.5893,8.6459],[106.5881,8.6458],[106.5864,8.6452],[106.5857,8.6453],[106.5848,8.6464],[106.5837,8.6461],[106.5835,8.6455],[106.5822,8.6448],[106.5809,8.6448],[106.5785,8.6452],[106.5768,8.6459],[106.5773,8.647],[106.5789,8.6467],[106.5806,8.647],[106.5809,8.6483],[106.5802,8.6496],[106.5784,8.6505],[106.5762,8.6525],[106.5743,8.6538],[106.5738,8.6548],[106.5731,8.6551],[106.5716,8.6548],[106.5685,8.6593],[106.5698,8.6605],[106.5679,8.6626],[106.5664,8.6634],[106.5658,8.6673],[106.5649,8.6689],[106.564,8.6697],[106.5633,8.671],[106.5628,8.6736],[106.562,8.6746],[106.5612,8.6767],[106.5609,8.6785],[106.5612,8.6795],[106.5608,8.6827],[106.5612,8.6832],[106.5625,8.6827],[106.5654,8.6848],[106.5662,8.6863],[106.5665,8.6875],[106.5677,8.6883],[106.5687,8.69],[106.5685,8.6916],[106.5693,8.6929],[106.5721,8.692],[106.5728,8.6914],[106.5746,8.6913],[106.5745,8.6929],[106.5754,8.6949],[106.5764,8.6963],[106.578,8.7007],[106.578,8.7023],[106.5785,8.7057],[106.5792,8.707],[106.5801,8.7073],[106.5813,8.7056],[106.5827,8.7054],[106.5836,8.7049],[106.5857,8.7055],[106.5858,8.7062],[106.5875,8.7075],[106.5886,8.7087],[106.5894,8.7102],[106.5897,8.7116],[106.5895,8.7132],[106.589,8.7144],[106.5888,8.7167],[106.59,8.7182],[106.5909,8.7205],[106.5923,8.7212],[106.593,8.722],[106.5933,8.7236],[106.5928,8.7247],[106.5949,8.7251],[106.596,8.7246],[106.5979,8.7256],[106.5994,8.725],[106.6004,8.724],[106.6017,8.7241],[106.6021,8.7247],[106.6025,8.7265],[106.6031,8.7272],[106.6067,8.7281],[106.6083,8.7294],[106.6096,8.7295],[106.6109,8.7308],[106.6108,8.733],[106.6112,8.7345],[106.6135,8.7346],[106.6169,8.7333],[106.6181,8.7319],[106.6196,8.7317],[106.6215,8.7326],[106.6221,8.7332],[106.6235,8.7351],[106.624,8.7369],[106.624,8.7382],[106.6233,8.7396],[106.6227,8.7399],[106.6218,8.7415],[106.6226,8.7435],[106.6242,8.7438],[106.6258,8.7448],[106.6271,8.7444],[106.6285,8.7452],[106.6288,8.7462],[106.6301,8.746],[106.6308,8.7452],[106.6348,8.746],[106.6345,8.7471],[106.6336,8.7476],[106.6354,8.7483],[106.6371,8.7494],[106.6377,8.7507],[106.6378,8.7517],[106.6404,8.7526],[106.6416,8.7535],[106.6428,8.7532],[106.6451,8.7533],[106.6459,8.7526],[106.6478,8.7533],[106.6486,8.7545],[106.6494,8.7544],[106.6526,8.7549],[106.6532,8.756],[106.6538,8.7586],[106.6553,8.7604],[106.6561,8.7608],[106.6573,8.7604],[106.6577,8.7597],[106.6587,8.7597],[106.6601,8.7608],[106.6619,8.7609],[106.6628,8.7606],[106.6639,8.7609],[106.6646,8.7599]]],[[[106.5481,8.7064],[106.5468,8.7043],[106.5441,8.7039],[106.5411,8.7048],[106.5399,8.7045],[106.5369,8.7058],[106.5364,8.7069],[106.5367,8.7091],[106.5382,8.7103],[106.5402,8.7102],[106.5417,8.7094],[106.5438,8.7097],[106.5449,8.7091],[106.5466,8.7094],[106.5481,8.7088],[106.5498,8.7095],[106.5502,8.7113],[106.5507,8.7121],[106.5515,8.7114],[106.5511,8.7103],[106.5492,8.7083],[106.5481,8.7064]]],[[[106.5862,8.7355],[106.5842,8.7361],[106.5854,8.7373],[106.588,8.738],[106.5893,8.7367],[106.5885,8.7354],[106.587,8.735],[106.5862,8.7355]]],[[[106.6366,8.6378],[106.6369,8.6369],[106.6346,8.6364],[106.6331,8.6352],[106.6308,8.6328],[106.6293,8.6325],[106.6292,8.6337],[106.6283,8.6354],[106.6272,8.6359],[106.6272,8.6368],[106.6289,8.6376],[106.6295,8.6392],[106.63,8.6393],[106.6321,8.6382],[106.6349,8.6374],[106.6366,8.6378]]],[[[106.6743,8.6503],[106.674,8.6509],[106.675,8.6518],[106.6758,8.6513],[106.6756,8.6501],[106.6743,8.6503]]],[[[106.6717,8.6814],[106.6727,8.6812],[106.6738,8.6795],[106.6757,8.6784],[106.6771,8.676],[106.679,8.674],[106.6792,8.6728],[106.6806,8.6708],[106.6806,8.67],[106.6816,8.6695],[106.6819,8.6708],[106.6832,8.6716],[106.6839,8.6725],[106.6855,8.6736],[106.6868,8.6738],[106.689,8.6722],[106.6906,8.6702],[106.6921,8.6697],[106.6937,8.6712],[106.6954,8.6747],[106.6958,8.6787],[106.6961,8.6797],[106.6991,8.6781],[106.7004,8.6783],[106.7023,8.677],[106.7027,8.6753],[106.7034,8.6741],[106.703,8.6725],[106.7039,8.6714],[106.7043,8.6698],[106.7073,8.6704],[106.7083,8.6697],[106.7097,8.6699],[106.7106,8.6681],[106.7099,8.6667],[106.7088,8.6664],[106.7059,8.6639],[106.7047,8.6635],[106.7035,8.6644],[106.7021,8.6647],[106.7006,8.6638],[106.6995,8.6618],[106.6981,8.6615],[106.6975,8.6608],[106.6959,8.6603],[106.6922,8.6626],[106.6905,8.6625],[106.6882,8.6637],[106.6854,8.6665],[106.6843,8.6672],[106.6825,8.6675],[106.6804,8.6661],[106.6799,8.6652],[106.6788,8.6613],[106.6789,8.6588],[106.6782,8.6562],[106.6779,8.656],[106.6753,8.6568],[106.6729,8.6579],[106.6716,8.6588],[106.6693,8.6625],[106.669,8.6639],[106.6674,8.6671],[106.6645,8.6703],[106.6618,8.674],[106.6606,8.6753],[106.6607,8.6766],[106.6596,8.6781],[106.6614,8.6806],[106.6628,8.6815],[106.6646,8.6822],[106.667,8.6815],[106.6692,8.6813],[106.6717,8.6814]]],[[[106.7415,8.6947],[106.7424,8.6951],[106.7436,8.6935],[106.7431,8.6914],[106.7435,8.6903],[106.7433,8.6879],[106.7424,8.6867],[106.7415,8.6837],[106.7402,8.6827],[106.7398,8.6841],[106.7398,8.6858],[106.7395,8.6864],[106.7359,8.6884],[106.7333,8.6879],[106.7341,8.6907],[106.7353,8.6919],[106.7368,8.695],[106.7381,8.6953],[106.7382,8.6964],[106.7395,8.6985],[106.7405,8.699],[106.7415,8.6986],[106.7412,8.695],[106.7415,8.6947]]]]},"properties":{"code":"26732","name":"Đặc khu Côn Đảo"}}]}