{"type":"FeatureCollection","features":[{"type":"Feature","geometry":{"type":"MultiPolygon","coordinates":[[[[103.4919,9.3202],[103.5048,9.3205],[103.5033,9.3073],[103.4897,9.2952],[103.4848,9.2864],[103.4739,9.2874],[103.4727,9.3043],[103.4624,9.3123],[103.4817,9.321],[103.4919,9.3202]]],[[[104.0175,9.968],[104.0233,9.9596],[104.0226,9.9396],[104.0104,9.9486],[104.0101,9.9705],[104.0175,9.968]]],[[[104.0353,10.0711],[104.0425,10.0608],[104.0355,10.0561],[104.0303,10.0331],[104.0399,10.0192],[104.0311,10.0106],[104.0239,10.0177],[104.0093,10.0154],[104.0001,10.0449],[103.9923,10.0472],[103.9843,10.0993],[103.9702,10.1663],[103.9608,10.2066],[103.9485,10.2425],[103.9394,10.2562],[103.9306,10.2627],[103.9149,10.2885],[103.9067,10.2927],[103.8886,10.2917],[103.8802,10.3035],[103.8685,10.308],[103.8597,10.3054],[103.8505,10.326],[103.8417,10.3574],[103.8325,10.3628],[103.846,10.3748],[103.8684,10.3737],[103.894,10.3686],[103.9217,10.3598],[103.9354,10.3691],[103.9415,10.3799],[103.9493,10.4037],[103.9672,10.4088],[103.9731,10.4399],[103.9816,10.4483],[103.9954,10.4523],[104.007,10.4476],[104.0195,10.4263],[104.0326,10.4128],[104.0397,10.4161],[104.0574,10.4027],[104.0632,10.3907],[104.0791,10.3704],[104.0806,10.3551],[104.0727,10.3379],[104.0799,10.3068],[104.0747,10.2751],[104.081,10.2451],[104.0743,10.2226],[104.0607,10.2082],[104.0512,10.1876],[104.0433,10.1525],[104.0328,10.1428],[104.0307,10.1316],[104.0362,10.1192],[104.0271,10.1077],[104.0257,10.0925],[104.02,10.0847],[104.0353,10.0711]]],[[[104.3587,9.682],[104.3609,9.6595],[104.3543,9.66],[104.347,9.6715],[104.3461,9.6838],[104.3587,9.682]]],[[[104.652,9.818],[104.6584,9.812],[104.6497,9.7963],[104.6372,9.7932],[104.6298,9.7991],[104.6144,9.796],[104.6175,9.8107],[104.6347,9.8229],[104.652,9.818]]],[[[104.8484,9.9708],[104.8414,9.9527],[104.828,9.9559],[104.8271,9.9646],[104.8392,9.9747],[104.8484,9.9708]]],[[[105.189,10.9118],[105.1854,10.8969],[105.1863,10.8747],[105.1903,10.8551],[105.1993,10.8453],[105.2095,10.8495],[105.2195,10.8266],[105.2371,10.8048],[105.2546,10.8024],[105.2622,10.7949],[105.2596,10.7745],[105.2691,10.766],[105.2997,10.7622],[105.3,10.747],[105.2784,10.7337],[105.2799,10.722],[105.2947,10.7166],[105.3057,10.7168],[105.3342,10.7233],[105.3425,10.7219],[105.3507,10.7127],[105.3379,10.6686],[105.3413,10.641],[105.3469,10.6238],[105.3687,10.5763],[105.3752,10.5714],[105.3966,10.5671],[105.4087,10.5542],[105.4188,10.5497],[105.4458,10.5528],[105.4684,10.5403],[105.4823,10.5357],[105.4884,10.5423],[105.5132,10.547],[105.532,10.5378],[105.5502,10.5213],[105.5577,10.5081],[105.5736,10.4685],[105.5753,10.4474],[105.574,10.4287],[105.5548,10.4343],[105.5489,10.4296],[105.5448,10.4128],[105.5316,10.4076],[105.5238,10.3994],[105.529,10.3782],[105.521,10.3634],[105.4999,10.3541],[105.4907,10.3448],[105.4877,10.3346],[105.4954,10.3253],[105.4871,10.3236],[105.4771,10.3106],[105.4267,10.303],[105.4414,10.2697],[105.3972,10.2528],[105.3362,10.2344],[105.312,10.2739],[105.3015,10.277],[105.2889,10.2599],[105.2671,10.2389],[105.2609,10.2459],[105.2532,10.2385],[105.2257,10.201],[105.2758,10.1608],[105.2982,10.1385],[105.3105,10.1348],[105.3171,10.1412],[105.3531,10.1006],[105.3567,10.0827],[105.3647,10.073],[105.4026,10.0398],[105.4453,9.9994],[105.5396,9.913],[105.5167,9.8631],[105.5211,9.8591],[105.4766,9.8326],[105.4555,9.8226],[105.4313,9.8142],[105.434,9.7906],[105.4049,9.7684],[105.4138,9.7602],[105.4122,9.7496],[105.403,9.7503],[105.3933,9.7445],[105.3878,9.7345],[105.3704,9.7295],[105.3593,9.7145],[105.3281,9.6982],[105.3382,9.6869],[105.3382,9.6773],[105.3532,9.6761],[105.3571,9.6685],[105.3871,9.658],[105.3957,9.6594],[105.4062,9.6504],[105.4065,9.6423],[105.3924,9.6239],[105.3812,9.6194],[105.3751,9.6103],[105.3738,9.5961],[105.3651,9.5918],[105.3521,9.5941],[105.3415,9.6061],[105.3305,9.6004],[105.3085,9.6078],[105.3037,9.6263],[105.292,9.6367],[105.2864,9.6221],[105.2864,9.5998],[105.2941,9.5858],[105.3126,9.5723],[105.3109,9.5562],[105.3243,9.5572],[105.323,9.5435],[105.3298,9.528],[105.3232,9.5166],[105.3047,9.5036],[105.2988,9.5051],[105.2913,9.4681],[105.2945,9.4336],[105.2781,9.4329],[105.2622,9.3993],[105.1318,9.4809],[105.0031,9.5585],[104.9962,9.5413],[104.9805,9.5428],[104.9631,9.5559],[104.9461,9.5329],[104.9166,9.5617],[104.8814,9.4943],[104.8569,9.5154],[104.8459,9.5293],[104.8355,9.5306],[104.8432,9.6093],[104.8445,9.6316],[104.8486,9.6513],[104.8505,9.6812],[104.8575,9.7152],[104.8757,9.7699],[104.8876,9.8306],[104.8956,9.8471],[104.9036,9.8531],[104.9232,9.85],[104.955,9.8547],[104.973,9.8703],[105.004,9.9054],[105.0394,9.9359],[105.0583,9.9461],[105.0708,9.9491],[105.081,9.9459],[105.0886,9.9267],[105.1034,9.9306],[105.1069,9.9484],[105.1029,9.9525],[105.0796,10.0032],[105.0734,10.0134],[105.0529,10.0355],[105.0002,10.0884],[104.9913,10.0987],[104.9501,10.0966],[104.915,10.0879],[104.8936,10.0862],[104.8797,10.0928],[104.8692,10.1033],[104.8433,10.1464],[104.8161,10.1839],[104.8016,10.1985],[104.7735,10.217],[104.7415,10.2275],[104.7328,10.2278],[104.6984,10.2092],[104.6844,10.1966],[104.6579,10.1648],[104.6462,10.146],[104.6375,10.1412],[104.6162,10.148],[104.5961,10.1835],[104.5953,10.1963],[104.5894,10.2059],[104.5927,10.2148],[104.5864,10.2444],[104.5721,10.2702],[104.5562,10.2873],[104.5431,10.2915],[104.5374,10.2822],[104.5281,10.3046],[104.5324,10.3091],[104.5214,10.3329],[104.4981,10.361],[104.482,10.3775],[104.4648,10.3766],[104.4593,10.369],[104.4468,10.3647],[104.4457,10.3893],[104.4528,10.3998],[104.4473,10.4138],[104.4389,10.4235],[104.4634,10.4292],[104.4799,10.43],[104.4981,10.4047],[104.5174,10.4397],[104.5269,10.4466],[104.5421,10.448],[104.5514,10.4563],[104.558,10.4723],[104.5593,10.4928],[104.5802,10.5026],[104.5868,10.5104],[104.587,10.5256],[104.5991,10.5341],[104.6163,10.5286],[104.6444,10.5305],[104.6436,10.5405],[104.687,10.5388],[104.721,10.5306],[104.7542,10.5188],[104.8684,10.5222],[104.8976,10.5488],[104.9347,10.614],[104.9524,10.6364],[104.9769,10.652],[105.0977,10.7217],[105.0914,10.7552],[105.0755,10.7772],[105.0639,10.7804],[105.0622,10.7981],[105.0558,10.804],[105.0582,10.8202],[105.0343,10.8696],[105.0284,10.8916],[105.0472,10.9013],[105.0433,10.9107],[105.0557,10.9162],[105.0523,10.9269],[105.0681,10.9374],[105.0776,10.9347],[105.0792,10.9521],[105.098,10.9549],[105.1132,10.9621],[105.1181,10.9489],[105.1147,10.9401],[105.1001,10.9216],[105.1092,10.9176],[105.1563,10.9235],[105.189,10.9118]]],[[[104.5583,10.0327],[104.5605,10.0173],[104.5512,10.0143],[104.5447,10.0271],[104.5479,10.0359],[104.5583,10.0327]]]]},"properties":{"Ma":"32","TinhThanh":"An Giang"}},{"type":"Feature","geometry":{"type":"Polygon","coordinates":[[[106.0012,21.0003],[106.0085,21.0082],[106.0034,21.0174],[106.0127,21.0302],[106.02,21.0475],[105.9995,21.0745],[105.9936,21.069],[105.9769,21.0703],[105.962,21.0779],[105.9579,21.0913],[105.9457,21.085],[105.9346,21.0966],[105.9294,21.1126],[105.9156,21.119],[105.9128,21.1265],[105.9263,21.1403],[105.9195,21.1554],[105.9169,21.1716],[105.9237,21.1827],[105.9071,21.1924],[105.9134,21.2027],[105.9145,21.2182],[105.9089,21.231],[105.9269,21.2385],[105.9384,21.2472],[105.9236,21.2683],[105.9232,21.2876],[105.9153,21.2978],[105.8972,21.3076],[105.8992,21.3249],[105.8928,21.3265],[105.8813,21.3388],[105.8865,21.346],[105.9044,21.3454],[105.9004,21.356],[105.909,21.3742],[105.9364,21.3714],[105.9435,21.3775],[105.9449,21.392],[105.9401,21.3965],[105.9565,21.4074],[105.9576,21.4322],[105.9678,21.4311],[105.9792,21.4136],[106.0274,21.3994],[106.033,21.4188],[106.0267,21.4336],[106.0459,21.4418],[106.0512,21.4604],[106.0406,21.4704],[106.0479,21.4817],[106.0378,21.4902],[106.0454,21.5088],[106.0442,21.5218],[106.0537,21.5387],[106.0479,21.5588],[106.036,21.5613],[106.0349,21.5718],[106.0486,21.5811],[106.0594,21.6043],[106.0673,21.6046],[106.0779,21.6173],[106.0999,21.6248],[106.1169,21.617],[106.1356,21.6179],[106.1421,21.623],[106.1624,21.6248],[106.1733,21.6102],[106.1852,21.6043],[106.1693,21.5957],[106.1679,21.5607],[106.1709,21.5495],[106.1687,21.5124],[106.1827,21.5087],[106.212,21.4967],[106.237,21.495],[106.2418,21.4864],[106.2559,21.4868],[106.2734,21.4937],[106.2855,21.4904],[106.2825,21.4723],[106.2833,21.456],[106.2947,21.4432],[106.3121,21.4514],[106.3259,21.4482],[106.3331,21.4377],[106.3242,21.4104],[106.3406,21.3972],[106.348,21.4001],[106.3717,21.3947],[106.3857,21.3967],[106.3958,21.4054],[106.4158,21.4079],[106.406,21.4292],[106.4175,21.4373],[106.4395,21.4435],[106.4433,21.4365],[106.4658,21.4373],[106.4728,21.4476],[106.4827,21.4487],[106.4948,21.4831],[106.5095,21.4867],[106.5213,21.4996],[106.5074,21.5208],[106.5186,21.5318],[106.5267,21.5454],[106.5274,21.5577],[106.5422,21.5701],[106.5523,21.5828],[106.5521,21.589],[106.5708,21.6025],[106.5961,21.5992],[106.6153,21.6078],[106.637,21.6008],[106.6703,21.6087],[106.7019,21.5937],[106.699,21.5743],[106.7102,21.5608],[106.7261,21.5555],[106.7338,21.5451],[106.7555,21.5409],[106.759,21.5445],[106.7566,21.5672],[106.7841,21.5759],[106.7926,21.566],[106.8063,21.5589],[106.8201,21.5625],[106.8433,21.5597],[106.8522,21.5399],[106.8643,21.5348],[106.8603,21.5227],[106.8399,21.5125],[106.8449,21.4936],[106.8676,21.4975],[106.8904,21.4895],[106.8891,21.4826],[106.9025,21.4704],[106.8923,21.4595],[106.8914,21.4514],[106.911,21.4306],[106.9456,21.4346],[106.9498,21.4259],[106.9596,21.4248],[106.9688,21.4361],[106.9868,21.4395],[107.0038,21.4217],[106.995,21.4169],[106.9857,21.4021],[106.9927,21.3818],[106.9883,21.3586],[107.0078,21.3496],[107.032,21.3251],[107.0337,21.3143],[107.02,21.2992],[107.0032,21.2933],[106.9837,21.2921],[106.9725,21.284],[106.9757,21.2708],[106.9858,21.2569],[106.9772,21.2395],[106.9783,21.2264],[106.9691,21.2235],[106.9562,21.2064],[106.9554,21.1902],[106.9474,21.1885],[106.9427,21.1733],[106.9305,21.1707],[106.9163,21.1844],[106.8926,21.1789],[106.8804,21.1827],[106.8738,21.1739],[106.8588,21.1784],[106.8569,21.1882],[106.8408,21.186],[106.8254,21.1882],[106.826,21.1665],[106.8189,21.1563],[106.8048,21.1546],[106.7949,21.1491],[106.7692,21.1524],[106.7671,21.1558],[106.7438,21.1568],[106.733,21.1612],[106.7151,21.1607],[106.6964,21.1703],[106.682,21.1666],[106.6411,21.1805],[106.6403,21.1715],[106.6097,21.1702],[106.605,21.1797],[106.5909,21.1838],[106.5799,21.1924],[106.5678,21.1888],[106.5561,21.1945],[106.5425,21.1924],[106.5294,21.2226],[106.5019,21.2244],[106.4743,21.2304],[106.4659,21.226],[106.4463,21.2311],[106.4258,21.2317],[106.4174,21.2231],[106.4125,21.2078],[106.3741,21.1954],[106.371,21.1843],[106.3604,21.1715],[106.3364,21.1724],[106.3246,21.1922],[106.3105,21.19],[106.3102,21.1786],[106.3229,21.1532],[106.3216,21.1432],[106.3117,21.1289],[106.2984,21.1206],[106.2957,21.1051],[106.3025,21.0857],[106.3023,21.0737],[106.3106,21.0589],[106.2927,21.0395],[106.2933,21.0186],[106.2733,21.0036],[106.267,20.9878],[106.2529,20.9965],[106.2448,20.9914],[106.2334,20.9955],[106.2096,20.9845],[106.1747,20.9754],[106.1695,20.9848],[106.151,20.9888],[106.1381,21.0013],[106.1319,20.9993],[106.1274,20.9837],[106.1152,20.9834],[106.1157,20.9957],[106.1021,20.9973],[106.0898,21.0071],[106.077,20.9954],[106.0596,21.0003],[106.0511,21.007],[106.0285,20.9931],[106.0012,21.0003]]]},"properties":{"Ma":"02","TinhThanh":"Bắc Ninh"}},{"type":"Feature","geometry":{"type":"MultiPolygon","coordinates":[[[[104.8355,9.5306],[104.8459,9.5293],[104.8569,9.5154],[104.8814,9.4943],[104.9166,9.5617],[104.9461,9.5329],[104.9631,9.5559],[104.9805,9.5428],[104.9962,9.5413],[105.0031,9.5585],[105.1318,9.4809],[105.2622,9.3993],[105.2781,9.4329],[105.2945,9.4336],[105.2913,9.4681],[105.2988,9.5051],[105.3047,9.5036],[105.3232,9.5166],[105.3298,9.528],[105.323,9.5435],[105.3243,9.5572],[105.3109,9.5562],[105.3126,9.5723],[105.2941,9.5858],[105.2864,9.5998],[105.2864,9.6221],[105.292,9.6367],[105.3037,9.6263],[105.3085,9.6078],[105.3305,9.6004],[105.3415,9.6061],[105.3521,9.5941],[105.3651,9.5918],[105.3738,9.5961],[105.3792,9.5858],[105.3994,9.5986],[105.4175,9.5929],[105.4425,9.5948],[105.4482,9.5888],[105.4755,9.5846],[105.4924,9.59],[105.5205,9.5884],[105.5225,9.595],[105.5355,9.5972],[105.546,9.5863],[105.5549,9.5677],[105.5468,9.4886],[105.544,9.471],[105.5453,9.4506],[105.5805,9.4114],[105.5876,9.4236],[105.6018,9.4173],[105.6136,9.4076],[105.6196,9.4153],[105.6391,9.4089],[105.6367,9.3961],[105.6475,9.3952],[105.6561,9.3848],[105.6731,9.3908],[105.688,9.379],[105.7054,9.3778],[105.7079,9.3945],[105.7237,9.3903],[105.7362,9.3949],[105.7455,9.4058],[105.7612,9.4117],[105.7719,9.4114],[105.7773,9.3936],[105.7856,9.3828],[105.8115,9.3705],[105.8225,9.3861],[105.8335,9.3922],[105.8365,9.4008],[105.8469,9.399],[105.8529,9.3885],[105.854,9.3763],[105.8605,9.3646],[105.849,9.355],[105.83,9.3486],[105.8121,9.3393],[105.826,9.2765],[105.8192,9.2725],[105.8274,9.2449],[105.7799,9.2209],[105.7524,9.2049],[105.7325,9.1982],[105.6722,9.1729],[105.6448,9.1585],[105.6274,9.153],[105.5994,9.1397],[105.582,9.1351],[105.5425,9.1198],[105.5085,9.1013],[105.4847,9.0849],[105.4614,9.0656],[105.4473,9.0505],[105.4242,9.0211],[105.4144,9.0162],[105.3951,8.9959],[105.3883,8.9568],[105.3713,8.921],[105.3712,8.9166],[105.3557,8.8779],[105.3473,8.8611],[105.3275,8.8295],[105.3174,8.8248],[105.3105,8.8139],[105.2688,8.7702],[105.2337,8.7572],[105.2086,8.7525],[105.1786,8.7374],[105.1594,8.7084],[105.1494,8.7022],[105.1294,8.6713],[105.1301,8.6614],[105.1197,8.6467],[105.1064,8.6352],[105.0756,8.6258],[105.0634,8.6252],[105.0005,8.5988],[104.9835,8.6008],[104.9603,8.5882],[104.9217,8.5818],[104.8958,8.574],[104.8504,8.5668],[104.838,8.5612],[104.8251,8.566],[104.8169,8.5736],[104.8025,8.5797],[104.7484,8.5913],[104.7301,8.5974],[104.7173,8.6077],[104.7128,8.632],[104.7202,8.6458],[104.7299,8.6498],[104.7568,8.6398],[104.7799,8.6451],[104.7964,8.6523],[104.7956,8.6603],[104.7811,8.6826],[104.7788,8.6948],[104.7867,8.7178],[104.7944,8.7275],[104.8232,8.7356],[104.8292,8.7347],[104.8646,8.7454],[104.877,8.7584],[104.8877,8.7822],[104.8972,8.7858],[104.9031,8.7964],[104.8891,8.797],[104.8169,8.7725],[104.8032,8.7765],[104.7936,8.7868],[104.7821,8.8061],[104.7807,8.8161],[104.7837,8.8383],[104.7912,8.8633],[104.7985,8.8968],[104.8032,8.9309],[104.8048,8.9807],[104.8022,9.0153],[104.8047,9.028],[104.8042,9.0537],[104.8077,9.0806],[104.8104,9.138],[104.8077,9.1803],[104.8164,9.2159],[104.8198,9.2403],[104.8241,9.3159],[104.8249,9.3548],[104.8283,9.3741],[104.8313,9.4125],[104.8306,9.4307],[104.8329,9.4926],[104.8355,9.5306]]],[[[104.8445,8.4477],[104.8371,8.4374],[104.8392,8.4263],[104.8284,8.4215],[104.8191,8.4265],[104.8329,8.4441],[104.8445,8.4477]]]]},"properties":{"Ma":"34","TinhThanh":"Cà Mau"}},{"type":"Feature","geometry":{"type":"Polygon","coordinates":[[[105.3738,9.5961],[105.3751,9.6103],[105.3812,9.6194],[105.3924,9.6239],[105.4065,9.6423],[105.4062,9.6504],[105.3957,9.6594],[105.3871,9.658],[105.3571,9.6685],[105.3532,9.6761],[105.3382,9.6773],[105.3382,9.6869],[105.3281,9.6982],[105.3593,9.7145],[105.3704,9.7295],[105.3878,9.7345],[105.3933,9.7445],[105.403,9.7503],[105.4122,9.7496],[105.4138,9.7602],[105.4049,9.7684],[105.434,9.7906],[105.4313,9.8142],[105.4555,9.8226],[105.4766,9.8326],[105.5211,9.8591],[105.5167,9.8631],[105.5396,9.913],[105.4453,9.9994],[105.4026,10.0398],[105.3647,10.073],[105.3567,10.0827],[105.3531,10.1006],[105.3171,10.1412],[105.3105,10.1348],[105.2982,10.1385],[105.2758,10.1608],[105.2257,10.201],[105.2532,10.2385],[105.2609,10.2459],[105.2671,10.2389],[105.2889,10.2599],[105.3015,10.277],[105.312,10.2739],[105.3362,10.2344],[105.3972,10.2528],[105.4414,10.2697],[105.4267,10.303],[105.4771,10.3106],[105.4871,10.3236],[105.4954,10.3253],[105.5127,10.308],[105.5421,10.2927],[105.5645,10.274],[105.6046,10.233],[105.6165,10.2137],[105.6249,10.1864],[105.6463,10.1668],[105.6569,10.1513],[105.6823,10.1345],[105.709,10.1173],[105.7327,10.0994],[105.7519,10.09],[105.7654,10.0782],[105.781,10.0701],[105.8131,10.0308],[105.8261,10.0054],[105.8443,9.9828],[105.8768,9.9512],[105.906,9.932],[105.9192,9.9315],[105.9469,9.9102],[105.9616,9.9011],[105.9707,9.8896],[105.9804,9.8838],[105.9958,9.8656],[106.0017,9.8512],[106.0227,9.8258],[106.0511,9.8025],[106.0689,9.7787],[106.1002,9.7602],[106.1128,9.7496],[106.1282,9.7311],[106.1461,9.7143],[106.1717,9.6855],[106.21,9.65],[106.2475,9.6175],[106.2997,9.5859],[106.2926,9.5765],[106.2921,9.5627],[106.2796,9.5285],[106.2664,9.5063],[106.2476,9.4929],[106.2382,9.4916],[106.2101,9.4777],[106.2068,9.4597],[106.1992,9.4496],[106.1815,9.4364],[106.1721,9.4247],[106.1858,9.4168],[106.1884,9.4019],[106.1869,9.3791],[106.1764,9.3652],[106.1372,9.3363],[106.1082,9.3275],[106.1032,9.3367],[106.0818,9.3311],[106.061,9.3215],[106.0454,9.3194],[106.0097,9.3077],[105.922,9.282],[105.8853,9.2692],[105.8535,9.254],[105.8274,9.2449],[105.8192,9.2725],[105.826,9.2765],[105.8121,9.3393],[105.83,9.3486],[105.849,9.355],[105.8605,9.3646],[105.854,9.3763],[105.8529,9.3885],[105.8469,9.399],[105.8365,9.4008],[105.8335,9.3922],[105.8225,9.3861],[105.8115,9.3705],[105.7856,9.3828],[105.7773,9.3936],[105.7719,9.4114],[105.7612,9.4117],[105.7455,9.4058],[105.7362,9.3949],[105.7237,9.3903],[105.7079,9.3945],[105.7054,9.3778],[105.688,9.379],[105.6731,9.3908],[105.6561,9.3848],[105.6475,9.3952],[105.6367,9.3961],[105.6391,9.4089],[105.6196,9.4153],[105.6136,9.4076],[105.6018,9.4173],[105.5876,9.4236],[105.5805,9.4114],[105.5453,9.4506],[105.544,9.471],[105.5468,9.4886],[105.5549,9.5677],[105.546,9.5863],[105.5355,9.5972],[105.5225,9.595],[105.5205,9.5884],[105.4924,9.59],[105.4755,9.5846],[105.4482,9.5888],[105.4425,9.5948],[105.4175,9.5929],[105.3994,9.5986],[105.3792,9.5858],[105.3738,9.5961]]]},"properties":{"Ma":"33","TinhThanh":"Cần Thơ"}},{"type":"Feature","geometry":{"type":"Polygon","coordinates":[[[105.5316,22.6332],[105.5141,22.6366],[105.4988,22.6337],[105.4937,22.645],[105.4978,22.6555],[105.4888,22.677],[105.5011,22.7006],[105.4817,22.7094],[105.4752,22.7282],[105.4787,22.7386],[105.4697,22.7559],[105.45,22.759],[105.4419,22.7733],[105.4216,22.7809],[105.404,22.7951],[105.3992,22.7949],[105.3873,22.8098],[105.3588,22.8167],[105.3481,22.8135],[105.344,22.8265],[105.3291,22.8323],[105.3244,22.844],[105.3009,22.8561],[105.2828,22.8559],[105.2665,22.8661],[105.2687,22.878],[105.2845,22.8788],[105.3004,22.8754],[105.3067,22.8892],[105.3048,22.9003],[105.3125,22.9156],[105.321,22.9153],[105.3328,22.9286],[105.3621,22.9401],[105.3644,22.9642],[105.3615,22.9793],[105.3752,22.9902],[105.3998,22.9917],[105.4414,23.0038],[105.4468,22.9992],[105.4588,23.0049],[105.4876,23.0093],[105.4977,23.0392],[105.504,23.0422],[105.5087,23.0611],[105.5198,23.0746],[105.5172,23.084],[105.5271,23.1078],[105.5525,23.1114],[105.5646,23.1192],[105.5636,23.0941],[105.56,23.088],[105.5677,23.0772],[105.5822,23.0679],[105.5947,23.0756],[105.606,23.0763],[105.6176,23.0673],[105.6308,23.0781],[105.6463,23.081],[105.6669,23.0677],[105.6993,23.0616],[105.7213,23.0642],[105.73,23.0518],[105.7316,23.0386],[105.7476,23.035],[105.7793,23.0234],[105.7912,23.0044],[105.8074,22.9903],[105.8211,22.9973],[105.837,22.9877],[105.8387,22.9802],[105.8549,22.9702],[105.8511,22.9602],[105.8537,22.945],[105.8725,22.933],[105.8712,22.9225],[105.8782,22.9166],[105.8881,22.9365],[105.9091,22.9397],[105.9221,22.9469],[105.939,22.9386],[105.9537,22.9393],[105.9582,22.9497],[105.9727,22.949],[105.991,22.9396],[105.9986,22.9417],[106.0084,22.969],[106.0017,22.9913],[106.0126,22.9932],[106.0569,22.991],[106.0755,22.9985],[106.0955,22.9959],[106.1001,22.9868],[106.1162,22.9856],[106.1309,22.9899],[106.136,22.9959],[106.1549,22.9916],[106.1654,22.9845],[106.1918,22.9855],[106.2044,22.9827],[106.2238,22.9588],[106.2358,22.9546],[106.2338,22.9442],[106.2421,22.9409],[106.2485,22.9265],[106.2599,22.9193],[106.2622,22.9026],[106.2493,22.894],[106.2618,22.882],[106.2862,22.8679],[106.291,22.8756],[106.3034,22.8744],[106.3096,22.8651],[106.3267,22.8748],[106.3364,22.8646],[106.3524,22.8566],[106.3633,22.8668],[106.3634,22.8783],[106.3767,22.8843],[106.4038,22.8809],[106.4193,22.8924],[106.4329,22.8823],[106.454,22.904],[106.4595,22.8965],[106.4726,22.9032],[106.4974,22.9048],[106.4994,22.9186],[106.5138,22.947],[106.5265,22.9474],[106.5416,22.9427],[106.5433,22.9299],[106.5656,22.9189],[106.58,22.9249],[106.588,22.9325],[106.6016,22.9294],[106.6104,22.9091],[106.6184,22.8985],[106.6399,22.8822],[106.6381,22.8757],[106.6526,22.8659],[106.6657,22.8757],[106.6661,22.8901],[106.68,22.8872],[106.692,22.8919],[106.7053,22.889],[106.7165,22.8713],[106.7071,22.8646],[106.7429,22.8433],[106.7545,22.8317],[106.7689,22.826],[106.774,22.8173],[106.7853,22.8141],[106.8001,22.8199],[106.8188,22.82],[106.8301,22.8082],[106.832,22.796],[106.8242,22.7883],[106.8176,22.7714],[106.8035,22.7673],[106.7957,22.7698],[106.7881,22.7539],[106.7777,22.7503],[106.7643,22.733],[106.765,22.7181],[106.7786,22.7105],[106.7651,22.7045],[106.7586,22.6943],[106.7605,22.686],[106.7542,22.6723],[106.7412,22.6702],[106.7334,22.6498],[106.7222,22.6379],[106.7295,22.6327],[106.7172,22.6088],[106.7304,22.6022],[106.7234,22.5879],[106.7075,22.5783],[106.6968,22.5833],[106.6781,22.5824],[106.6625,22.5754],[106.6487,22.5772],[106.6342,22.5911],[106.6298,22.6055],[106.6101,22.6046],[106.6009,22.5765],[106.6037,22.5643],[106.6002,22.5525],[106.5918,22.5508],[106.5909,22.5362],[106.5817,22.5198],[106.582,22.4826],[106.579,22.4732],[106.5682,22.4733],[106.5589,22.4654],[106.5681,22.4305],[106.5607,22.4224],[106.5353,22.4189],[106.532,22.4098],[106.5198,22.3975],[106.4975,22.4048],[106.492,22.3938],[106.4873,22.3683],[106.4526,22.3566],[106.4341,22.3633],[106.4249,22.3586],[106.4134,22.3705],[106.396,22.3738],[106.3788,22.3595],[106.3607,22.3575],[106.342,22.3738],[106.3444,22.3917],[106.3325,22.4021],[106.3305,22.4118],[106.3192,22.4075],[106.2955,22.4258],[106.2762,22.4482],[106.2613,22.4504],[106.2399,22.4615],[106.2212,22.4551],[106.2006,22.4319],[106.193,22.4161],[106.1943,22.4069],[106.1873,22.4005],[106.1847,22.3869],[106.1681,22.4089],[106.1567,22.4099],[106.1399,22.3945],[106.1222,22.4025],[106.1114,22.3989],[106.0991,22.4144],[106.1016,22.4356],[106.0943,22.4417],[106.1097,22.4631],[106.1196,22.4718],[106.1147,22.4832],[106.1193,22.5106],[106.102,22.5164],[106.0952,22.5272],[106.0864,22.5531],[106.0733,22.5549],[106.0825,22.5728],[106.059,22.571],[106.0476,22.578],[106.0423,22.5658],[106.0263,22.5581],[106.0059,22.5549],[106.0032,22.5487],[105.9864,22.5441],[105.9692,22.5355],[105.9658,22.5286],[105.9526,22.523],[105.9468,22.5287],[105.9325,22.5281],[105.9241,22.5215],[105.9203,22.5087],[105.9113,22.4964],[105.9039,22.4953],[105.8995,22.507],[105.8569,22.5215],[105.8413,22.515],[105.8235,22.5211],[105.8043,22.5238],[105.7875,22.5503],[105.7757,22.5503],[105.7727,22.562],[105.7776,22.5772],[105.7661,22.5889],[105.7533,22.5867],[105.7468,22.596],[105.7533,22.6088],[105.7396,22.6279],[105.7294,22.6338],[105.7548,22.6687],[105.773,22.684],[105.7769,22.692],[105.7608,22.6972],[105.752,22.7129],[105.7585,22.7253],[105.747,22.7303],[105.7391,22.7415],[105.7286,22.7396],[105.7215,22.7308],[105.7096,22.728],[105.7,22.7196],[105.6865,22.7178],[105.6727,22.7252],[105.6632,22.7227],[105.6417,22.6998],[105.613,22.6954],[105.6007,22.6869],[105.6028,22.6673],[105.5819,22.6692],[105.5758,22.664],[105.5642,22.6657],[105.5613,22.6579],[105.55,22.6574],[105.5409,22.6489],[105.5414,22.6387],[105.5316,22.6332]]]},"properties":{"Ma":"07","TinhThanh":"Cao Bằng"}},{"type":"Feature","geometry":{"type":"MultiPolygon","coordinates":[[[[111.21,15.7714],[111.195,15.7772],[111.1999,15.7893],[111.2118,15.7983],[111.2211,15.7991],[111.2281,15.7915],[111.2218,15.776],[111.21,15.7714]]],[[[112.5741,16.0557],[112.547,16.0339],[112.5244,16.0213],[112.481,16.0118],[112.4649,16.0102],[112.4472,16.0142],[112.4417,16.024],[112.4419,16.0351],[112.448,16.0426],[112.4764,16.0539],[112.4984,16.0559],[112.5549,16.0744],[112.5756,16.0787],[112.5958,16.0763],[112.5961,16.0698],[112.5741,16.0557]],[[112.4982,16.0456],[112.4752,16.0461],[112.4534,16.0362],[112.4479,16.0275],[112.4537,16.0173],[112.4711,16.0138],[112.4985,16.0176],[112.5306,16.028],[112.5545,16.0462],[112.5498,16.0565],[112.5352,16.0552],[112.4982,16.0456]]],[[[111.7715,16.0374],[111.7604,16.039],[111.7484,16.0481],[111.7484,16.0584],[111.7545,16.067],[111.7733,16.0785],[111.7921,16.0816],[111.8077,16.0797],[111.8203,16.0722],[111.8218,16.0629],[111.8061,16.0471],[111.7932,16.0406],[111.7715,16.0374]]],[[[107.8188,16.0576],[107.8229,16.0713],[107.8199,16.0806],[107.8336,16.0997],[107.8543,16.1155],[107.8578,16.1541],[107.8732,16.161],[107.8741,16.1713],[107.8667,16.1856],[107.8741,16.1975],[107.8853,16.2013],[107.9039,16.2149],[107.9114,16.2157],[107.9276,16.1998],[107.9311,16.1974],[107.9319,16.1971],[107.9478,16.1924],[107.9495,16.1913],[107.9663,16.1946],[107.9881,16.214],[107.9919,16.2112],[108.0055,16.2053],[108.0116,16.197],[108.0381,16.1906],[108.0405,16.1893],[108.0455,16.1867],[108.055,16.1806],[108.0644,16.1845],[108.0858,16.1826],[108.1049,16.1864],[108.1086,16.1843],[108.1136,16.1828],[108.1239,16.1845],[108.1432,16.1999],[108.157,16.2069],[108.1676,16.204],[108.1943,16.2094],[108.1945,16.2096],[108.1949,16.2004],[108.1787,16.1998],[108.1539,16.1873],[108.1515,16.1685],[108.1368,16.1582],[108.1396,16.1464],[108.1265,16.1425],[108.1248,16.1243],[108.1446,16.0975],[108.1632,16.0837],[108.1889,16.0741],[108.2025,16.0759],[108.2118,16.0894],[108.2403,16.1094],[108.2284,16.1172],[108.2151,16.1173],[108.2305,16.1473],[108.2474,16.1564],[108.2569,16.1534],[108.2734,16.1347],[108.2817,16.1387],[108.299,16.1263],[108.3085,16.1262],[108.3108,16.1425],[108.3242,16.1403],[108.3376,16.1191],[108.3114,16.1122],[108.31,16.0983],[108.2975,16.1049],[108.2803,16.0973],[108.2631,16.1016],[108.2549,16.0986],[108.2502,16.0889],[108.2466,16.0685],[108.2497,16.0494],[108.2638,16.0163],[108.2832,15.9776],[108.2935,15.9602],[108.3098,15.9389],[108.3297,15.9211],[108.3818,15.8899],[108.3931,15.8764],[108.4062,15.8717],[108.4042,15.8585],[108.4126,15.819],[108.4269,15.7849],[108.4464,15.7521],[108.4893,15.6835],[108.5257,15.6283],[108.5746,15.5636],[108.6183,15.5149],[108.6348,15.5041],[108.6508,15.4981],[108.6676,15.4996],[108.6768,15.4813],[108.6923,15.4825],[108.7012,15.4575],[108.6958,15.4428],[108.7068,15.4286],[108.739,15.3991],[108.7213,15.3748],[108.6724,15.3642],[108.6548,15.3687],[108.6345,15.3631],[108.6323,15.3589],[108.6026,15.3525],[108.6025,15.3458],[108.5707,15.3419],[108.5591,15.3342],[108.5448,15.3362],[108.5253,15.3203],[108.5077,15.3256],[108.4824,15.308],[108.4385,15.3123],[108.4116,15.3162],[108.4028,15.3084],[108.4033,15.3004],[108.3916,15.2988],[108.3787,15.3034],[108.3645,15.2956],[108.3222,15.3016],[108.3141,15.2981],[108.2994,15.279],[108.3061,15.2697],[108.3032,15.2585],[108.2907,15.2465],[108.2895,15.2337],[108.3085,15.2207],[108.3045,15.2097],[108.2922,15.2017],[108.3024,15.193],[108.2979,15.1701],[108.2831,15.153],[108.2783,15.137],[108.2581,15.1172],[108.2603,15.1038],[108.2572,15.0908],[108.2508,15.0841],[108.2351,15.0782],[108.2421,15.0649],[108.2381,15.0481],[108.2403,15.033],[108.2256,15.0294],[108.2084,15.0374],[108.1768,15.0601],[108.1622,15.0611],[108.1463,15.0456],[108.1517,15.0376],[108.1492,15.0225],[108.1622,14.9738],[108.1492,14.9624],[108.1181,14.9592],[108.1072,14.9514],[108.0881,14.9514],[108.0827,14.9665],[108.0633,14.9686],[108.0475,14.9921],[108.0173,15.0019],[108.0018,15.002],[107.9922,14.9983],[107.9654,15.0204],[107.9536,15.0484],[107.9551,15.0584],[107.9756,15.0688],[107.9805,15.0854],[107.9883,15.0945],[108.0044,15.1423],[107.9991,15.1566],[107.9908,15.1571],[107.9789,15.1665],[107.9504,15.1751],[107.9477,15.1875],[107.9376,15.1905],[107.9286,15.2091],[107.9146,15.212],[107.9001,15.2055],[107.8912,15.193],[107.8827,15.1966],[107.8725,15.2101],[107.8292,15.209],[107.8191,15.2164],[107.8089,15.2122],[107.7872,15.2189],[107.7782,15.2182],[107.771,15.2299],[107.7557,15.2365],[107.7393,15.2291],[107.7325,15.2533],[107.7286,15.2863],[107.7301,15.3081],[107.7073,15.3037],[107.6931,15.3175],[107.6906,15.3258],[107.669,15.3454],[107.6624,15.3568],[107.6617,15.3844],[107.6549,15.3972],[107.6429,15.4057],[107.6374,15.4158],[107.6239,15.4143],[107.6034,15.4214],[107.5649,15.3947],[107.5465,15.4056],[107.5305,15.4049],[107.5182,15.4168],[107.5268,15.4426],[107.5139,15.4738],[107.4883,15.4792],[107.4827,15.4887],[107.4661,15.4994],[107.4376,15.5036],[107.4152,15.4911],[107.3982,15.4927],[107.3819,15.4978],[107.3721,15.5379],[107.3647,15.5475],[107.3646,15.5696],[107.3532,15.5691],[107.3423,15.5755],[107.3533,15.5921],[107.3418,15.6043],[107.3431,15.6143],[107.3337,15.6227],[107.3163,15.6264],[107.2913,15.6235],[107.2754,15.6352],[107.2781,15.6497],[107.2647,15.6545],[107.2651,15.6636],[107.2756,15.6811],[107.2733,15.6861],[107.2771,15.7073],[107.2661,15.7122],[107.2663,15.7208],[107.2519,15.7218],[107.2542,15.7386],[107.2445,15.7454],[107.2133,15.7418],[107.2113,15.7559],[107.2171,15.7603],[107.2186,15.7762],[107.2294,15.7837],[107.2254,15.8006],[107.2164,15.8221],[107.2215,15.8358],[107.2361,15.8433],[107.2475,15.8384],[107.2575,15.8485],[107.2833,15.8576],[107.2902,15.8656],[107.3085,15.8695],[107.3208,15.8867],[107.3338,15.8878],[107.3478,15.8937],[107.3609,15.8931],[107.3711,15.899],[107.3809,15.8885],[107.3991,15.894],[107.4184,15.9244],[107.4275,15.9304],[107.4348,15.9608],[107.4641,16.0153],[107.4675,16.025],[107.4784,16.0364],[107.4955,16.0392],[107.5124,16.016],[107.5222,16.0166],[107.5446,16.0106],[107.5566,16.0163],[107.5605,16.0294],[107.5527,16.0416],[107.5714,16.055],[107.6024,16.0576],[107.6195,16.0634],[107.6249,16.046],[107.6216,16.0318],[107.633,16.0305],[107.6507,16.0192],[107.6644,16.0182],[107.6796,15.9982],[107.7076,15.9955],[107.7265,16.0117],[107.7266,16.0304],[107.7478,16.0427],[107.7574,16.0438],[107.7698,16.0516],[107.7754,16.0618],[107.7875,16.0675],[107.807,16.0533],[107.8188,16.0576]]],[[[108.2082,16.2234],[108.2074,16.2099],[108.197,16.2144],[108.2082,16.2234]]],[[[111.6971,16.2273],[111.6846,16.2378],[111.6937,16.2473],[111.7075,16.2454],[111.7043,16.2293],[111.6971,16.2273]]],[[[111.8021,16.2738],[111.8076,16.2598],[111.8013,16.2409],[111.7906,16.232],[111.7612,16.2152],[111.7366,16.2152],[111.7241,16.2199],[111.7211,16.2302],[111.73,16.2343],[111.7437,16.2309],[111.76,16.235],[111.7745,16.2484],[111.7758,16.2588],[111.7665,16.2691],[111.7421,16.2763],[111.7058,16.2779],[111.6668,16.2765],[111.6503,16.2702],[111.6037,16.2239],[111.5825,16.2073],[111.587,16.2009],[111.6054,16.204],[111.6484,16.2324],[111.6684,16.2341],[111.6677,16.2223],[111.6239,16.1932],[111.6026,16.1848],[111.5779,16.1825],[111.5665,16.187],[111.5594,16.1954],[111.561,16.2149],[111.5767,16.2308],[111.6086,16.2536],[111.6389,16.2834],[111.6561,16.29],[111.7495,16.2956],[111.77,16.2981],[111.7816,16.2949],[111.8021,16.2738]]],[[[112.0777,16.339],[112.0589,16.3322],[112.0378,16.3383],[112.0189,16.3407],[111.9912,16.3271],[111.9715,16.3207],[111.9527,16.3198],[111.9437,16.331],[111.9485,16.3431],[111.978,16.3589],[112.0127,16.3657],[112.0322,16.3656],[112.0649,16.3564],[112.0744,16.3503],[112.0777,16.339]]],[[[111.7114,16.4461],[111.6986,16.4559],[111.7062,16.4621],[111.7196,16.4567],[111.7114,16.4461]]],[[[111.5301,16.4389],[111.5173,16.4483],[111.5295,16.4612],[111.5486,16.4641],[111.5559,16.4542],[111.5483,16.4449],[111.5301,16.4389]]],[[[111.6091,16.4378],[111.5932,16.4435],[111.582,16.461],[111.5796,16.4742],[111.5888,16.489],[111.5985,16.4859],[111.6133,16.466],[111.6188,16.4495],[111.6091,16.4378]]],[[[111.7413,16.4431],[111.7347,16.4545],[111.7437,16.4758],[111.7541,16.4925],[111.755,16.5103],[111.7453,16.5254],[111.7568,16.5328],[111.7783,16.5094],[111.7736,16.4924],[111.7582,16.476],[111.7494,16.452],[111.7413,16.4431]]],[[[111.6156,16.5202],[111.605,16.5241],[111.6084,16.5398],[111.627,16.5483],[111.6387,16.5428],[111.6365,16.5286],[111.6156,16.5202]]],[[[111.6635,16.5448],[111.6475,16.5506],[111.6449,16.5642],[111.6568,16.5692],[111.6725,16.5703],[111.6797,16.5652],[111.6792,16.5503],[111.6635,16.5448]]],[[[111.7347,16.538],[111.7229,16.5389],[111.7092,16.5516],[111.704,16.5716],[111.7048,16.5842],[111.7145,16.5863],[111.7281,16.5753],[111.7377,16.5511],[111.7347,16.538]]],[[[112.7373,16.6575],[112.7207,16.6698],[112.7271,16.6768],[112.7394,16.6667],[112.7373,16.6575]]],[[[111.3808,16.7089],[111.3696,16.7105],[111.3606,16.7203],[111.3667,16.742],[111.3795,16.7465],[111.3964,16.7446],[111.4035,16.7351],[111.4032,16.7186],[111.3944,16.7103],[111.3808,16.7089]]],[[[112.3442,16.8383],[112.3372,16.8293],[112.3287,16.8304],[112.3194,16.8406],[112.3248,16.8486],[112.3431,16.8498],[112.3442,16.8383]]],[[[112.3274,16.9567],[112.3177,16.9571],[112.2973,16.9679],[112.3005,16.9734],[112.3274,16.9567]]],[[[112.2816,16.9761],[112.2456,16.9766],[112.2297,16.974],[112.2103,16.9669],[112.1939,16.9729],[112.1926,16.9831],[112.2111,16.9966],[112.23,17.0028],[112.2439,17.0023],[112.2641,16.9948],[112.2857,16.9815],[112.2816,16.9761]]],[[[111.5598,17.0978],[111.5556,17.0917],[111.5216,17.0759],[111.4916,17.0662],[111.4591,17.0661],[111.4453,17.0754],[111.444,17.0854],[111.4509,17.0936],[111.5098,17.114],[111.5354,17.1145],[111.5545,17.1086],[111.5598,17.0978]],[[111.4826,17.0817],[111.4983,17.083],[111.5083,17.0896],[111.5012,17.0991],[111.47,17.0908],[111.4826,17.0817]]],[[[108.5096,15.9707],[108.5159,15.9629],[108.5385,15.9547],[108.5392,15.938],[108.5301,15.9308],[108.5146,15.9387],[108.5069,15.9579],[108.4931,15.956],[108.4874,15.9679],[108.5044,15.9793],[108.5096,15.9707]]]]},"properties":{"Ma":"21","TinhThanh":"Đà Nẵng"}},{"type":"Feature","geometry":{"type":"Polygon","coordinates":[[[107.5604,12.7952],[107.5527,12.8056],[107.5546,12.8171],[107.5458,12.8216],[107.5409,12.8349],[107.527,12.8398],[107.5209,12.8545],[107.5122,12.8565],[107.5114,12.8693],[107.4986,12.8777],[107.4967,12.8929],[107.4914,12.8979],[107.5015,12.9148],[107.4962,12.9192],[107.4926,12.9379],[107.4846,12.9433],[107.4872,12.9698],[107.4978,12.9822],[107.4983,12.998],[107.4915,13.0009],[107.4941,13.025],[107.4903,13.0338],[107.5125,13.0861],[107.6066,13.3043],[107.6161,13.312],[107.6295,13.3149],[107.6411,13.3289],[107.6498,13.3268],[107.6492,13.3408],[107.7044,13.3749],[107.7101,13.3697],[107.7376,13.3671],[107.7482,13.3634],[107.7603,13.3701],[107.7643,13.3649],[107.7863,13.3759],[107.7979,13.3885],[107.8087,13.3949],[107.8162,13.3928],[107.8392,13.4005],[107.8517,13.3893],[107.8765,13.3936],[107.8866,13.3849],[107.9072,13.3889],[107.9232,13.3791],[107.9438,13.3745],[107.9524,13.3856],[107.9649,13.3797],[107.9818,13.3852],[107.9894,13.3919],[108.0083,13.3809],[108.0219,13.387],[108.0267,13.3948],[108.0411,13.3993],[108.0534,13.4123],[108.0694,13.4093],[108.0727,13.4],[108.1089,13.4124],[108.1443,13.4076],[108.1509,13.4005],[108.1624,13.4004],[108.1778,13.3837],[108.1977,13.3786],[108.2131,13.3682],[108.2361,13.3718],[108.258,13.3694],[108.2641,13.3723],[108.2795,13.3626],[108.2881,13.3508],[108.2967,13.3517],[108.3161,13.3469],[108.3529,13.3297],[108.3725,13.3025],[108.3769,13.2669],[108.3872,13.2574],[108.3973,13.2555],[108.4054,13.2604],[108.4109,13.2477],[108.4192,13.2433],[108.4162,13.221],[108.4236,13.1977],[108.4368,13.1793],[108.4638,13.1624],[108.4607,13.1548],[108.4673,13.1357],[108.457,13.1268],[108.4653,13.1169],[108.4726,13.1183],[108.4922,13.1069],[108.4992,13.0858],[108.5192,13.0713],[108.5112,13.0453],[108.5131,13.0344],[108.5371,13.0324],[108.5676,13.0197],[108.5784,13.0285],[108.5922,13.0292],[108.6005,13.0179],[108.6131,13.0081],[108.6451,13.0105],[108.6594,12.9988],[108.6676,13.0045],[108.6819,12.9993],[108.6927,13.0168],[108.7144,13.0174],[108.7567,13.0331],[108.7492,13.0918],[108.7589,13.1129],[108.7677,13.118],[108.7595,13.1287],[108.7867,13.1415],[108.796,13.1416],[108.7974,13.1523],[108.8134,13.1589],[108.8245,13.1548],[108.8272,13.1646],[108.8374,13.1617],[108.8438,13.1807],[108.8499,13.1819],[108.8503,13.2173],[108.8636,13.2251],[108.8704,13.2458],[108.8678,13.2604],[108.8731,13.2786],[108.8526,13.293],[108.84,13.3231],[108.8081,13.357],[108.8037,13.3901],[108.8069,13.3926],[108.804,13.4189],[108.8057,13.4344],[108.7965,13.4519],[108.7905,13.4531],[108.7957,13.4711],[108.7734,13.4668],[108.7576,13.4591],[108.7351,13.4568],[108.726,13.4633],[108.7126,13.4642],[108.7149,13.4729],[108.7034,13.4846],[108.7124,13.4997],[108.7141,13.5177],[108.7271,13.5196],[108.7328,13.5292],[108.7361,13.5482],[108.7479,13.5561],[108.7491,13.5668],[108.7672,13.5612],[108.7853,13.5776],[108.8147,13.5763],[108.8276,13.5644],[108.8448,13.5638],[108.8511,13.569],[108.8575,13.5527],[108.87,13.5459],[108.868,13.5346],[108.8883,13.5369],[108.8942,13.541],[108.9227,13.5399],[108.9618,13.5176],[108.9944,13.5165],[108.999,13.5229],[109.0178,13.5256],[109.0279,13.5306],[109.0334,13.5423],[109.0527,13.5688],[109.0779,13.5671],[109.0933,13.5718],[109.1009,13.5832],[109.1131,13.5915],[109.1177,13.602],[109.1154,13.614],[109.1269,13.6201],[109.1227,13.6322],[109.1245,13.6439],[109.144,13.63],[109.1524,13.6338],[109.1514,13.6544],[109.1563,13.6784],[109.1814,13.6828],[109.1909,13.6935],[109.2036,13.6919],[109.2076,13.6803],[109.226,13.6784],[109.2336,13.6698],[109.233,13.6549],[109.2267,13.6387],[109.2348,13.622],[109.2489,13.6],[109.2604,13.5871],[109.2816,13.5724],[109.2917,13.5732],[109.2879,13.5587],[109.2763,13.5447],[109.2789,13.5336],[109.2951,13.5264],[109.3018,13.519],[109.2902,13.5075],[109.2879,13.4958],[109.2927,13.4829],[109.3033,13.4681],[109.3195,13.4634],[109.3155,13.4534],[109.3198,13.4439],[109.3106,13.4383],[109.3096,13.4175],[109.299,13.4107],[109.2893,13.4155],[109.2658,13.4151],[109.259,13.4262],[109.2722,13.433],[109.2932,13.4502],[109.288,13.462],[109.2791,13.4627],[109.2665,13.4796],[109.2524,13.4832],[109.2475,13.4938],[109.2284,13.4804],[109.2331,13.4706],[109.2251,13.4596],[109.2226,13.4414],[109.2284,13.4313],[109.2255,13.4201],[109.2312,13.4132],[109.2258,13.39],[109.2354,13.3933],[109.2443,13.3861],[109.2491,13.3678],[109.2646,13.356],[109.2759,13.3659],[109.2944,13.3635],[109.2956,13.3548],[109.2827,13.3241],[109.2854,13.3119],[109.2966,13.2894],[109.3134,13.2661],[109.3157,13.2545],[109.3039,13.2506],[109.305,13.2313],[109.2932,13.2146],[109.3035,13.1893],[109.2931,13.1661],[109.2949,13.1426],[109.3012,13.1268],[109.3171,13.1037],[109.3313,13.0878],[109.336,13.0756],[109.3605,13.0324],[109.3767,13.0078],[109.4056,12.9716],[109.4272,12.948],[109.4304,12.9357],[109.4433,12.9183],[109.4547,12.9144],[109.4544,12.888],[109.4518,12.8788],[109.4536,12.8622],[109.4385,12.8572],[109.4268,12.8468],[109.4203,12.8504],[109.4379,12.8693],[109.4303,12.8813],[109.4212,12.8732],[109.4008,12.8663],[109.4032,12.8593],[109.3884,12.8431],[109.3714,12.8622],[109.3491,12.8567],[109.3265,12.8407],[109.3153,12.8385],[109.3005,12.841],[109.2814,12.8323],[109.2685,12.8322],[109.2586,12.8382],[109.226,12.8128],[109.2076,12.8298],[109.163,12.8239],[109.1597,12.8144],[109.1407,12.7826],[109.1244,12.7954],[109.116,12.7972],[109.1068,12.7722],[109.0901,12.76],[109.0923,12.7512],[109.0814,12.7424],[109.0652,12.7522],[109.0596,12.7439],[109.0466,12.7467],[109.0379,12.736],[109.0244,12.7357],[109.0133,12.7292],[109.0134,12.7183],[108.9909,12.7048],[108.9891,12.6906],[108.9792,12.6839],[108.9635,12.6844],[108.9427,12.6943],[108.9189,12.6792],[108.9017,12.672],[108.914,12.6614],[108.9116,12.6411],[108.895,12.6242],[108.8749,12.6252],[108.8621,12.6076],[108.8631,12.5949],[108.8921,12.5803],[108.8973,12.5643],[108.8908,12.5461],[108.8805,12.5386],[108.8734,12.5269],[108.8768,12.5173],[108.8583,12.4917],[108.8772,12.4812],[108.8632,12.4532],[108.8368,12.463],[108.8143,12.4832],[108.7986,12.4818],[108.7913,12.4999],[108.7786,12.5059],[108.763,12.498],[108.7511,12.4976],[108.7476,12.4798],[108.7376,12.4763],[108.7149,12.4842],[108.6999,12.4725],[108.6988,12.4613],[108.6727,12.4315],[108.6693,12.4227],[108.6784,12.4084],[108.6728,12.4018],[108.686,12.3875],[108.6875,12.3644],[108.677,12.348],[108.6853,12.3233],[108.6805,12.3166],[108.6764,12.3088],[108.6628,12.2976],[108.624,12.2887],[108.5961,12.2767],[108.5724,12.2898],[108.5407,12.297],[108.5397,12.2846],[108.5314,12.2791],[108.5086,12.2778],[108.4989,12.2851],[108.4929,12.3046],[108.4811,12.3029],[108.4722,12.2884],[108.46,12.2759],[108.4413,12.2745],[108.4412,12.2637],[108.4273,12.2517],[108.3997,12.2424],[108.3875,12.2411],[108.3699,12.2541],[108.356,12.2548],[108.3474,12.2478],[108.3363,12.2483],[108.332,12.2308],[108.3112,12.2181],[108.3004,12.2085],[108.278,12.2144],[108.2721,12.2047],[108.2598,12.2005],[108.2483,12.1786],[108.2548,12.1735],[108.2393,12.1625],[108.238,12.176],[108.2179,12.1835],[108.2093,12.1726],[108.1973,12.1773],[108.1849,12.1742],[108.1812,12.1847],[108.1685,12.1883],[108.1631,12.1966],[108.1533,12.1883],[108.1202,12.1752],[108.1129,12.1844],[108.1136,12.194],[108.1064,12.2051],[108.0963,12.2106],[108.0861,12.225],[108.0856,12.2407],[108.0746,12.2512],[108.0678,12.2647],[108.0515,12.2658],[108.0397,12.2893],[108.019,12.2918],[108.016,12.3026],[108.0051,12.2963],[107.9998,12.304],[107.9738,12.297],[107.9711,12.311],[107.9524,12.3188],[107.9435,12.3279],[107.9431,12.336],[107.9337,12.3432],[107.9309,12.3545],[107.9345,12.3674],[107.9284,12.3803],[107.9218,12.3804],[107.9128,12.3983],[107.9242,12.4211],[107.9437,12.4369],[107.9533,12.4417],[107.9656,12.4364],[107.9843,12.4459],[107.995,12.4704],[108.0011,12.4752],[107.9915,12.4852],[107.9915,12.492],[107.9795,12.4964],[107.9737,12.5085],[107.9399,12.5274],[107.9049,12.5285],[107.8862,12.5446],[107.8955,12.5529],[107.8928,12.5637],[107.908,12.5754],[107.9309,12.5823],[107.9342,12.5979],[107.9285,12.6005],[107.9293,12.615],[107.9208,12.619],[107.9206,12.6453],[107.908,12.646],[107.9146,12.6588],[107.9045,12.675],[107.9122,12.6925],[107.8953,12.7108],[107.8991,12.7247],[107.9076,12.7314],[107.9091,12.7431],[107.8897,12.7467],[107.8605,12.7565],[107.8555,12.7646],[107.8535,12.7806],[107.8628,12.7992],[107.8487,12.8121],[107.8236,12.8001],[107.8167,12.79],[107.8029,12.7799],[107.7704,12.7777],[107.7316,12.782],[107.7245,12.7852],[107.6889,12.7899],[107.6611,12.7985],[107.643,12.7955],[107.6345,12.8037],[107.613,12.7989],[107.6011,12.8023],[107.59,12.7947],[107.5758,12.7979],[107.5604,12.7952]]]},"properties":{"Ma":"25","TinhThanh":"Đắk Lắk"}},{"type":"Feature","geometry":{"type":"Polygon","coordinates":[[[102.3218,22.5473],[102.3398,22.5273],[102.3389,22.5176],[102.3485,22.5045],[102.3474,22.4895],[102.3569,22.4904],[102.361,22.4771],[102.3868,22.4675],[102.3936,22.4496],[102.3981,22.4186],[102.3877,22.412],[102.4105,22.3884],[102.4245,22.3825],[102.4265,22.3711],[102.4492,22.3612],[102.4572,22.3501],[102.4562,22.3427],[102.4736,22.3278],[102.4748,22.3206],[102.4911,22.3027],[102.4903,22.2978],[102.5094,22.2793],[102.5147,22.261],[102.5341,22.246],[102.5538,22.2435],[102.5636,22.2601],[102.5793,22.2606],[102.6047,22.2394],[102.6186,22.2358],[102.6172,22.2031],[102.6401,22.1771],[102.661,22.175],[102.6771,22.169],[102.6944,22.1971],[102.6979,22.209],[102.6875,22.2366],[102.6625,22.2536],[102.6765,22.2619],[102.6954,22.2452],[102.7291,22.2382],[102.7469,22.2188],[102.7517,22.2038],[102.7469,22.177],[102.737,22.1639],[102.7436,22.1309],[102.7678,22.1172],[102.7808,22.099],[102.7778,22.0885],[102.8283,22.0637],[102.855,22.0656],[102.8619,22.0612],[102.868,22.0779],[102.8793,22.0802],[102.897,22.0761],[102.9132,22.0912],[102.9255,22.0917],[102.9347,22.0841],[102.93,22.0686],[102.944,22.0661],[102.9472,22.059],[102.9604,22.0501],[102.9614,22.0378],[102.9699,22.0297],[102.9903,22.0286],[102.994,22.0434],[103.0034,22.0502],[103.0224,22.056],[103.039,22.0477],[103.0561,22.0533],[103.0647,22.063],[103.0767,22.0575],[103.0949,22.0577],[103.0897,22.0701],[103.0997,22.0871],[103.1026,22.1018],[103.1218,22.095],[103.1333,22.0739],[103.1473,22.0672],[103.1506,22.0751],[103.1758,22.0766],[103.2,22.0679],[103.2111,22.0703],[103.2253,22.0637],[103.2436,22.0491],[103.2773,22.039],[103.2912,22.0432],[103.2882,22.0557],[103.2734,22.0723],[103.2834,22.0875],[103.2846,22.1034],[103.2933,22.1127],[103.3089,22.116],[103.3064,22.125],[103.3169,22.1342],[103.3188,22.1421],[103.3368,22.1542],[103.3553,22.1526],[103.3892,22.1569],[103.3942,22.1391],[103.4049,22.129],[103.4066,22.1151],[103.4199,22.075],[103.431,22.0649],[103.4341,22.056],[103.4534,22.0539],[103.4685,22.0269],[103.4555,22.0172],[103.4523,22.0094],[103.4646,21.9967],[103.4751,21.979],[103.4968,21.9698],[103.5055,21.9552],[103.4984,21.9446],[103.4845,21.9383],[103.4795,21.9087],[103.4828,21.895],[103.4948,21.8752],[103.5068,21.8728],[103.5223,21.8615],[103.53,21.8421],[103.5295,21.8332],[103.5399,21.8279],[103.5396,21.8121],[103.5477,21.7988],[103.5411,21.7774],[103.5598,21.76],[103.5614,21.7493],[103.5726,21.7396],[103.5863,21.7001],[103.5987,21.683],[103.5841,21.6852],[103.5679,21.6778],[103.5571,21.656],[103.5416,21.6456],[103.5508,21.6326],[103.5599,21.6266],[103.5479,21.6023],[103.5427,21.6025],[103.5305,21.5867],[103.5341,21.5686],[103.5192,21.565],[103.5226,21.548],[103.5171,21.5328],[103.5031,21.5337],[103.4849,21.5207],[103.4636,21.5197],[103.4517,21.5018],[103.4478,21.4856],[103.4542,21.4802],[103.4568,21.4576],[103.4427,21.4322],[103.4181,21.4267],[103.3919,21.4368],[103.3749,21.4278],[103.354,21.4247],[103.3417,21.4275],[103.3369,21.4107],[103.3402,21.3999],[103.3586,21.3883],[103.3626,21.3718],[103.3884,21.3676],[103.3882,21.3612],[103.3716,21.3407],[103.3697,21.3315],[103.3798,21.329],[103.399,21.3169],[103.4142,21.3196],[103.4327,21.3107],[103.4413,21.2819],[103.4393,21.2637],[103.4308,21.2519],[103.4366,21.2413],[103.4316,21.2242],[103.4329,21.2066],[103.4379,21.1907],[103.4338,21.1691],[103.4281,21.163],[103.4146,21.1687],[103.4059,21.1565],[103.3964,21.1511],[103.4006,21.1299],[103.4023,21.1046],[103.4087,21.0874],[103.4243,21.0713],[103.4221,21.0649],[103.4042,21.0603],[103.3936,21.0633],[103.371,21.0627],[103.3666,21.0702],[103.3346,21.0914],[103.2941,21.0985],[103.2865,21.0933],[103.2934,21.0753],[103.3018,21.0629],[103.2749,21.0567],[103.2759,21.0445],[103.2861,21.0353],[103.292,21.017],[103.281,20.9991],[103.2898,20.9948],[103.2941,20.9764],[103.3002,20.9643],[103.2999,20.9458],[103.2894,20.9476],[103.2773,20.9379],[103.2784,20.9204],[103.2897,20.908],[103.2769,20.8973],[103.2671,20.9017],[103.2457,20.892],[103.2172,20.8955],[103.2103,20.902],[103.1932,20.9016],[103.1821,20.9048],[103.1699,20.9147],[103.1578,20.9057],[103.1244,20.9065],[103.1181,20.8963],[103.1096,20.9015],[103.1124,20.9128],[103.1062,20.9192],[103.1047,20.935],[103.0927,20.9355],[103.0843,20.9446],[103.0854,20.9712],[103.0721,20.9815],[103.0707,20.9926],[103.0606,21.0006],[103.0507,21.0265],[103.0399,21.0376],[103.0364,21.0548],[103.0141,21.065],[103.0019,21.0603],[102.9884,21.0621],[102.9692,21.0704],[102.9616,21.0823],[102.9675,21.0985],[102.9609,21.1144],[102.9399,21.129],[102.9499,21.1389],[102.9385,21.1542],[102.9275,21.162],[102.9043,21.1663],[102.9106,21.1813],[102.9055,21.1893],[102.9108,21.206],[102.9083,21.2247],[102.8945,21.2433],[102.864,21.2576],[102.8393,21.247],[102.8236,21.2455],[102.8118,21.2534],[102.8076,21.2636],[102.8334,21.2824],[102.8518,21.2996],[102.8842,21.2994],[102.8969,21.3032],[102.9001,21.3174],[102.8917,21.3309],[102.8966,21.3865],[102.9086,21.3944],[102.9167,21.4064],[102.9313,21.4448],[102.9261,21.4567],[102.9137,21.4446],[102.9139,21.4374],[102.8926,21.4322],[102.8846,21.4253],[102.8703,21.4281],[102.8858,21.4496],[102.8836,21.4617],[102.9033,21.4763],[102.9146,21.4946],[102.9135,21.5031],[102.9392,21.5258],[102.9464,21.5362],[102.9612,21.5468],[102.9587,21.554],[102.9688,21.5667],[102.9794,21.5723],[102.9928,21.5903],[102.9847,21.6056],[102.9897,21.6225],[102.9827,21.6345],[102.9812,21.648],[102.9868,21.6609],[102.9902,21.6825],[102.9789,21.6966],[102.9897,21.7103],[102.9855,21.7265],[102.9732,21.7364],[102.9695,21.7464],[102.9549,21.7289],[102.9294,21.7239],[102.8867,21.7128],[102.8815,21.7051],[102.8572,21.7209],[102.8552,21.7395],[102.8611,21.7541],[102.8603,21.7977],[102.855,21.8107],[102.8529,21.84],[102.8433,21.8465],[102.8177,21.8401],[102.8109,21.825],[102.8206,21.7977],[102.8158,21.7909],[102.8212,21.7772],[102.8209,21.7605],[102.8265,21.7356],[102.8158,21.7316],[102.7998,21.7083],[102.7888,21.7069],[102.7711,21.6888],[102.7623,21.6746],[102.749,21.6639],[102.7364,21.659],[102.7239,21.6644],[102.7092,21.6647],[102.6754,21.6554],[102.6741,21.665],[102.6633,21.6805],[102.6679,21.6862],[102.6604,21.7105],[102.6534,21.7196],[102.6487,21.735],[102.6508,21.7677],[102.6571,21.7743],[102.6633,21.7907],[102.6593,21.8],[102.6483,21.8081],[102.6508,21.8264],[102.6426,21.8484],[102.6466,21.8556],[102.631,21.8632],[102.6286,21.8692],[102.6123,21.8748],[102.6145,21.8939],[102.6203,21.8996],[102.6151,21.9148],[102.605,21.9235],[102.5863,21.9275],[102.5219,21.9659],[102.5054,21.9731],[102.4886,21.9967],[102.4941,22.0126],[102.5071,22.0148],[102.52,22.0239],[102.5188,22.0324],[102.5093,22.0373],[102.4972,22.0357],[102.4838,22.0428],[102.4697,22.062],[102.4415,22.0785],[102.4403,22.1032],[102.4322,22.1165],[102.4225,22.116],[102.4116,22.1241],[102.3845,22.1306],[102.3835,22.1501],[102.3581,22.1666],[102.3478,22.163],[102.3357,22.1658],[102.336,22.1834],[102.3313,22.1956],[102.3102,22.2082],[102.2801,22.2057],[102.279,22.2198],[102.2617,22.2338],[102.2423,22.2385],[102.2415,22.2551],[102.232,22.2654],[102.2321,22.2848],[102.2121,22.2873],[102.1904,22.3027],[102.1779,22.3051],[102.1818,22.3232],[102.1962,22.3363],[102.1793,22.339],[102.1685,22.3505],[102.1642,22.361],[102.1716,22.3711],[102.1592,22.3848],[102.1527,22.3868],[102.145,22.3993],[102.1544,22.417],[102.1538,22.4244],[102.1852,22.4361],[102.2069,22.4283],[102.2132,22.4315],[102.2376,22.4281],[102.2631,22.4147],[102.2663,22.431],[102.2576,22.4421],[102.2517,22.4636],[102.2632,22.467],[102.2639,22.4792],[102.2882,22.5041],[102.2998,22.5296],[102.3218,22.5473]]]},"properties":{"Ma":"13","TinhThanh":"Điện Biên"}},{"type":"Feature","geometry":{"type":"Polygon","coordinates":[[[106.4236,11.4952],[106.4225,11.5064],[106.428,11.5124],[106.4269,11.5327],[106.4408,11.5463],[106.4555,11.5415],[106.475,11.549],[106.4905,11.5705],[106.4893,11.5834],[106.4831,11.5948],[106.4866,11.603],[106.4697,11.6138],[106.4644,11.6398],[106.4535,11.6535],[106.4517,11.6712],[106.4533,11.6907],[106.4377,11.7061],[106.4348,11.7187],[106.422,11.7387],[106.4165,11.76],[106.4165,11.774],[106.4342,11.7998],[106.4406,11.8173],[106.4481,11.8272],[106.4382,11.8391],[106.4408,11.8585],[106.4662,11.8701],[106.4419,11.919],[106.4153,11.9674],[106.4334,11.9733],[106.4442,11.9868],[106.4623,11.9848],[106.4687,11.9738],[106.493,11.9691],[106.5082,11.9763],[106.5236,11.9798],[106.5311,11.9684],[106.5898,11.973],[106.6281,11.9747],[106.6383,11.9732],[106.6452,11.9652],[106.6578,11.9637],[106.6493,11.9788],[106.6566,11.9875],[106.6839,11.9644],[106.699,11.9686],[106.7102,11.9678],[106.7255,11.9801],[106.7452,12.0006],[106.7482,12.0188],[106.756,12.025],[106.7772,12.0594],[106.7817,12.0705],[106.7922,12.082],[106.8114,12.079],[106.8262,12.0816],[106.8382,12.0727],[106.8471,12.0733],[106.8554,12.066],[106.8702,12.0735],[106.8861,12.0737],[106.8967,12.0673],[106.9108,12.0679],[106.9156,12.0625],[106.945,12.0673],[106.965,12.0822],[107,12.0949],[107.0019,12.1052],[107.0118,12.1087],[107.0121,12.1199],[107.0258,12.1207],[107.0372,12.1314],[107.0445,12.1315],[107.0588,12.1602],[107.0794,12.164],[107.0722,12.1818],[107.0757,12.1888],[107.0871,12.1868],[107.0981,12.1914],[107.1005,12.2064],[107.1099,12.2148],[107.1296,12.2243],[107.1525,12.2675],[107.1516,12.2758],[107.1759,12.2808],[107.1913,12.2954],[107.2063,12.2955],[107.2241,12.181],[107.2295,12.1351],[107.2217,12.1259],[107.2283,12.1156],[107.2401,12.1144],[107.2318,12.0988],[107.2294,12.0862],[107.233,12.0612],[107.2316,12.0525],[107.2368,12.037],[107.2455,12.0348],[107.2523,12.021],[107.2697,12.014],[107.2837,12.0181],[107.2986,12.0091],[107.3223,12.0047],[107.332,11.9946],[107.3569,11.9522],[107.3543,11.9419],[107.3813,11.9227],[107.3949,11.8964],[107.4012,11.8897],[107.4054,11.8685],[107.4186,11.8654],[107.4263,11.8571],[107.4217,11.8448],[107.4046,11.815],[107.4096,11.8069],[107.3931,11.7949],[107.3971,11.7854],[107.3958,11.7707],[107.3868,11.773],[107.3719,11.7702],[107.353,11.7527],[107.3357,11.7479],[107.3253,11.7491],[107.3152,11.7404],[107.3011,11.7394],[107.297,11.73],[107.2854,11.7241],[107.2849,11.6875],[107.2785,11.682],[107.2666,11.6623],[107.2728,11.6511],[107.2726,11.6358],[107.2878,11.6309],[107.3044,11.6175],[107.3008,11.606],[107.3066,11.5986],[107.2973,11.5858],[107.3017,11.5706],[107.3117,11.5536],[107.3327,11.5541],[107.3385,11.5441],[107.3566,11.559],[107.3785,11.544],[107.3761,11.5239],[107.4097,11.5284],[107.4137,11.5163],[107.4262,11.5173],[107.4412,11.5109],[107.4529,11.502],[107.4549,11.4924],[107.4671,11.4822],[107.461,11.472],[107.4621,11.463],[107.4509,11.4586],[107.4458,11.4475],[107.4306,11.4405],[107.4372,11.4308],[107.4462,11.4295],[107.4749,11.4363],[107.4887,11.4233],[107.4854,11.4055],[107.4876,11.3963],[107.4971,11.3869],[107.513,11.3846],[107.5189,11.3707],[107.5345,11.3556],[107.5434,11.3599],[107.5413,11.3412],[107.5351,11.3247],[107.5193,11.3139],[107.5241,11.2995],[107.5184,11.2841],[107.5233,11.2731],[107.5242,11.2518],[107.5163,11.2508],[107.4983,11.2272],[107.4893,11.2249],[107.4882,11.2161],[107.4741,11.2021],[107.4715,11.1855],[107.4609,11.1769],[107.4621,11.1683],[107.4548,11.1599],[107.4563,11.1495],[107.4454,11.1461],[107.4347,11.1365],[107.454,11.1109],[107.4462,11.0915],[107.4228,11.0737],[107.4246,11.0617],[107.4151,11.0501],[107.4282,11.0333],[107.4473,11.0284],[107.4491,11.0214],[107.4652,11.0158],[107.4743,11.0067],[107.4957,11.0143],[107.5273,10.9959],[107.5427,10.9783],[107.5602,10.9366],[107.5597,10.8674],[107.5735,10.8472],[107.5771,10.8327],[107.5702,10.811],[107.5545,10.7934],[107.522,10.7735],[107.505,10.7714],[107.4962,10.7674],[107.4831,10.7709],[107.4709,10.7935],[107.4579,10.7914],[107.4536,10.803],[107.4444,10.8043],[107.426,10.7867],[107.4202,10.7743],[107.4098,10.7746],[107.3944,10.763],[107.3829,10.7507],[107.3718,10.732],[107.361,10.7282],[107.3585,10.716],[107.3483,10.705],[107.3538,10.6964],[107.3459,10.6758],[107.3317,10.6774],[107.3162,10.669],[107.3,10.6834],[107.3071,10.6962],[107.3008,10.7018],[107.3053,10.7131],[107.3005,10.755],[107.2439,10.7564],[107.2313,10.7642],[107.2212,10.757],[107.2065,10.7581],[107.2068,10.7746],[107.1893,10.772],[107.1695,10.7537],[107.1544,10.7442],[107.139,10.7415],[107.1397,10.7104],[107.1338,10.6851],[107.1214,10.6734],[107.101,10.6631],[107.0966,10.6521],[107.0666,10.6535],[107.0444,10.6575],[107.0132,10.6434],[106.9992,10.6347],[106.9973,10.6236],[107.0067,10.61],[106.9913,10.6054],[106.986,10.5955],[106.9839,10.5794],[106.9597,10.5938],[106.9406,10.597],[106.9211,10.6098],[106.9098,10.6098],[106.9034,10.6248],[106.8847,10.6408],[106.8727,10.6479],[106.8585,10.6367],[106.8512,10.6398],[106.8404,10.6356],[106.8376,10.627],[106.8239,10.629],[106.814,10.6405],[106.8071,10.6575],[106.7828,10.6731],[106.7727,10.6763],[106.7575,10.6938],[106.7509,10.7135],[106.7538,10.7248],[106.7762,10.7487],[106.799,10.7589],[106.8164,10.7799],[106.8248,10.7786],[106.8236,10.7603],[106.8379,10.7715],[106.8482,10.7754],[106.865,10.7645],[106.874,10.7681],[106.8661,10.7828],[106.8665,10.7908],[106.8782,10.8005],[106.8801,10.8169],[106.8567,10.8427],[106.8467,10.8655],[106.8511,10.8763],[106.8437,10.8838],[106.8383,10.9033],[106.8312,10.9065],[106.8162,10.9036],[106.8121,10.9176],[106.7941,10.9237],[106.7708,10.9428],[106.769,10.9518],[106.7758,10.9593],[106.7965,10.974],[106.7816,10.987],[106.7745,11.0053],[106.7846,11.0177],[106.808,11.0261],[106.8131,11.0325],[106.8107,11.0431],[106.8004,11.0522],[106.8019,11.0596],[106.8214,11.0651],[106.8287,11.0636],[106.8396,11.0403],[106.8591,11.0321],[106.8727,11.0198],[106.8907,11.0269],[106.9067,11.0219],[106.9148,11.0432],[106.9325,11.0645],[106.9408,11.0574],[106.948,11.0598],[106.9525,11.071],[106.946,11.0764],[106.9472,11.0899],[106.9574,11.1063],[106.9652,11.1081],[106.9539,11.1308],[106.9559,11.1527],[106.9536,11.1635],[106.9333,11.1891],[106.9056,11.1943],[106.9071,11.2033],[106.9183,11.221],[106.9107,11.2412],[106.9236,11.2418],[106.9282,11.2487],[106.9256,11.2671],[106.9392,11.2922],[106.9372,11.3056],[106.943,11.3168],[106.9512,11.3217],[106.9511,11.3375],[106.9398,11.3515],[106.9298,11.3553],[106.9081,11.3536],[106.9003,11.3406],[106.885,11.3404],[106.8716,11.326],[106.8746,11.3093],[106.859,11.3152],[106.8554,11.3289],[106.8631,11.3384],[106.8568,11.3459],[106.8585,11.3608],[106.8546,11.3767],[106.8418,11.3749],[106.8252,11.3832],[106.8137,11.3762],[106.8024,11.3804],[106.7852,11.38],[106.786,11.3989],[106.7736,11.399],[106.7693,11.4081],[106.7696,11.4261],[106.7794,11.427],[106.7908,11.4351],[106.8053,11.4504],[106.8079,11.4613],[106.8031,11.4812],[106.7909,11.492],[106.7753,11.4827],[106.7539,11.4766],[106.7501,11.4679],[106.7534,11.4466],[106.7421,11.4409],[106.741,11.4332],[106.7291,11.4327],[106.7261,11.4238],[106.7108,11.4077],[106.7047,11.3971],[106.6968,11.403],[106.6793,11.3851],[106.6772,11.3627],[106.6713,11.3537],[106.6514,11.3597],[106.6329,11.3588],[106.6161,11.3633],[106.6132,11.3874],[106.5995,11.3864],[106.592,11.3807],[106.5761,11.3786],[106.5631,11.3706],[106.5531,11.3731],[106.5393,11.3878],[106.5479,11.4033],[106.5422,11.4233],[106.5459,11.4335],[106.5646,11.4448],[106.5732,11.4566],[106.5564,11.4849],[106.5456,11.4682],[106.5401,11.4676],[106.5216,11.4818],[106.514,11.4826],[106.4887,11.4996],[106.4771,11.4959],[106.4362,11.5006],[106.4236,11.4952]]]},"properties":{"Ma":"28","TinhThanh":"Đồng Nai"}},{"type":"Feature","geometry":{"type":"Polygon","coordinates":[[[105.4954,10.3253],[105.4877,10.3346],[105.4907,10.3448],[105.4999,10.3541],[105.521,10.3634],[105.529,10.3782],[105.5238,10.3994],[105.5316,10.4076],[105.5448,10.4128],[105.5489,10.4296],[105.5548,10.4343],[105.574,10.4287],[105.5753,10.4474],[105.5736,10.4685],[105.5577,10.5081],[105.5502,10.5213],[105.532,10.5378],[105.5132,10.547],[105.4884,10.5423],[105.4823,10.5357],[105.4684,10.5403],[105.4458,10.5528],[105.4188,10.5497],[105.4087,10.5542],[105.3966,10.5671],[105.3752,10.5714],[105.3687,10.5763],[105.3469,10.6238],[105.3413,10.641],[105.3379,10.6686],[105.3507,10.7127],[105.3425,10.7219],[105.3342,10.7233],[105.3057,10.7168],[105.2947,10.7166],[105.2799,10.722],[105.2784,10.7337],[105.3,10.747],[105.2997,10.7622],[105.2691,10.766],[105.2596,10.7745],[105.2622,10.7949],[105.2546,10.8024],[105.2371,10.8048],[105.2195,10.8266],[105.2095,10.8495],[105.1993,10.8453],[105.1903,10.8551],[105.1863,10.8747],[105.1854,10.8969],[105.189,10.9118],[105.1981,10.9116],[105.2156,10.8996],[105.2402,10.892],[105.265,10.8961],[105.2747,10.8888],[105.2911,10.8835],[105.3383,10.8597],[105.3482,10.8683],[105.3532,10.8788],[105.3685,10.8884],[105.3728,10.9031],[105.3795,10.9023],[105.3846,10.9169],[105.4059,10.9336],[105.4234,10.9648],[105.4334,10.973],[105.4424,10.96],[105.4554,10.9555],[105.4646,10.9642],[105.4785,10.962],[105.4831,10.9523],[105.4993,10.953],[105.5163,10.9224],[105.5474,10.9099],[105.5826,10.8919],[105.6127,10.832],[105.5959,10.8306],[105.6256,10.8034],[105.7806,10.6587],[105.8079,10.6536],[105.8347,10.6383],[105.8682,10.5925],[105.91,10.5386],[105.9981,10.5326],[106.086,10.5237],[106.1024,10.5228],[106.1012,10.5758],[106.1965,10.5804],[106.2047,10.5792],[106.286,10.587],[106.3106,10.5656],[106.3184,10.5707],[106.3389,10.5481],[106.349,10.5407],[106.3478,10.5304],[106.3559,10.5225],[106.3695,10.518],[106.3705,10.4877],[106.3892,10.4764],[106.404,10.4918],[106.417,10.4881],[106.4174,10.4819],[106.4421,10.466],[106.4506,10.4535],[106.4273,10.4339],[106.4179,10.4348],[106.4263,10.4144],[106.4536,10.4118],[106.4645,10.4002],[106.4803,10.3969],[106.4815,10.4043],[106.5013,10.418],[106.5097,10.4276],[106.5182,10.4243],[106.5289,10.4333],[106.5373,10.4206],[106.5444,10.4288],[106.5575,10.4251],[106.5601,10.4128],[106.5706,10.4123],[106.5892,10.4184],[106.5853,10.4358],[106.6012,10.4377],[106.6254,10.4506],[106.6332,10.4594],[106.639,10.4793],[106.6509,10.4837],[106.6586,10.4771],[106.6599,10.451],[106.6677,10.4395],[106.6797,10.439],[106.6917,10.4492],[106.7049,10.4711],[106.7359,10.4981],[106.744,10.5],[106.7454,10.4884],[106.7569,10.4626],[106.7813,10.4295],[106.8151,10.3913],[106.8225,10.3774],[106.7827,10.3756],[106.7814,10.3287],[106.7826,10.2985],[106.7808,10.2903],[106.7675,10.2752],[106.7558,10.2663],[106.7802,10.2488],[106.7765,10.237],[106.7802,10.2208],[106.7566,10.2055],[106.7543,10.191],[106.7093,10.2123],[106.6912,10.2309],[106.6778,10.2366],[106.6567,10.241],[106.6424,10.2406],[106.5904,10.2508],[106.5419,10.2656],[106.5185,10.2821],[106.4976,10.2913],[106.4772,10.3066],[106.4483,10.3065],[106.4025,10.3342],[106.3875,10.3397],[106.3679,10.3396],[106.3118,10.3211],[106.3001,10.3196],[106.288,10.3306],[106.2491,10.3205],[106.2215,10.3176],[106.2032,10.3133],[106.1635,10.2928],[106.1429,10.2841],[106.1037,10.2837],[106.0887,10.2762],[106.0767,10.2783],[106.0346,10.2988],[105.9949,10.3289],[105.9748,10.3289],[105.9269,10.2837],[105.9041,10.2751],[105.8935,10.2759],[105.8773,10.2643],[105.8903,10.2443],[105.9019,10.245],[105.9012,10.2342],[105.9128,10.2257],[105.9197,10.2113],[105.9132,10.1924],[105.8996,10.1918],[105.8952,10.1855],[105.8762,10.1892],[105.8702,10.1687],[105.8705,10.1545],[105.8516,10.1601],[105.8491,10.1502],[105.8185,10.1495],[105.8011,10.1555],[105.7752,10.1886],[105.7658,10.1793],[105.7477,10.1969],[105.7278,10.2047],[105.6854,10.1435],[105.6823,10.1345],[105.6569,10.1513],[105.6463,10.1668],[105.6249,10.1864],[105.6165,10.2137],[105.6046,10.233],[105.5645,10.274],[105.5421,10.2927],[105.5127,10.308],[105.4954,10.3253]]]},"properties":{"Ma":"31","TinhThanh":"Lạng Sơn"}},{"type":"Feature","geometry":{"type":"MultiPolygon","coordinates":[[[[109.2336,13.6698],[109.226,13.6784],[109.2076,13.6803],[109.2036,13.6919],[109.1909,13.6935],[109.1814,13.6828],[109.1563,13.6784],[109.1514,13.6544],[109.1524,13.6338],[109.144,13.63],[109.1245,13.6439],[109.1227,13.6322],[109.1269,13.6201],[109.1154,13.614],[109.1177,13.602],[109.1131,13.5915],[109.1009,13.5832],[109.0933,13.5718],[109.0779,13.5671],[109.0527,13.5688],[109.0334,13.5423],[109.0279,13.5306],[109.0178,13.5256],[108.999,13.5229],[108.9944,13.5165],[108.9618,13.5176],[108.9227,13.5399],[108.8942,13.541],[108.8883,13.5369],[108.868,13.5346],[108.87,13.5459],[108.8575,13.5527],[108.8511,13.569],[108.8448,13.5638],[108.8276,13.5644],[108.8147,13.5763],[108.7853,13.5776],[108.7672,13.5612],[108.7491,13.5668],[108.7479,13.5561],[108.7361,13.5482],[108.7328,13.5292],[108.7271,13.5196],[108.7141,13.5177],[108.7124,13.4997],[108.7034,13.4846],[108.7149,13.4729],[108.7126,13.4642],[108.726,13.4633],[108.7351,13.4568],[108.7576,13.4591],[108.7734,13.4668],[108.7957,13.4711],[108.7905,13.4531],[108.7965,13.4519],[108.8057,13.4344],[108.804,13.4189],[108.8069,13.3926],[108.8037,13.3901],[108.8081,13.357],[108.84,13.3231],[108.8526,13.293],[108.8731,13.2786],[108.8678,13.2604],[108.8704,13.2458],[108.8636,13.2251],[108.8503,13.2173],[108.8499,13.1819],[108.8438,13.1807],[108.8374,13.1617],[108.8272,13.1646],[108.8245,13.1548],[108.8134,13.1589],[108.7974,13.1523],[108.796,13.1416],[108.7867,13.1415],[108.7595,13.1287],[108.7677,13.118],[108.7589,13.1129],[108.7492,13.0918],[108.7567,13.0331],[108.7144,13.0174],[108.6927,13.0168],[108.6819,12.9993],[108.6676,13.0045],[108.6594,12.9988],[108.6451,13.0105],[108.6131,13.0081],[108.6005,13.0179],[108.5922,13.0292],[108.5784,13.0285],[108.5676,13.0197],[108.5371,13.0324],[108.5131,13.0344],[108.5112,13.0453],[108.5192,13.0713],[108.4992,13.0858],[108.4922,13.1069],[108.4726,13.1183],[108.4653,13.1169],[108.457,13.1268],[108.4673,13.1357],[108.4607,13.1548],[108.4638,13.1624],[108.4368,13.1793],[108.4236,13.1977],[108.4162,13.221],[108.4192,13.2433],[108.4109,13.2477],[108.4054,13.2604],[108.3973,13.2555],[108.3872,13.2574],[108.3769,13.2669],[108.3725,13.3025],[108.3529,13.3297],[108.3161,13.3469],[108.2967,13.3517],[108.2881,13.3508],[108.2795,13.3626],[108.2641,13.3723],[108.258,13.3694],[108.2361,13.3718],[108.2131,13.3682],[108.1977,13.3786],[108.1778,13.3837],[108.1624,13.4004],[108.1509,13.4005],[108.1443,13.4076],[108.1089,13.4124],[108.0727,13.4],[108.0694,13.4093],[108.0534,13.4123],[108.0411,13.3993],[108.0267,13.3948],[108.0219,13.387],[108.0083,13.3809],[107.9894,13.3919],[107.9818,13.3852],[107.9649,13.3797],[107.9524,13.3856],[107.9438,13.3745],[107.9232,13.3791],[107.9072,13.3889],[107.8866,13.3849],[107.8765,13.3936],[107.8517,13.3893],[107.8392,13.4005],[107.8162,13.3928],[107.8087,13.3949],[107.7979,13.3885],[107.7863,13.3759],[107.7643,13.3649],[107.7603,13.3701],[107.7482,13.3634],[107.7376,13.3671],[107.7101,13.3697],[107.7044,13.3749],[107.6492,13.3408],[107.6498,13.3268],[107.6411,13.3289],[107.6295,13.3149],[107.6161,13.312],[107.6066,13.3043],[107.6303,13.3598],[107.6177,13.5287],[107.575,13.6155],[107.5717,13.6239],[107.5696,13.6638],[107.5514,13.6901],[107.5333,13.7417],[107.5118,13.7605],[107.4846,13.776],[107.4733,13.7775],[107.4505,13.7941],[107.4589,13.8061],[107.4613,13.8177],[107.4558,13.8289],[107.4649,13.8376],[107.4742,13.8553],[107.4723,13.8607],[107.4575,13.8659],[107.4578,13.8795],[107.4709,13.8911],[107.4709,13.9215],[107.4588,13.9215],[107.4701,13.9346],[107.4691,13.953],[107.485,13.9606],[107.5063,13.9749],[107.5124,13.9841],[107.5266,13.9855],[107.5212,14.0055],[107.5233,14.0144],[107.5382,14.0106],[107.5467,14.0227],[107.5765,14.0189],[107.5924,14.0223],[107.5998,14.028],[107.601,14.0442],[107.6128,14.0536],[107.6359,14.0551],[107.6505,14.0676],[107.6573,14.0837],[107.649,14.0963],[107.658,14.1042],[107.6581,14.115],[107.6648,14.1404],[107.6584,14.1636],[107.6708,14.1758],[107.6792,14.1921],[107.6893,14.2213],[107.6995,14.2155],[107.723,14.2157],[107.7413,14.208],[107.7627,14.2029],[107.7634,14.2127],[107.7832,14.2252],[107.7987,14.22],[107.8085,14.2125],[107.8179,14.214],[107.8291,14.2333],[107.8383,14.2381],[107.8353,14.2628],[107.8402,14.2705],[107.8555,14.2757],[107.8728,14.2762],[107.8768,14.2824],[107.8971,14.2782],[107.9193,14.2599],[107.9333,14.2409],[107.9482,14.243],[107.9729,14.2372],[107.98,14.2432],[107.9997,14.2453],[108.0143,14.2412],[108.0344,14.2686],[108.043,14.2769],[108.0567,14.2662],[108.0686,14.2835],[108.073,14.3054],[108.084,14.3129],[108.0875,14.3241],[108.082,14.3342],[108.0994,14.3353],[108.1155,14.3633],[108.1521,14.3485],[108.1599,14.3627],[108.1698,14.3682],[108.1897,14.3689],[108.203,14.3747],[108.21,14.3869],[108.2435,14.3974],[108.2524,14.39],[108.2666,14.3863],[108.2862,14.3881],[108.2968,14.3926],[108.2918,14.4045],[108.2983,14.418],[108.3091,14.4253],[108.3236,14.4419],[108.3243,14.4535],[108.3632,14.4943],[108.3785,14.5119],[108.384,14.5222],[108.3715,14.5369],[108.3739,14.5485],[108.3593,14.5628],[108.3582,14.5801],[108.3657,14.5844],[108.3764,14.6011],[108.3938,14.6024],[108.4092,14.5896],[108.4164,14.57],[108.438,14.5554],[108.4584,14.5529],[108.489,14.5441],[108.5052,14.5448],[108.5285,14.5556],[108.5323,14.5775],[108.5476,14.589],[108.571,14.578],[108.5733,14.5721],[108.5933,14.5643],[108.5956,14.5465],[108.608,14.5328],[108.6436,14.5555],[108.6402,14.563],[108.6772,14.5841],[108.68,14.5955],[108.6889,14.5913],[108.7088,14.6035],[108.7332,14.5882],[108.7532,14.5918],[108.7638,14.5987],[108.7619,14.6188],[108.7669,14.6268],[108.7618,14.6669],[108.7719,14.6761],[108.7814,14.6689],[108.8077,14.6679],[108.8261,14.6745],[108.8354,14.6899],[108.8525,14.6886],[108.8648,14.6926],[108.8781,14.6841],[108.8903,14.6815],[108.9256,14.6985],[108.94,14.6938],[108.9505,14.6838],[108.9636,14.6832],[108.9789,14.6693],[108.9945,14.6728],[109.017,14.6648],[109.0303,14.6453],[109.0347,14.647],[109.046,14.6277],[109.0445,14.6082],[109.0538,14.6032],[109.0589,14.5914],[109.0821,14.5779],[109.0725,14.5783],[109.0672,14.5645],[109.0767,14.5347],[109.0986,14.4878],[109.1222,14.4461],[109.1153,14.4228],[109.1267,14.393],[109.1208,14.3803],[109.1225,14.3726],[109.1369,14.3454],[109.1653,14.3041],[109.1845,14.2787],[109.1796,14.269],[109.1938,14.2494],[109.1981,14.2351],[109.1939,14.2268],[109.1816,14.2211],[109.1854,14.1994],[109.1987,14.1713],[109.2257,14.1311],[109.2108,14.1279],[109.2049,14.1126],[109.2127,14.0883],[109.2234,14.0661],[109.2538,14.016],[109.247,14.0071],[109.2568,13.9872],[109.2501,13.9847],[109.2559,13.9646],[109.2425,13.955],[109.2426,13.9452],[109.256,13.9159],[109.2693,13.8975],[109.2797,13.8884],[109.2964,13.8847],[109.2921,13.8728],[109.2932,13.8487],[109.2984,13.8242],[109.2897,13.817],[109.2857,13.8015],[109.2942,13.7805],[109.2899,13.7564],[109.2778,13.7622],[109.2693,13.7576],[109.2529,13.7596],[109.2425,13.7715],[109.2288,13.7656],[109.2193,13.7565],[109.2146,13.7452],[109.2194,13.7365],[109.2183,13.7146],[109.2222,13.7123],[109.2274,13.6901],[109.234,13.6803],[109.2336,13.6698]]],[[[109.3431,13.6346],[109.3634,13.6107],[109.3476,13.6117],[109.3407,13.6203],[109.3431,13.6346]]]]},"properties":{"Ma":"24","TinhThanh":"Gia Lai"}},{"type":"Feature","geometry":{"type":"Polygon","coordinates":[[[105.8928,21.3265],[105.8992,21.3249],[105.8972,21.3076],[105.9153,21.2978],[105.9232,21.2876],[105.9236,21.2683],[105.9384,21.2472],[105.9269,21.2385],[105.9089,21.231],[105.9145,21.2182],[105.9134,21.2027],[105.9071,21.1924],[105.9237,21.1827],[105.9169,21.1716],[105.9195,21.1554],[105.9263,21.1403],[105.9128,21.1265],[105.9156,21.119],[105.9294,21.1126],[105.9346,21.0966],[105.9457,21.085],[105.9579,21.0913],[105.962,21.0779],[105.9769,21.0703],[105.9936,21.069],[105.9995,21.0745],[106.02,21.0475],[106.0127,21.0302],[106.0034,21.0174],[106.0085,21.0082],[106.0012,21.0003],[105.9864,20.9969],[105.9777,20.9994],[105.9618,20.9883],[105.9645,20.9634],[105.9323,20.9735],[105.9157,20.9751],[105.9036,20.9472],[105.9152,20.9371],[105.9091,20.9265],[105.9132,20.9148],[105.8949,20.8988],[105.8967,20.8925],[105.9236,20.879],[105.936,20.8671],[105.932,20.8501],[105.9153,20.8399],[105.9125,20.8167],[105.9247,20.7891],[105.9374,20.7833],[105.9642,20.7775],[105.9695,20.7695],[105.9677,20.7505],[105.9701,20.7346],[105.9622,20.7264],[105.9667,20.7096],[105.976,20.699],[105.9894,20.7036],[106.0033,20.7038],[105.9958,20.6975],[105.9887,20.6826],[105.9784,20.6737],[105.9776,20.6657],[105.96,20.6607],[105.958,20.6508],[105.9452,20.6551],[105.947,20.6762],[105.943,20.6821],[105.9197,20.6759],[105.9027,20.6649],[105.8964,20.6522],[105.8838,20.6446],[105.8601,20.6447],[105.8476,20.6553],[105.8325,20.6623],[105.8187,20.6605],[105.8323,20.6451],[105.8133,20.6337],[105.8126,20.6165],[105.8063,20.6115],[105.8058,20.6003],[105.7951,20.5676],[105.769,20.5645],[105.7641,20.5768],[105.7434,20.5986],[105.7316,20.6001],[105.7217,20.5961],[105.7098,20.5993],[105.7039,20.6166],[105.6917,20.6221],[105.6871,20.6162],[105.6662,20.6179],[105.6639,20.6281],[105.6784,20.6285],[105.6811,20.653],[105.6694,20.6759],[105.6802,20.6835],[105.6823,20.699],[105.6749,20.7049],[105.6616,20.7234],[105.6665,20.7341],[105.6581,20.741],[105.6497,20.7608],[105.6481,20.7937],[105.6329,20.7927],[105.6304,20.8159],[105.6416,20.8286],[105.6163,20.8317],[105.5981,20.842],[105.5894,20.8315],[105.5835,20.8119],[105.5582,20.8037],[105.5607,20.8198],[105.5747,20.8223],[105.5864,20.8408],[105.5825,20.8592],[105.5593,20.8811],[105.5565,20.8878],[105.5664,20.8996],[105.5684,20.911],[105.5793,20.9155],[105.5805,20.9287],[105.546,20.9231],[105.5385,20.9276],[105.5251,20.9188],[105.5125,20.9223],[105.4905,20.9341],[105.4796,20.9477],[105.4617,20.9465],[105.4438,20.956],[105.4429,20.9633],[105.4324,20.9791],[105.4223,20.9837],[105.4178,20.9978],[105.4032,20.9981],[105.3921,21.006],[105.3921,21.0145],[105.382,21.0215],[105.3754,21.0145],[105.3534,21.0074],[105.3492,21.0128],[105.3352,21.0094],[105.3153,21.0113],[105.2998,21.029],[105.294,21.0547],[105.3079,21.0828],[105.3172,21.0927],[105.3205,21.1099],[105.3057,21.1378],[105.2914,21.1529],[105.2891,21.1703],[105.2994,21.1868],[105.3252,21.2047],[105.3463,21.2245],[105.356,21.2602],[105.3567,21.2781],[105.394,21.3033],[105.4058,21.2991],[105.4272,21.2778],[105.4437,21.2697],[105.4521,21.238],[105.4598,21.2284],[105.4657,21.2077],[105.468,21.1828],[105.4768,21.1709],[105.4947,21.1599],[105.5278,21.1542],[105.5709,21.1606],[105.5759,21.1644],[105.6,21.1696],[105.6173,21.1791],[105.6258,21.1755],[105.6228,21.1997],[105.6281,21.2107],[105.6396,21.2076],[105.6451,21.2156],[105.6562,21.219],[105.6552,21.2272],[105.6448,21.2347],[105.6805,21.2337],[105.6904,21.2199],[105.7092,21.2198],[105.7242,21.2253],[105.7362,21.2401],[105.7253,21.242],[105.7228,21.2661],[105.7358,21.2793],[105.738,21.288],[105.757,21.3005],[105.7764,21.3362],[105.7832,21.3429],[105.7846,21.3596],[105.7877,21.3749],[105.8005,21.3847],[105.8307,21.3752],[105.8472,21.3774],[105.8589,21.3737],[105.8527,21.3616],[105.8533,21.3482],[105.8588,21.338],[105.8767,21.3276],[105.8928,21.3265]]]},"properties":{"Ma":"01","TinhThanh":"Hà Nội"}},{"type":"Feature","geometry":{"type":"MultiPolygon","coordinates":[[[[105.1883,18.6019],[105.2121,18.5993],[105.2281,18.5924],[105.2409,18.6044],[105.2628,18.6178],[105.2833,18.6234],[105.2956,18.6219],[105.3059,18.6068],[105.3302,18.6018],[105.3387,18.5904],[105.3597,18.5815],[105.3772,18.5784],[105.3976,18.5799],[105.4176,18.5906],[105.4348,18.5875],[105.4431,18.5996],[105.4594,18.6011],[105.4765,18.6076],[105.4765,18.614],[105.5018,18.6109],[105.5155,18.5986],[105.5185,18.5837],[105.5265,18.5761],[105.5311,18.5608],[105.5463,18.5524],[105.5589,18.5591],[105.5832,18.5587],[105.5897,18.5727],[105.6163,18.5773],[105.6262,18.5627],[105.6353,18.5636],[105.6498,18.5784],[105.6632,18.5849],[105.6761,18.5784],[105.6832,18.5825],[105.6896,18.5956],[105.6887,18.6207],[105.6933,18.6329],[105.7034,18.6346],[105.7163,18.6676],[105.7262,18.6727],[105.7441,18.6681],[105.7637,18.6708],[105.7688,18.6767],[105.7657,18.6908],[105.7562,18.7066],[105.7418,18.7428],[105.7475,18.7539],[105.7627,18.7631],[105.777,18.7594],[105.7851,18.7321],[105.7972,18.6766],[105.8023,18.6588],[105.8184,18.616],[105.8295,18.593],[105.8531,18.5508],[105.8873,18.5011],[105.9155,18.4661],[105.9394,18.4668],[105.9405,18.4599],[105.9597,18.4285],[106.0035,18.3711],[106.043,18.3276],[106.0644,18.3068],[106.0961,18.2793],[106.122,18.2656],[106.1584,18.2685],[106.1856,18.2537],[106.2093,18.2339],[106.2348,18.2168],[106.2505,18.216],[106.2872,18.1758],[106.321,18.1432],[106.3552,18.1142],[106.3643,18.1086],[106.3909,18.0993],[106.4069,18.1006],[106.4117,18.1212],[106.4346,18.1187],[106.4209,18.1024],[106.4216,18.0907],[106.4292,18.0794],[106.4372,18.0552],[106.458,18.0151],[106.4698,17.998],[106.4821,17.9855],[106.4946,17.9652],[106.511,17.9599],[106.4917,17.9595],[106.4793,17.9534],[106.4683,17.9563],[106.4503,17.9496],[106.4445,17.9521],[106.4442,17.9689],[106.4352,17.9728],[106.4228,17.9696],[106.4017,17.9793],[106.3585,17.9908],[106.3388,17.9909],[106.3295,17.9788],[106.3234,17.9629],[106.3057,17.9624],[106.2963,17.9456],[106.2849,17.9354],[106.2912,17.9212],[106.2837,17.9104],[106.275,17.9196],[106.2642,17.9142],[106.2406,17.9304],[106.2231,17.93],[106.207,17.9249],[106.1813,17.921],[106.1726,17.9145],[106.1309,17.9207],[106.1188,17.9274],[106.0782,17.9328],[106.0605,17.9384],[106.0457,17.9467],[106.0481,17.9655],[106.0757,17.9912],[106.0574,18.0164],[106.0503,18.0221],[106.0234,18.0239],[106.0159,18.0343],[105.9961,18.0512],[105.9862,18.0638],[105.9754,18.0623],[105.9674,18.0549],[105.9527,18.0572],[105.9461,18.0726],[105.9319,18.089],[105.9193,18.0804],[105.9123,18.0867],[105.8963,18.0896],[105.8881,18.0849],[105.8685,18.066],[105.8394,18.0661],[105.82,18.0605],[105.813,18.0529],[105.834,18.045],[105.8283,18.0311],[105.8165,18.0372],[105.8087,18.0253],[105.7865,18.0238],[105.7754,18.0173],[105.76,18.0242],[105.749,18.0338],[105.7302,18.0331],[105.7212,18.0205],[105.722,18.0058],[105.7131,18.0028],[105.7062,17.9929],[105.6535,17.9933],[105.6354,17.9914],[105.6235,17.999],[105.613,18.0119],[105.5996,18.005],[105.5811,18.0142],[105.5794,18.0268],[105.5856,18.0416],[105.5803,18.0618],[105.5742,18.0619],[105.5711,18.084],[105.5557,18.0802],[105.5401,18.082],[105.5386,18.1025],[105.5344,18.1156],[105.5214,18.1263],[105.5088,18.1228],[105.5035,18.1288],[105.5043,18.1411],[105.5128,18.1492],[105.5014,18.1885],[105.4892,18.1759],[105.4895,18.1935],[105.4592,18.205],[105.4467,18.1994],[105.4383,18.1806],[105.422,18.1838],[105.4149,18.1742],[105.4096,18.1535],[105.3923,18.1594],[105.384,18.1699],[105.3749,18.1607],[105.3636,18.1639],[105.3538,18.1824],[105.3372,18.1837],[105.3204,18.2012],[105.326,18.2094],[105.3233,18.2279],[105.3312,18.2526],[105.3289,18.2643],[105.3125,18.2646],[105.3051,18.256],[105.288,18.255],[105.2816,18.2608],[105.2561,18.259],[105.2584,18.2669],[105.2428,18.2963],[105.2308,18.3028],[105.2176,18.3029],[105.2085,18.3143],[105.1927,18.3185],[105.1843,18.3304],[105.189,18.3529],[105.1785,18.3711],[105.1846,18.3863],[105.1713,18.3922],[105.1663,18.3874],[105.1516,18.3879],[105.1443,18.4063],[105.138,18.4123],[105.1208,18.4191],[105.1175,18.433],[105.1098,18.4347],[105.1039,18.4474],[105.1078,18.4565],[105.1073,18.4756],[105.1135,18.4923],[105.111,18.5123],[105.1197,18.5225],[105.1162,18.5392],[105.1292,18.5485],[105.1282,18.5555],[105.14,18.5619],[105.134,18.57],[105.1393,18.5973],[105.1585,18.6128],[105.1883,18.6019]]],[[[105.8572,18.7378],[105.8476,18.7318],[105.8364,18.7359],[105.8374,18.749],[105.8509,18.7538],[105.8572,18.7378]]],[[[105.8452,18.7691],[105.8471,18.7585],[105.8399,18.7539],[105.8298,18.759],[105.8279,18.7744],[105.8399,18.7769],[105.8452,18.7691]]]]},"properties":{"Ma":"18","TinhThanh":"Hà Tĩnh"}},{"type":"Feature","geometry":{"type":"MultiPolygon","coordinates":[[[[106.1274,20.9837],[106.1319,20.9993],[106.1381,21.0013],[106.151,20.9888],[106.1695,20.9848],[106.1747,20.9754],[106.2096,20.9845],[106.2334,20.9955],[106.2448,20.9914],[106.2529,20.9965],[106.267,20.9878],[106.2733,21.0036],[106.2933,21.0186],[106.2927,21.0395],[106.3106,21.0589],[106.3023,21.0737],[106.3025,21.0857],[106.2957,21.1051],[106.2984,21.1206],[106.3117,21.1289],[106.3216,21.1432],[106.3229,21.1532],[106.3102,21.1786],[106.3105,21.19],[106.3246,21.1922],[106.3364,21.1724],[106.3604,21.1715],[106.371,21.1843],[106.3741,21.1954],[106.4125,21.2078],[106.4174,21.2231],[106.4258,21.2317],[106.4463,21.2311],[106.4659,21.226],[106.4743,21.2304],[106.5019,21.2244],[106.4945,21.1991],[106.4969,21.1847],[106.487,21.1724],[106.4833,21.1606],[106.4838,21.1287],[106.473,21.1188],[106.4616,21.1151],[106.4415,21.1169],[106.439,21.1073],[106.4507,21.0944],[106.4406,21.0797],[106.4473,21.07],[106.4584,21.0649],[106.4767,21.0695],[106.4873,21.0679],[106.5036,21.0565],[106.5331,21.0475],[106.546,21.0546],[106.5685,21.0531],[106.5773,21.0563],[106.609,21.0298],[106.6107,21.0211],[106.6235,21.0121],[106.6342,21.0114],[106.6531,21.019],[106.686,21.0054],[106.7237,20.9967],[106.7403,20.999],[106.7568,20.9918],[106.7688,20.9711],[106.7711,20.9136],[106.766,20.9014],[106.7565,20.8912],[106.7527,20.879],[106.7656,20.8497],[106.7887,20.832],[106.8083,20.8311],[106.8246,20.8233],[106.8331,20.812],[106.8736,20.8338],[106.8749,20.828],[106.902,20.8054],[106.902,20.7996],[106.8861,20.7934],[106.8794,20.7958],[106.8604,20.7903],[106.8227,20.7912],[106.77,20.7955],[106.7609,20.7745],[106.7722,20.7691],[106.7774,20.7507],[106.7894,20.725],[106.8018,20.7201],[106.792,20.7043],[106.7735,20.7045],[106.767,20.7148],[106.743,20.7044],[106.7168,20.6863],[106.7077,20.6856],[106.7084,20.6631],[106.6902,20.6326],[106.6566,20.6124],[106.6347,20.6276],[106.6118,20.6271],[106.6014,20.6396],[106.5861,20.6278],[106.5695,20.6199],[106.5609,20.6257],[106.5461,20.6267],[106.54,20.6083],[106.5195,20.6024],[106.5146,20.612],[106.492,20.6157],[106.4823,20.5996],[106.4703,20.5994],[106.4672,20.6121],[106.4501,20.6217],[106.4551,20.6391],[106.4402,20.6601],[106.4059,20.6872],[106.4023,20.6935],[106.414,20.7065],[106.4172,20.7168],[106.4018,20.729],[106.3823,20.7118],[106.3618,20.7026],[106.3466,20.7022],[106.3316,20.71],[106.32,20.6992],[106.3032,20.6903],[106.2937,20.6966],[106.2753,20.6929],[106.2668,20.7035],[106.2434,20.6961],[106.2277,20.7051],[106.2194,20.7242],[106.2152,20.7503],[106.2033,20.7521],[106.193,20.7657],[106.1801,20.764],[106.1754,20.7775],[106.1664,20.7843],[106.1574,20.7797],[106.1481,20.7849],[106.1371,20.8094],[106.14,20.8176],[106.1306,20.8287],[106.1293,20.8454],[106.1415,20.8593],[106.1466,20.8887],[106.1382,20.8955],[106.1369,20.9047],[106.1554,20.9173],[106.1486,20.9276],[106.1588,20.951],[106.1487,20.9585],[106.1351,20.9603],[106.1379,20.9743],[106.1274,20.9837]]],[[[106.934,20.8226],[106.9339,20.8099],[106.9302,20.8068],[106.9306,20.802],[106.9284,20.8],[106.9219,20.801],[106.9141,20.8163],[106.9192,20.8241],[106.934,20.8226]]],[[[106.9341,20.8455],[106.9471,20.8393],[106.9405,20.831],[106.9206,20.8264],[106.9061,20.8266],[106.9199,20.846],[106.9341,20.8455]]],[[[106.9542,20.8736],[106.9517,20.8627],[106.9561,20.8547],[106.9716,20.8563],[106.9812,20.8527],[106.9947,20.8617],[107.0027,20.8576],[107.0247,20.8625],[107.0369,20.8608],[107.0461,20.8469],[107.0435,20.8255],[107.0543,20.8282],[107.0628,20.8182],[107.0761,20.824],[107.0902,20.8168],[107.1059,20.7932],[107.0756,20.7865],[107.0528,20.7745],[107.0535,20.7665],[107.0438,20.7588],[107.0716,20.7454],[107.0606,20.7373],[107.0512,20.722],[107.0309,20.7316],[107.0233,20.7234],[107.0145,20.7327],[107.017,20.7469],[106.999,20.7503],[106.9908,20.7446],[106.9754,20.7517],[106.9751,20.7662],[106.9631,20.7767],[106.9521,20.7933],[106.9286,20.7955],[106.9248,20.7992],[106.9286,20.7995],[106.931,20.8019],[106.934,20.8095],[106.9348,20.8166],[106.9484,20.8199],[106.9457,20.8271],[106.95,20.8421],[106.9486,20.8613],[106.9542,20.8736]]],[[[107.7441,20.1579],[107.7346,20.1435],[107.7308,20.1282],[107.7207,20.118],[107.7134,20.1234],[107.6822,20.1218],[107.6883,20.1337],[107.7204,20.1518],[107.734,20.1644],[107.7441,20.1579]]]]},"properties":{"Ma":"04","TinhThanh":"Hải Phòng"}},{"type":"Feature","geometry":{"type":"Polygon","coordinates":[[[108.1945,16.2096],[108.1943,16.2094],[108.1676,16.204],[108.157,16.2069],[108.1432,16.1999],[108.1239,16.1845],[108.1136,16.1828],[108.1086,16.1843],[108.1049,16.1864],[108.0858,16.1826],[108.0644,16.1845],[108.055,16.1806],[108.0455,16.1867],[108.0405,16.1893],[108.0381,16.1906],[108.0116,16.197],[108.0055,16.2053],[107.9919,16.2112],[107.9881,16.214],[107.9663,16.1946],[107.9495,16.1913],[107.9478,16.1924],[107.9319,16.1971],[107.9311,16.1974],[107.9276,16.1998],[107.9114,16.2157],[107.9039,16.2149],[107.8853,16.2013],[107.8741,16.1975],[107.8667,16.1856],[107.8741,16.1713],[107.8732,16.161],[107.8578,16.1541],[107.8543,16.1155],[107.8336,16.0997],[107.8199,16.0806],[107.8229,16.0713],[107.8188,16.0576],[107.807,16.0533],[107.7875,16.0675],[107.7754,16.0618],[107.7698,16.0516],[107.7574,16.0438],[107.7478,16.0427],[107.7266,16.0304],[107.7265,16.0117],[107.7076,15.9955],[107.6796,15.9982],[107.6644,16.0182],[107.6507,16.0192],[107.633,16.0305],[107.6216,16.0318],[107.6249,16.046],[107.6195,16.0634],[107.6024,16.0576],[107.5714,16.055],[107.5527,16.0416],[107.5605,16.0294],[107.5566,16.0163],[107.5446,16.0106],[107.5222,16.0166],[107.5124,16.016],[107.4955,16.0392],[107.4784,16.0364],[107.4675,16.025],[107.4469,16.0387],[107.4454,16.0549],[107.4607,16.0729],[107.4543,16.0869],[107.429,16.0786],[107.4122,16.0841],[107.4026,16.0773],[107.3988,16.0626],[107.3891,16.0633],[107.3787,16.0744],[107.3697,16.0651],[107.3469,16.063],[107.3378,16.0561],[107.3276,16.0683],[107.3191,16.07],[107.3046,16.0865],[107.2839,16.1189],[107.2725,16.1163],[107.2627,16.1365],[107.255,16.1356],[107.2458,16.1475],[107.2152,16.1417],[107.2084,16.1463],[107.1946,16.1451],[107.1763,16.1584],[107.1713,16.1655],[107.1578,16.1714],[107.1558,16.1833],[107.1495,16.1885],[107.1469,16.2215],[107.1554,16.2315],[107.1495,16.2361],[107.1567,16.2554],[107.1456,16.271],[107.0877,16.3119],[107.0811,16.313],[107.0696,16.3039],[107.0513,16.3068],[107.043,16.301],[107.0262,16.3129],[107.0222,16.3209],[107.0241,16.3334],[107.0219,16.351],[107.016,16.3612],[107.0406,16.3735],[107.0504,16.3823],[107.0649,16.4104],[107.0505,16.4259],[107.0594,16.4484],[107.0897,16.4488],[107.1041,16.44],[107.1245,16.4424],[107.1358,16.4564],[107.1288,16.4764],[107.1196,16.4868],[107.0946,16.5013],[107.0675,16.5106],[107.056,16.5238],[107.0621,16.5373],[107.1016,16.5526],[107.1218,16.5523],[107.1276,16.5652],[107.1539,16.5747],[107.2027,16.5827],[107.2187,16.5776],[107.239,16.5828],[107.2449,16.5872],[107.2562,16.5736],[107.2712,16.5662],[107.2959,16.5839],[107.3174,16.5947],[107.3286,16.6085],[107.3192,16.6214],[107.3108,16.6253],[107.3162,16.6379],[107.3187,16.6617],[107.3315,16.6734],[107.3374,16.684],[107.3578,16.6991],[107.3563,16.7097],[107.3703,16.7341],[107.3889,16.7432],[107.4068,16.7307],[107.5131,16.6459],[107.5549,16.6152],[107.5915,16.5911],[107.6259,16.5721],[107.6639,16.5551],[107.7105,16.5247],[107.7747,16.4753],[107.8149,16.4411],[107.8645,16.3963],[107.891,16.3739],[107.9051,16.3676],[107.9189,16.3563],[107.9413,16.3435],[107.9521,16.3432],[107.9676,16.3242],[107.9798,16.3172],[108.0095,16.3139],[108.0254,16.3261],[108.017,16.3351],[108.0235,16.3433],[108.04,16.3203],[108.0377,16.3091],[108.0598,16.2732],[108.0866,16.2337],[108.1066,16.2181],[108.1174,16.2129],[108.1483,16.2211],[108.1713,16.2088],[108.1855,16.2147],[108.1945,16.2096]]]},"properties":{"Ma":"20","TinhThanh":"Huế"}},{"type":"Feature","geometry":{"type":"Polygon","coordinates":[[[106.0012,21.0003],[106.0285,20.9931],[106.0511,21.007],[106.0596,21.0003],[106.077,20.9954],[106.0898,21.0071],[106.1021,20.9973],[106.1157,20.9957],[106.1152,20.9834],[106.1274,20.9837],[106.1379,20.9743],[106.1351,20.9603],[106.1487,20.9585],[106.1588,20.951],[106.1486,20.9276],[106.1554,20.9173],[106.1369,20.9047],[106.1382,20.8955],[106.1466,20.8887],[106.1415,20.8593],[106.1293,20.8454],[106.1306,20.8287],[106.14,20.8176],[106.1371,20.8094],[106.1481,20.7849],[106.1574,20.7797],[106.1664,20.7843],[106.1754,20.7775],[106.1801,20.764],[106.193,20.7657],[106.2033,20.7521],[106.2152,20.7503],[106.2194,20.7242],[106.2277,20.7051],[106.2434,20.6961],[106.2668,20.7035],[106.2753,20.6929],[106.2937,20.6966],[106.3032,20.6903],[106.32,20.6992],[106.3316,20.71],[106.3466,20.7022],[106.3618,20.7026],[106.3823,20.7118],[106.4018,20.729],[106.4172,20.7168],[106.414,20.7065],[106.4023,20.6935],[106.4059,20.6872],[106.4402,20.6601],[106.4551,20.6391],[106.4501,20.6217],[106.4672,20.6121],[106.4703,20.5994],[106.4823,20.5996],[106.492,20.6157],[106.5146,20.612],[106.5195,20.6024],[106.54,20.6083],[106.5461,20.6267],[106.5609,20.6257],[106.5695,20.6199],[106.5861,20.6278],[106.6014,20.6396],[106.6118,20.6271],[106.6347,20.6276],[106.6566,20.6124],[106.6269,20.5869],[106.6085,20.5775],[106.5851,20.5502],[106.5901,20.5406],[106.5811,20.5162],[106.597,20.5004],[106.6016,20.4759],[106.5977,20.4689],[106.6009,20.4463],[106.596,20.4255],[106.5774,20.3681],[106.5794,20.3544],[106.5944,20.3232],[106.6108,20.312],[106.6153,20.3035],[106.6052,20.2564],[106.5926,20.2403],[106.5799,20.2642],[106.5271,20.3163],[106.513,20.3091],[106.4956,20.3069],[106.4882,20.2975],[106.474,20.2906],[106.4606,20.2891],[106.4373,20.2961],[106.4188,20.3148],[106.4072,20.3317],[106.3888,20.3439],[106.3721,20.345],[106.3562,20.3535],[106.3424,20.3759],[106.3363,20.3767],[106.3213,20.3612],[106.2977,20.3421],[106.272,20.3269],[106.2625,20.3275],[106.2524,20.342],[106.2542,20.3559],[106.2828,20.3788],[106.2866,20.3893],[106.2752,20.4045],[106.2407,20.4055],[106.223,20.4095],[106.2108,20.4218],[106.21,20.4293],[106.2207,20.4462],[106.2255,20.4677],[106.2113,20.4782],[106.1915,20.4795],[106.1784,20.4955],[106.1794,20.512],[106.1731,20.5466],[106.1619,20.5635],[106.137,20.5707],[106.1295,20.5811],[106.1292,20.5949],[106.1151,20.6133],[106.1028,20.6183],[106.0766,20.6031],[106.0541,20.6116],[106.0386,20.6279],[106.0321,20.648],[106.0372,20.6637],[106.0371,20.6762],[106.0243,20.6964],[106.0033,20.7038],[105.9894,20.7036],[105.976,20.699],[105.9667,20.7096],[105.9622,20.7264],[105.9701,20.7346],[105.9677,20.7505],[105.9695,20.7695],[105.9642,20.7775],[105.9374,20.7833],[105.9247,20.7891],[105.9125,20.8167],[105.9153,20.8399],[105.932,20.8501],[105.936,20.8671],[105.9236,20.879],[105.8967,20.8925],[105.8949,20.8988],[105.9132,20.9148],[105.9091,20.9265],[105.9152,20.9371],[105.9036,20.9472],[105.9157,20.9751],[105.9323,20.9735],[105.9645,20.9634],[105.9618,20.9883],[105.9777,20.9994],[105.9864,20.9969],[106.0012,21.0003]]]},"properties":{"Ma":"05","TinhThanh":"Hưng Yên"}},{"type":"Feature","geometry":{"type":"MultiPolygon","coordinates":[[[[108.6805,12.3166],[108.6853,12.3233],[108.677,12.348],[108.6875,12.3644],[108.686,12.3875],[108.6728,12.4018],[108.6784,12.4084],[108.6693,12.4227],[108.6727,12.4315],[108.6988,12.4613],[108.6999,12.4725],[108.7149,12.4842],[108.7376,12.4763],[108.7476,12.4798],[108.7511,12.4976],[108.763,12.498],[108.7786,12.5059],[108.7913,12.4999],[108.7986,12.4818],[108.8143,12.4832],[108.8368,12.463],[108.8632,12.4532],[108.8772,12.4812],[108.8583,12.4917],[108.8768,12.5173],[108.8734,12.5269],[108.8805,12.5386],[108.8908,12.5461],[108.8973,12.5643],[108.8921,12.5803],[108.8631,12.5949],[108.8621,12.6076],[108.8749,12.6252],[108.895,12.6242],[108.9116,12.6411],[108.914,12.6614],[108.9017,12.672],[108.9189,12.6792],[108.9427,12.6943],[108.9635,12.6844],[108.9792,12.6839],[108.9891,12.6906],[108.9909,12.7048],[109.0134,12.7183],[109.0133,12.7292],[109.0244,12.7357],[109.0379,12.736],[109.0466,12.7467],[109.0596,12.7439],[109.0652,12.7522],[109.0814,12.7424],[109.0923,12.7512],[109.0901,12.76],[109.1068,12.7722],[109.116,12.7972],[109.1244,12.7954],[109.1407,12.7826],[109.1597,12.8144],[109.163,12.8239],[109.2076,12.8298],[109.226,12.8128],[109.2586,12.8382],[109.2685,12.8322],[109.2814,12.8323],[109.3005,12.841],[109.3153,12.8385],[109.3265,12.8407],[109.3491,12.8567],[109.3714,12.8622],[109.3884,12.8431],[109.3773,12.8367],[109.3652,12.8369],[109.3571,12.8216],[109.3618,12.7867],[109.3719,12.7591],[109.3923,12.7189],[109.4266,12.6686],[109.4435,12.664],[109.454,12.6673],[109.4584,12.6593],[109.4547,12.6501],[109.4373,12.6469],[109.4369,12.6314],[109.43,12.5959],[109.4401,12.5802],[109.4403,12.5682],[109.4322,12.5663],[109.4273,12.5759],[109.4153,12.5779],[109.4146,12.6031],[109.4056,12.6029],[109.3977,12.6126],[109.3905,12.6303],[109.4097,12.6367],[109.4074,12.6679],[109.3947,12.672],[109.3802,12.6698],[109.3686,12.6729],[109.3707,12.6592],[109.3646,12.6526],[109.3416,12.6575],[109.3494,12.6861],[109.365,12.6882],[109.3696,12.7011],[109.3774,12.7059],[109.3741,12.7186],[109.3531,12.7632],[109.3547,12.7906],[109.3496,12.7992],[109.3319,12.7938],[109.3243,12.764],[109.3151,12.7654],[109.301,12.7536],[109.2814,12.7321],[109.2737,12.7289],[109.2655,12.7122],[109.2552,12.7019],[109.2468,12.7038],[109.2328,12.6975],[109.2105,12.6677],[109.2159,12.6545],[109.1972,12.6442],[109.1902,12.6292],[109.2023,12.612],[109.2041,12.5944],[109.1951,12.5754],[109.1977,12.5683],[109.2117,12.5699],[109.223,12.5864],[109.2319,12.5934],[109.2435,12.5861],[109.2364,12.5735],[109.2304,12.5509],[109.2303,12.5344],[109.2373,12.5211],[109.2395,12.5085],[109.2517,12.5067],[109.2772,12.4858],[109.2849,12.4889],[109.2974,12.4734],[109.2879,12.4568],[109.2857,12.4447],[109.2884,12.4305],[109.3077,12.4161],[109.319,12.4179],[109.3298,12.407],[109.3384,12.4069],[109.3419,12.3967],[109.3365,12.388],[109.3188,12.3841],[109.3117,12.3894],[109.3025,12.3813],[109.3006,12.3549],[109.2928,12.3459],[109.261,12.3624],[109.2603,12.3789],[109.2472,12.3938],[109.2424,12.4052],[109.2254,12.4164],[109.2074,12.4379],[109.1944,12.4419],[109.1781,12.4555],[109.16,12.4318],[109.1567,12.4236],[109.1626,12.4057],[109.1816,12.4049],[109.1985,12.3971],[109.1987,12.3665],[109.196,12.3594],[109.2024,12.3354],[109.2108,12.3259],[109.2351,12.3077],[109.2352,12.2953],[109.2212,12.2958],[109.2073,12.2907],[109.197,12.2535],[109.2014,12.2271],[109.2169,12.2113],[109.2148,12.1982],[109.2066,12.1889],[109.2092,12.1792],[109.2011,12.1636],[109.2221,12.1524],[109.2237,12.1412],[109.2144,12.1372],[109.2119,12.1229],[109.1966,12.1176],[109.1953,12.0896],[109.2017,12.0649],[109.2175,12.0308],[109.2419,11.9881],[109.25,11.9777],[109.2594,11.979],[109.2722,11.971],[109.2702,11.9564],[109.2767,11.9452],[109.2663,11.9361],[109.2583,11.9237],[109.2625,11.9019],[109.2808,11.8768],[109.2712,11.8653],[109.2476,11.8637],[109.2321,11.8806],[109.2059,11.8806],[109.1902,11.8701],[109.1797,11.8548],[109.1776,11.844],[109.1839,11.8314],[109.1867,11.7922],[109.2037,11.7754],[109.2124,11.7709],[109.2116,11.7592],[109.2305,11.7482],[109.2335,11.7277],[109.2285,11.7211],[109.1989,11.716],[109.1981,11.7051],[109.1898,11.6847],[109.1774,11.6768],[109.1659,11.6215],[109.1576,11.6239],[109.1471,11.6103],[109.1394,11.584],[109.1234,11.573],[109.0903,11.5875],[109.0652,11.5818],[109.0481,11.5887],[109.0351,11.5876],[109.0275,11.5785],[109.0244,11.5664],[109.0325,11.5463],[109.0294,11.538],[109.0192,11.5306],[109.0122,11.514],[109.0115,11.4972],[109.0146,11.47],[109.0082,11.4446],[109.013,11.4215],[109.0063,11.4118],[109.0079,11.3831],[109.0117,11.3736],[109.0207,11.3685],[109.0145,11.3559],[108.9937,11.3492],[108.9891,11.3372],[108.9755,11.3286],[108.9636,11.3164],[108.9291,11.308],[108.8998,11.3268],[108.8979,11.331],[108.8793,11.3375],[108.8639,11.3328],[108.8765,11.3404],[108.877,11.354],[108.8651,11.3505],[108.8455,11.3645],[108.8437,11.3762],[108.8035,11.3817],[108.7846,11.3879],[108.7833,11.3934],[108.7569,11.4113],[108.7616,11.4697],[108.7505,11.471],[108.7249,11.4685],[108.7131,11.4607],[108.6794,11.4725],[108.6641,11.4998],[108.659,11.5039],[108.6423,11.5503],[108.5827,11.5555],[108.5717,11.5787],[108.5668,11.5811],[108.5521,11.6014],[108.5532,11.6323],[108.5624,11.6423],[108.5759,11.6395],[108.5972,11.6491],[108.6193,11.6514],[108.6581,11.6669],[108.6696,11.6636],[108.6786,11.6695],[108.6932,11.6985],[108.6949,11.7113],[108.6901,11.7347],[108.6678,11.7469],[108.6632,11.761],[108.6719,11.7849],[108.655,11.7927],[108.6371,11.7934],[108.6194,11.8037],[108.6303,11.8304],[108.6393,11.8302],[108.6529,11.8441],[108.6509,11.8645],[108.6556,11.8857],[108.6539,11.8954],[108.6641,11.915],[108.6614,11.9265],[108.6653,11.9386],[108.662,11.9617],[108.6813,11.9851],[108.6835,11.9951],[108.6797,12.0114],[108.6944,12.0409],[108.7031,12.0421],[108.7123,12.0612],[108.7088,12.0789],[108.6994,12.0981],[108.6784,12.1219],[108.6939,12.1308],[108.694,12.1463],[108.7067,12.1547],[108.7201,12.1541],[108.7291,12.1621],[108.7201,12.1732],[108.7191,12.1816],[108.7097,12.1909],[108.7218,12.218],[108.719,12.2249],[108.7018,12.2385],[108.7056,12.2558],[108.7027,12.2633],[108.7015,12.307],[108.6805,12.3166]]],[[[109.227,11.8462],[109.2393,11.8384],[109.2386,11.8288],[109.224,11.8371],[109.227,11.8462]]],[[[109.2731,12.231],[109.2762,12.2281],[109.2973,12.23],[109.2985,12.2232],[109.3118,12.2144],[109.3207,12.2211],[109.3315,12.2174],[109.3289,12.204],[109.3357,12.1946],[109.3163,12.1862],[109.306,12.1924],[109.2901,12.1959],[109.2842,12.1807],[109.2726,12.1937],[109.2578,12.1999],[109.2401,12.2155],[109.245,12.2241],[109.2601,12.2176],[109.2651,12.2337],[109.2731,12.231]]],[[[109.2376,12.3947],[109.2387,12.3833],[109.2231,12.3855],[109.2304,12.3994],[109.2376,12.3947]]],[[[111.5711,7.5682],[111.5733,7.5602],[111.5496,7.5332],[111.5507,7.5155],[111.5428,7.5082],[111.5291,7.5114],[111.5258,7.5221],[111.5342,7.5392],[111.54,7.5706],[111.5549,7.576],[111.5711,7.5682]]],[[[111.7001,7.6452],[111.6973,7.6357],[111.6588,7.6092],[111.6474,7.6141],[111.6527,7.632],[111.6644,7.64],[111.678,7.6393],[111.6926,7.6491],[111.7001,7.6452]]],[[[111.5608,7.645],[111.5455,7.6389],[111.5451,7.6527],[111.5524,7.6599],[111.5608,7.645]]],[[[111.7569,7.6885],[111.7489,7.675],[111.7379,7.6743],[111.7453,7.6945],[111.7569,7.6885]]],[[[111.7536,7.7749],[111.7536,7.762],[111.7446,7.7553],[111.7366,7.7621],[111.7316,7.7753],[111.7349,7.7853],[111.7432,7.7914],[111.7536,7.7749]]],[[[110.5218,7.8508],[110.5075,7.8231],[110.4916,7.809],[110.4717,7.8023],[110.4495,7.7985],[110.4428,7.8059],[110.4525,7.816],[110.4778,7.8502],[110.5083,7.8558],[110.5218,7.8508]]],[[[111.744,7.8669],[111.7471,7.8385],[111.7367,7.8382],[111.724,7.8517],[111.7331,7.8759],[111.7423,7.8773],[111.744,7.8669]]],[[[111.7363,7.9387],[111.7388,7.9255],[111.7193,7.9199],[111.7047,7.9264],[111.6988,7.9407],[111.7055,7.9479],[111.7244,7.9465],[111.7363,7.9387]]],[[[110.619,8.0759],[110.6333,8.064],[110.6392,8.0434],[110.6287,8.0106],[110.6177,8.0029],[110.6068,8.0076],[110.5916,8.0243],[110.5878,8.0366],[110.5902,8.0591],[110.5944,8.0676],[110.6071,8.077],[110.619,8.0759]],[[110.5957,8.0525],[110.5962,8.0342],[110.6069,8.0362],[110.6191,8.0183],[110.6245,8.0219],[110.6246,8.0405],[110.6112,8.055],[110.5957,8.0525]]],[[[110.4489,8.1513],[110.4566,8.1407],[110.4378,8.1421],[110.4489,8.1513]]],[[[112.0501,8.1957],[112.0558,8.175],[112.051,8.1506],[112.0397,8.1291],[112.0188,8.1225],[111.9999,8.1216],[111.9667,8.1244],[111.9421,8.1375],[111.9373,8.1488],[111.9506,8.1638],[111.9743,8.1657],[111.9951,8.176],[111.998,8.19],[112.0122,8.2041],[112.0236,8.2088],[112.0406,8.2079],[112.0501,8.1957]]],[[[110.5659,8.2105],[110.5827,8.2064],[110.5868,8.1781],[110.5809,8.1728],[110.5558,8.1755],[110.5383,8.1975],[110.5215,8.1877],[110.5183,8.181],[110.5011,8.1708],[110.4945,8.1783],[110.5147,8.1914],[110.5248,8.2028],[110.543,8.2091],[110.5659,8.2105]]],[[[111.4728,8.6183],[111.4924,8.6136],[111.5018,8.6023],[111.5092,8.5809],[111.5072,8.5569],[111.4978,8.5382],[111.4708,8.5182],[111.4397,8.5082],[111.4208,8.5088],[111.4113,8.5188],[111.4134,8.5415],[111.4208,8.5576],[111.4498,8.5716],[111.4579,8.5776],[111.4586,8.6076],[111.4728,8.6183]]],[[[111.6929,8.6913],[111.6977,8.682],[111.6794,8.6688],[111.6488,8.6678],[111.6535,8.6795],[111.6681,8.6804],[111.6929,8.6913]]],[[[112.5551,8.8436],[112.5844,8.8414],[112.5907,8.8438],[112.6174,8.8427],[112.6563,8.8316],[112.6739,8.8236],[112.6653,8.8166],[112.6514,8.8185],[112.6413,8.8282],[112.6309,8.8282],[112.6174,8.8347],[112.5907,8.8367],[112.5688,8.8333],[112.5578,8.8266],[112.5476,8.8304],[112.5472,8.8422],[112.5551,8.8436]]],[[[112.2196,8.8788],[112.1989,8.8729],[112.1856,8.8635],[112.1816,8.8558],[112.194,8.8415],[112.1778,8.8395],[112.1749,8.8489],[112.1815,8.8626],[112.2006,8.8773],[112.2196,8.8788]]],[[[112.8334,8.8698],[112.8555,8.8668],[112.8629,8.8595],[112.8494,8.8538],[112.8234,8.8589],[112.8159,8.8651],[112.8195,8.8746],[112.8334,8.8698]]],[[[112.5015,9.6027],[112.5109,9.5804],[112.5096,9.5676],[112.5015,9.5525],[112.4807,9.5302],[112.4222,9.4837],[112.3752,9.4058],[112.3655,9.398],[112.3372,9.4036],[112.3259,9.4148],[112.3203,9.4274],[112.3184,9.4445],[112.3561,9.5134],[112.4184,9.6139],[112.437,9.6196],[112.4562,9.6194],[112.5015,9.6027]]],[[[109.3288,12.6365],[109.3442,12.6276],[109.3541,12.6258],[109.3679,12.6317],[109.385,12.6237],[109.385,12.6049],[109.3964,12.5944],[109.3948,12.5857],[109.4025,12.5693],[109.4134,12.5564],[109.4078,12.55],[109.3961,12.5509],[109.3847,12.5659],[109.3742,12.5667],[109.3647,12.578],[109.3381,12.5918],[109.3396,12.602],[109.3329,12.6081],[109.32,12.6065],[109.3083,12.6108],[109.3029,12.6191],[109.305,12.6305],[109.3182,12.6397],[109.3288,12.6365]]],[[[114.167,7.619],[114.1535,7.6039],[114.1434,7.6],[114.1405,7.6115],[114.1625,7.6215],[114.167,7.619]]],[[[113.9464,7.6568],[113.9751,7.6492],[113.9733,7.6401],[113.9497,7.6469],[113.9401,7.6409],[113.9344,7.653],[113.9464,7.6568]]],[[[113.8468,7.6531],[113.8344,7.6375],[113.772,7.6287],[113.7679,7.6338],[113.7966,7.6481],[113.8421,7.658],[113.8468,7.6531]]],[[[114.1583,7.7567],[114.1659,7.7432],[114.174,7.7397],[114.1775,7.7269],[114.1734,7.7167],[114.1613,7.724],[114.1595,7.7412],[114.1491,7.7461],[114.1371,7.7399],[114.1262,7.7232],[114.1155,7.7175],[114.0885,7.7134],[114.0705,7.6873],[114.0593,7.6826],[114.047,7.6698],[114.0268,7.6597],[114.0192,7.6443],[114.0005,7.6363],[114.0005,7.6528],[114.0057,7.6728],[114.0301,7.6765],[114.0464,7.6979],[114.0541,7.7008],[114.0726,7.7185],[114.0968,7.7348],[114.1053,7.7467],[114.1152,7.7502],[114.126,7.7598],[114.15,7.7615],[114.1583,7.7567]]],[[[114.2148,7.7496],[114.2049,7.7468],[114.1984,7.7355],[114.1821,7.7381],[114.1784,7.7503],[114.2063,7.7611],[114.2148,7.7496]]],[[[114.2206,7.7682],[114.2146,7.7656],[114.203,7.7765],[114.2185,7.7831],[114.2206,7.7682]]],[[[114.2759,7.8639],[114.274,7.8473],[114.2563,7.8264],[114.263,7.822],[114.2585,7.8029],[114.2489,7.7962],[114.2328,7.8051],[114.2286,7.7975],[114.239,7.7854],[114.2267,7.7829],[114.2243,7.802],[114.2399,7.8148],[114.2511,7.8179],[114.2519,7.832],[114.2607,7.843],[114.2656,7.8621],[114.2759,7.8639]]],[[[113.9242,8.0154],[113.9324,8.0154],[113.9367,7.9887],[113.9468,7.9735],[113.9655,7.9574],[113.9648,7.9525],[113.9474,7.9503],[113.9452,7.9638],[113.9377,7.9756],[113.9162,7.9943],[113.8996,8.0031],[113.8933,8.0108],[113.9082,8.0214],[113.9242,8.0154]],[[113.903,8.0063],[113.9306,7.9902],[113.9292,8.0044],[113.9131,8.0138],[113.903,8.0063]]],[[[114.1517,8.1003],[114.1525,8.0925],[114.1422,8.0818],[114.1285,8.079],[114.1251,8.0881],[114.1322,8.0989],[114.1517,8.1003]]],[[[113.3661,8.2742],[113.3624,8.2518],[113.3529,8.2203],[113.346,8.2047],[113.3304,8.18],[113.3145,8.1586],[113.2768,8.1224],[113.2713,8.1146],[113.2472,8.0905],[113.2326,8.0797],[113.2261,8.0843],[113.2331,8.0942],[113.2552,8.1122],[113.2599,8.1226],[113.2729,8.1346],[113.2947,8.1847],[113.306,8.1992],[113.3318,8.2175],[113.3432,8.2285],[113.35,8.2419],[113.3525,8.2555],[113.3486,8.2676],[113.3625,8.2931],[113.3672,8.2902],[113.3661,8.2742]],[[113.3407,8.2163],[113.3121,8.1946],[113.2981,8.1789],[113.2901,8.1599],[113.2833,8.1339],[113.3103,8.1568],[113.3272,8.1784],[113.3436,8.2065],[113.3407,8.2163]]],[[[114.1784,8.7418],[114.1965,8.7343],[114.2004,8.7255],[114.1989,8.7008],[114.2104,8.6861],[114.197,8.673],[114.1813,8.6651],[114.1709,8.6904],[114.1718,8.7134],[114.1581,8.7406],[114.1676,8.7479],[114.1784,8.7418]],[[114.1724,8.727],[114.1778,8.7168],[114.1775,8.6923],[114.1817,8.6747],[114.1926,8.6743],[114.2021,8.6848],[114.1927,8.7068],[114.1946,8.7285],[114.1771,8.735],[114.1724,8.727]]],[[[113.9694,8.8284],[113.9889,8.8282],[114.009,8.825],[114.0215,8.8165],[114.0349,8.8144],[114.0397,8.7989],[114.0591,8.7855],[114.0595,8.7625],[114.0473,8.7867],[114.0291,8.8058],[113.9937,8.8156],[113.9694,8.8284]]],[[[113.9165,8.8305],[113.9202,8.8131],[113.9044,8.8187],[113.9165,8.8305]]],[[[113.9198,8.8341],[113.9397,8.8303],[113.9447,8.8215],[113.9205,8.8271],[113.9198,8.8341]]],[[[113.7164,8.9794],[113.6884,8.9516],[113.6602,8.9498],[113.651,8.9578],[113.6666,8.9675],[113.6765,8.9658],[113.6947,8.9687],[113.7164,8.9794]]],[[[114.1471,9.3835],[114.1416,9.4013],[114.1478,9.4217],[114.1622,9.437],[114.1766,9.4384],[114.19,9.4338],[114.2012,9.4245],[114.223,9.4129],[114.2411,9.3864],[114.2485,9.3697],[114.2392,9.3451],[114.2383,9.3279],[114.2304,9.324],[114.2021,9.3381],[114.1761,9.3544],[114.1471,9.3835]]],[[[112.908,9.5997],[112.9161,9.5914],[112.8954,9.5742],[112.8858,9.5802],[112.908,9.5997]]],[[[113.8693,10.1174],[113.8657,10.1051],[113.8629,10.0684],[113.8569,10.046],[113.8607,10.0376],[113.8592,10.0081],[113.8518,9.9989],[113.8445,10.0119],[113.8472,10.0303],[113.8465,10.068],[113.8571,10.1002],[113.8578,10.1268],[113.8693,10.1174]]],[[[113.6597,10.2219],[113.63,10.2134],[113.5761,10.2134],[113.5506,10.2276],[113.5492,10.2772],[113.5648,10.3013],[113.5945,10.324],[113.6498,10.3226],[113.6611,10.3084],[113.6682,10.2786],[113.6668,10.2432],[113.6597,10.2219]]],[[[114.0917,10.9388],[114.1029,10.9247],[114.1003,10.9131],[114.0829,10.9],[114.0729,10.8986],[114.0563,10.9021],[114.0554,10.9104],[114.0644,10.9156],[114.0718,10.9294],[114.0917,10.9388]],[[114.0829,10.9322],[114.0652,10.9109],[114.07,10.904],[114.0804,10.9033],[114.0972,10.9136],[114.0964,10.9257],[114.0829,10.9322]]],[[[114.286,7.6989],[114.2757,7.6837],[114.2666,7.6965],[114.2888,7.709],[114.286,7.6989]]],[[[114.384,7.7356],[114.3849,7.7192],[114.3741,7.7099],[114.3655,7.6845],[114.3574,7.683],[114.352,7.6952],[114.3589,7.7125],[114.3719,7.7205],[114.3745,7.7316],[114.3723,7.7468],[114.3814,7.7444],[114.384,7.7356]]],[[[114.401,7.8065],[114.3933,7.8012],[114.3825,7.8024],[114.379,7.8142],[114.397,7.8157],[114.401,7.8065]]],[[[114.4563,7.8695],[114.4495,7.8551],[114.4208,7.8343],[114.4097,7.8186],[114.4033,7.8261],[114.4115,7.8434],[114.4204,7.8473],[114.4406,7.8658],[114.4521,7.8804],[114.4563,7.8695]]],[[[114.5014,7.9232],[114.5034,7.911],[114.4839,7.8947],[114.4797,7.9021],[114.4876,7.9153],[114.485,7.9293],[114.5014,7.9232]]],[[[114.4542,7.9749],[114.4323,7.9691],[114.4349,7.9622],[114.4285,7.9494],[114.4291,7.9301],[114.401,7.9285],[114.3829,7.922],[114.3464,7.9331],[114.3328,7.9335],[114.3246,7.9239],[114.3159,7.9019],[114.3048,7.8889],[114.28,7.8811],[114.2808,7.8884],[114.309,7.9145],[114.3093,7.9251],[114.3204,7.937],[114.3459,7.9518],[114.3619,7.9481],[114.3779,7.933],[114.3921,7.9362],[114.4096,7.945],[114.4081,7.9583],[114.4211,7.9725],[114.4436,7.9775],[114.4542,7.9749]]],[[[114.369,8.5253],[114.3731,8.5139],[114.3711,8.4985],[114.3525,8.4944],[114.3422,8.5005],[114.334,8.517],[114.3329,8.5294],[114.3412,8.5376],[114.3546,8.5376],[114.369,8.5253]]],[[[114.2841,9.7221],[114.292,9.7168],[114.2798,9.7006],[114.2712,9.7059],[114.2737,9.7286],[114.2841,9.7221]]],[[[114.2581,9.7762],[114.2642,9.765],[114.2587,9.7599],[114.2499,9.7691],[114.2581,9.7762]]],[[[114.4752,9.9046],[114.4694,9.8956],[114.4601,9.8996],[114.4626,9.9126],[114.4752,9.9046]]],[[[114.5027,9.9221],[114.5042,9.9156],[114.492,9.9046],[114.4864,9.9123],[114.493,9.9229],[114.5027,9.9221]]],[[[114.5288,9.9391],[114.5297,9.9239],[114.5143,9.9327],[114.5209,9.9421],[114.5288,9.9391]]],[[[114.6732,9.9966],[114.668,9.9864],[114.663,9.9618],[114.6564,9.9744],[114.6581,9.9971],[114.6531,10.0064],[114.6675,10.008],[114.6732,9.9966]]],[[[114.3356,10.704],[114.3319,10.693],[114.3193,10.6962],[114.3323,10.712],[114.3356,10.704]]],[[[114.2934,11.0461],[114.2779,11.0445],[114.2818,11.058],[114.2923,11.0566],[114.2934,11.0461]]],[[[114.3853,11.0888],[114.3766,11.0808],[114.3669,11.0861],[114.3785,11.0953],[114.3853,11.0888]]],[[[114.6016,11.2839],[114.5924,11.2692],[114.5785,11.2594],[114.5663,11.2561],[114.5498,11.2579],[114.5319,11.2692],[114.5245,11.2799],[114.5196,11.2968],[114.5213,11.3144],[114.5319,11.3333],[114.5498,11.3447],[114.5663,11.3464],[114.5859,11.339],[114.5952,11.33],[114.603,11.3144],[114.6047,11.2968],[114.6016,11.2839]]],[[[114.401,11.4549],[114.3964,11.4525],[114.3822,11.4653],[114.3995,11.4674],[114.401,11.4549]]],[[[114.7924,8.0956],[114.7822,8.0855],[114.7502,8.0703],[114.7332,8.0682],[114.7095,8.0744],[114.6736,8.0688],[114.6701,8.0739],[114.7025,8.0795],[114.7177,8.08],[114.7344,8.0747],[114.7549,8.078],[114.7738,8.0869],[114.7875,8.1],[114.7924,8.0956]]],[[[114.7266,8.1695],[114.7415,8.161],[114.7675,8.159],[114.7723,8.1473],[114.7852,8.1344],[114.8049,8.129],[114.8124,8.1148],[114.8103,8.1082],[114.7985,8.1004],[114.787,8.1208],[114.7675,8.1276],[114.763,8.1332],[114.7379,8.1424],[114.712,8.1435],[114.6786,8.1328],[114.6652,8.1228],[114.6378,8.1238],[114.6145,8.1146],[114.619,8.1057],[114.609,8.1017],[114.5962,8.1039],[114.5617,8.101],[114.5459,8.095],[114.5223,8.0907],[114.5138,8.0943],[114.5262,8.1111],[114.5354,8.1183],[114.5645,8.1185],[114.5777,8.1285],[114.5871,8.127],[114.6029,8.1357],[114.6169,8.1366],[114.6608,8.1498],[114.6719,8.1495],[114.6866,8.1582],[114.7001,8.1713],[114.7123,8.1755],[114.7266,8.1695]]],[[[115.2079,8.3742],[115.2203,8.3636],[115.2399,8.3625],[115.2464,8.3589],[115.2635,8.3643],[115.2781,8.3596],[115.2807,8.3488],[115.2677,8.3407],[115.2452,8.3483],[115.2,8.3472],[115.1863,8.362],[115.1742,8.3702],[115.1727,8.38],[115.198,8.3856],[115.2079,8.3742]],[[115.1856,8.3703],[115.2015,8.3518],[115.2098,8.3618],[115.1992,8.3738],[115.1856,8.3703]]],[[[114.6827,8.8608],[114.6697,8.8476],[114.6415,8.8264],[114.6334,8.83],[114.635,8.8553],[114.6447,8.8635],[114.6618,8.8691],[114.6822,8.8705],[114.6827,8.8608]],[[114.6537,8.8583],[114.6413,8.849],[114.644,8.8327],[114.6743,8.8555],[114.6662,8.8608],[114.6537,8.8583]]],[[[116.3116,8.9114],[116.2837,8.9074],[116.2788,8.9034],[116.2691,8.8686],[116.265,8.8743],[116.2741,8.9072],[116.2791,8.9127],[116.3019,8.9143],[116.3116,8.9114]]],[[[116.4814,9.1668],[116.4635,9.1582],[116.4594,9.1743],[116.4716,9.1737],[116.4814,9.1668]]],[[[115.9409,9.3227],[115.9561,9.3242],[115.9649,9.314],[115.9444,9.3085],[115.9319,9.3104],[115.9067,9.3075],[115.9146,9.3166],[115.9284,9.3249],[115.9409,9.3227]]],[[[115.4583,9.3981],[115.4605,9.3751],[115.4679,9.3611],[115.4528,9.3483],[115.4402,9.3495],[115.4336,9.355],[115.4255,9.3797],[115.4444,9.415],[115.4525,9.4173],[115.4583,9.3981]],[[115.4408,9.3954],[115.4318,9.3796],[115.4386,9.3575],[115.4487,9.3524],[115.4607,9.3626],[115.4549,9.3744],[115.4557,9.3897],[115.4504,9.4071],[115.4408,9.3954]]],[[[116.4111,9.4201],[116.4056,9.4333],[116.4207,9.4461],[116.4277,9.4413],[116.4256,9.4295],[116.4111,9.4201]]],[[[116.3628,9.5588],[116.3741,9.5768],[116.3928,9.5906],[116.4024,9.588],[116.4133,9.579],[116.429,9.5605],[116.4342,9.5386],[116.4242,9.5141],[116.4089,9.4935],[116.3902,9.4823],[116.3606,9.4789],[116.3366,9.4802],[116.3266,9.4853],[116.3262,9.5029],[116.3545,9.5167],[116.3615,9.5347],[116.3628,9.5588]]],[[[115.8938,9.8014],[115.8751,9.8024],[115.8674,9.7962],[115.8517,9.7715],[115.8578,9.7597],[115.8563,9.7401],[115.8619,9.7118],[115.8567,9.6991],[115.8691,9.6936],[115.8569,9.6746],[115.846,9.6743],[115.854,9.7106],[115.849,9.7364],[115.8509,9.753],[115.8416,9.7664],[115.8577,9.7926],[115.8591,9.7992],[115.8724,9.8071],[115.8938,9.8014]]],[[[116.4757,9.805],[116.4825,9.7956],[116.4802,9.7848],[116.4541,9.7978],[116.4443,9.7932],[116.4174,9.7912],[116.421,9.7977],[116.4427,9.7982],[116.4562,9.8084],[116.4757,9.805]]],[[[115.5411,9.9296],[115.5574,9.9281],[115.5751,9.921],[115.5818,9.9116],[115.582,9.9007],[115.5672,9.8836],[115.5536,9.873],[115.523,9.8764],[115.5256,9.8829],[115.552,9.8777],[115.5645,9.8861],[115.5753,9.8984],[115.569,9.9166],[115.5245,9.9262],[115.5123,9.922],[115.5115,9.932],[115.5237,9.9336],[115.5411,9.9296]]],[[[115.3057,10.1975],[115.3297,10.1963],[115.3146,10.1795],[115.2886,10.1699],[115.2885,10.182],[115.2808,10.1956],[115.2851,10.211],[115.3057,10.1975]],[[115.2866,10.1952],[115.2942,10.179],[115.314,10.1851],[115.293,10.1982],[115.2866,10.1952]]],[[[115.378,10.2499],[115.3671,10.2418],[115.3643,10.2548],[115.378,10.2499]]],[[[114.713,10.3636],[114.7006,10.3448],[114.7055,10.3207],[114.689,10.3077],[114.6961,10.3345],[114.6899,10.3545],[114.713,10.3636]]],[[[115.8046,10.5357],[115.803,10.5061],[115.7972,10.4918],[115.7931,10.458],[115.7862,10.4528],[115.767,10.4578],[115.7791,10.4655],[115.7674,10.4769],[115.7771,10.5078],[115.7651,10.5179],[115.7531,10.5188],[115.7232,10.497],[115.71,10.4767],[115.7011,10.488],[115.7127,10.5077],[115.7359,10.5384],[115.7457,10.5391],[115.7599,10.5329],[115.7781,10.5352],[115.7893,10.5413],[115.8046,10.5357]]],[[[115.8336,10.6765],[115.8393,10.6655],[115.8358,10.6574],[115.8441,10.6458],[115.8497,10.6302],[115.8456,10.6164],[115.8305,10.5957],[115.8256,10.5962],[115.8198,10.6152],[115.8233,10.6277],[115.8204,10.639],[115.8236,10.6536],[115.8182,10.6764],[115.8336,10.6765]]],[[[116.1752,10.7153],[116.1756,10.6948],[116.1805,10.6803],[116.2071,10.6402],[116.1838,10.6103],[116.1682,10.6046],[116.1595,10.6087],[116.162,10.6227],[116.1611,10.6567],[116.165,10.6704],[116.1673,10.6969],[116.1633,10.7166],[116.1752,10.7153]]],[[[115.8496,10.807],[115.8613,10.8003],[115.8716,10.7868],[115.8767,10.7578],[115.8834,10.744],[115.888,10.7213],[115.9007,10.698],[115.8859,10.6778],[115.8749,10.6865],[115.8842,10.7124],[115.8698,10.7206],[115.8585,10.7427],[115.8599,10.7553],[115.872,10.7557],[115.8721,10.7671],[115.8587,10.7741],[115.8436,10.7873],[115.8255,10.7844],[115.8188,10.7781],[115.8249,10.7687],[115.8157,10.7556],[115.8186,10.748],[115.8189,10.7219],[115.8331,10.7177],[115.8323,10.7074],[115.8375,10.6869],[115.818,10.6814],[115.8102,10.6972],[115.8053,10.7312],[115.8129,10.7571],[115.8082,10.7778],[115.8094,10.7907],[115.8175,10.809],[115.8298,10.8259],[115.8371,10.8277],[115.8496,10.807]]],[[[116.2096,10.8019],[116.1988,10.7927],[116.2005,10.7755],[116.1891,10.7598],[116.1919,10.7513],[116.1862,10.7299],[116.1779,10.7345],[116.1868,10.7562],[116.1853,10.7659],[116.1934,10.7951],[116.2051,10.8131],[116.2096,10.8019]]],[[[116.2761,10.7977],[116.2689,10.7949],[116.2547,10.8017],[116.2617,10.813],[116.2697,10.8126],[116.2761,10.7977]]],[[[116.3192,10.8314],[116.3426,10.8316],[116.343,10.8179],[116.3107,10.8173],[116.2896,10.8048],[116.2826,10.8175],[116.2853,10.8284],[116.2981,10.8353],[116.3192,10.8314]]],[[[116.2497,10.8517],[116.2352,10.852],[116.2408,10.8618],[116.2497,10.8517]]],[[[116.3963,10.8925],[116.3988,10.8775],[116.3924,10.8585],[116.3731,10.8698],[116.3699,10.8896],[116.3819,10.9012],[116.3963,10.8925]]],[[[114.9384,10.9039],[114.9321,10.882],[114.923,10.8642],[114.8984,10.8642],[114.8769,10.854],[114.8765,10.8602],[114.8961,10.8653],[114.9202,10.8829],[114.925,10.8943],[114.9384,10.9039]]],[[[116.4229,10.9056],[116.442,10.9028],[116.4548,10.9063],[116.4611,10.8992],[116.4582,10.8909],[116.4387,10.8757],[116.4275,10.8779],[116.4059,10.9073],[116.4229,10.9056]]],[[[115.9032,10.9077],[115.9082,10.8975],[115.9225,10.8963],[115.9176,10.8825],[115.9019,10.8783],[115.8956,10.8814],[115.9032,10.9077]]],[[[114.6415,11.3815],[114.6551,11.3942],[114.6806,11.4002],[114.7069,11.3968],[114.7213,11.3747],[114.7433,11.3518],[114.7569,11.334],[114.7594,11.317],[114.7459,11.2975],[114.7391,11.2823],[114.7177,11.2737],[114.693,11.2765],[114.6754,11.2846],[114.6602,11.2972],[114.646,11.3188],[114.6421,11.3309],[114.6305,11.3425],[114.6288,11.3569],[114.6322,11.3705],[114.6415,11.3815]]],[[[116.2417,11.3501],[116.2265,11.3782],[116.2482,11.4625],[116.2784,11.5101],[116.313,11.5296],[116.3498,11.5274],[116.3584,11.5123],[116.3498,11.4517],[116.3109,11.3631],[116.2784,11.3415],[116.2503,11.3458],[116.2417,11.3501]]],[[[116.3573,11.6674],[116.3482,11.6366],[116.342,11.6223],[116.3269,11.5965],[116.3085,11.5754],[116.2875,11.5596],[116.2647,11.55],[116.241,11.5467],[116.2173,11.55],[116.1945,11.5596],[116.1837,11.5668],[116.1639,11.5853],[116.1471,11.6089],[116.14,11.6223],[116.1287,11.6517],[116.1218,11.6836],[116.1201,11.7002],[116.1201,11.7335],[116.1218,11.75],[116.1287,11.7819],[116.14,11.8113],[116.1471,11.8248],[116.1639,11.8483],[116.1837,11.8669],[116.1945,11.874],[116.2173,11.8837],[116.241,11.887],[116.2647,11.8837],[116.2875,11.874],[116.3085,11.8583],[116.3269,11.8371],[116.342,11.8113],[116.3482,11.797],[116.3573,11.7662],[116.3602,11.75],[116.3625,11.7168],[116.3602,11.6836],[116.3573,11.6674]]],[[[116.6828,9.0401],[116.6884,9.031],[116.6812,9.0203],[116.6579,9.0299],[116.6546,9.0408],[116.6598,9.0532],[116.6717,9.0504],[116.6828,9.0401]],[[116.6591,9.0423],[116.6608,9.0335],[116.6718,9.0261],[116.682,9.0256],[116.6842,9.035],[116.6681,9.0497],[116.6591,9.0423]]],[[[116.5406,9.742],[116.5816,9.7419],[116.5907,9.734],[116.6007,9.732],[116.6106,9.7179],[116.611,9.7093],[116.6013,9.7069],[116.5876,9.7151],[116.5664,9.7145],[116.5618,9.7215],[116.5417,9.7293],[116.5186,9.7277],[116.5104,9.7185],[116.5064,9.7068],[116.4958,9.7012],[116.4901,9.7059],[116.5058,9.7156],[116.5164,9.734],[116.5164,9.7429],[116.5265,9.747],[116.5406,9.742]]],[[[116.5025,10.3348],[116.5184,10.3136],[116.525,10.3011],[116.5167,10.2927],[116.5003,10.2851],[116.4859,10.2873],[116.4699,10.3055],[116.4853,10.3348],[116.4964,10.3424],[116.5025,10.3348]]],[[[116.7031,10.3395],[116.7039,10.3346],[116.6767,10.3297],[116.6769,10.3396],[116.6988,10.3436],[116.7031,10.3395]]],[[[116.7331,10.3473],[116.718,10.3453],[116.7168,10.3513],[116.731,10.3562],[116.7331,10.3473]]],[[[116.7706,10.3614],[116.7559,10.3582],[116.7597,10.3714],[116.7706,10.3614]]],[[[116.5234,10.3921],[116.5253,10.3754],[116.5114,10.3792],[116.5098,10.3888],[116.5234,10.3921]]],[[[116.5675,10.5139],[116.5723,10.5054],[116.5678,10.4923],[116.5534,10.4992],[116.5578,10.515],[116.5675,10.5139]]],[[[116.6988,10.7876],[116.6821,10.7781],[116.6835,10.7898],[116.6988,10.7876]]],[[[116.6329,10.8113],[116.6603,10.7936],[116.6758,10.7769],[116.6633,10.7711],[116.6401,10.7732],[116.6231,10.7872],[116.6187,10.7943],[116.6194,10.807],[116.6247,10.8235],[116.6329,10.8113]]],[[[116.6534,10.8519],[116.6431,10.8526],[116.6442,10.8661],[116.655,10.8611],[116.6534,10.8519]]],[[[116.6498,10.8834],[116.6578,10.8738],[116.6527,10.8684],[116.6414,10.8718],[116.6408,10.8853],[116.6498,10.8834]]],[[[116.9362,9.4478],[116.9285,9.4401],[116.9193,9.4508],[116.932,9.4621],[116.9362,9.4478]]],[[[117.3407,10.0968],[117.333,10.0892],[117.3238,10.0998],[117.3365,10.1112],[117.3407,10.0968]]],[[[117.3706,10.3787],[117.3688,10.3481],[117.3629,10.3336],[117.3588,10.2997],[117.3519,10.2946],[117.3083,10.2967],[117.2971,10.3002],[117.2844,10.3098],[117.2668,10.3297],[117.2784,10.3494],[117.3016,10.3801],[117.3115,10.3809],[117.3257,10.3747],[117.3438,10.3769],[117.355,10.3831],[117.3706,10.3787]],[[117.3394,10.3508],[117.3394,10.3399],[117.3206,10.3393],[117.3019,10.3524],[117.2929,10.3425],[117.3188,10.3173],[117.3289,10.3171],[117.3441,10.3388],[117.3394,10.3508]]],[[[116.8931,10.5557],[116.9135,10.5465],[116.9381,10.5578],[116.9467,10.5576],[116.9525,10.5479],[116.9431,10.5294],[116.9093,10.5116],[116.8984,10.5283],[116.878,10.5509],[116.8815,10.5609],[116.8931,10.5557]]],[[[117.1419,10.6243],[117.1655,10.6109],[117.1836,10.6085],[117.1989,10.5996],[117.1924,10.5786],[117.1802,10.5741],[117.1775,10.5828],[117.1646,10.593],[117.1519,10.594],[117.1332,10.6147],[117.1419,10.6243]]],[[[117.356,10.6357],[117.3602,10.6145],[117.3766,10.5977],[117.3594,10.5927],[117.3434,10.6001],[117.3427,10.6362],[117.356,10.6357]]],[[[117.6424,10.6377],[117.6462,10.6259],[117.6112,10.6352],[117.6316,10.6418],[117.6424,10.6377]]],[[[116.8204,10.6815],[116.8227,10.664],[116.8202,10.6239],[116.8346,10.6033],[116.8213,10.6041],[116.8168,10.6155],[116.8142,10.6393],[116.8041,10.6535],[116.7885,10.6636],[116.804,10.6728],[116.8155,10.6884],[116.8204,10.6815]]],[[[117.1428,10.6612],[117.1475,10.6538],[117.1368,10.6453],[117.1324,10.6585],[117.1428,10.6612]]],[[[117.3492,10.6758],[117.3532,10.6638],[117.3181,10.6731],[117.3386,10.6797],[117.3492,10.6758]]],[[[117.3711,10.7218],[117.3865,10.7152],[117.3939,10.699],[117.3872,10.6973],[117.3711,10.7218]]],[[[117.1907,10.7525],[117.2001,10.736],[117.1917,10.73],[117.1708,10.7467],[117.1807,10.7552],[117.1907,10.7525]]],[[[117.4173,10.8226],[117.4232,10.8083],[117.4152,10.7977],[117.3941,10.7877],[117.3835,10.799],[117.3887,10.8166],[117.3992,10.8248],[117.4173,10.8226]]],[[[116.8094,10.825],[116.814,10.8165],[116.7849,10.8125],[116.7946,10.8257],[116.8094,10.825]]],[[[117.8024,10.9141],[117.8028,10.8827],[117.8139,10.8571],[117.8173,10.8414],[117.8142,10.8045],[117.8044,10.7957],[117.7875,10.7917],[117.7611,10.7991],[117.7534,10.8222],[117.7526,10.8539],[117.761,10.8914],[117.7587,10.9066],[117.7611,10.9207],[117.7807,10.9231],[117.8021,10.9206],[117.8024,10.9141]]],[[[117.4093,10.9049],[117.4206,10.8917],[117.4128,10.8672],[117.4043,10.8568],[117.3928,10.853],[117.3765,10.8549],[117.368,10.87],[117.3721,10.8871],[117.3882,10.905],[117.4,10.9079],[117.4093,10.9049]]],[[[117.652,11.0405],[117.6573,11.0306],[117.6461,11.0243],[117.6417,11.0376],[117.652,11.0405]]],[[[117.3081,11.1193],[117.322,11.1058],[117.3269,11.0939],[117.3272,11.0791],[117.3224,11.0618],[117.3118,11.0409],[117.2947,11.0262],[117.2721,11.0204],[117.2466,11.0245],[117.2334,11.034],[117.2223,11.0569],[117.2225,11.0743],[117.233,11.1024],[117.2535,11.122],[117.2751,11.1288],[117.2909,11.1283],[117.3081,11.1193]]],[[[117.4965,11.071],[117.4819,11.0548],[117.4573,11.0524],[117.4439,11.0605],[117.4346,11.0802],[117.4369,11.0958],[117.4439,11.1063],[117.4573,11.1144],[117.4698,11.1156],[117.4819,11.112],[117.4916,11.1039],[117.4988,11.0866],[117.4965,11.071]]]]},"properties":{"Ma":"23","TinhThanh":"Khánh Hòa"}},{"type":"Feature","geometry":{"type":"Polygon","coordinates":[[[103.4968,21.9698],[103.4751,21.979],[103.4646,21.9967],[103.4523,22.0094],[103.4555,22.0172],[103.4685,22.0269],[103.4534,22.0539],[103.4341,22.056],[103.431,22.0649],[103.4199,22.075],[103.4066,22.1151],[103.4049,22.129],[103.3942,22.1391],[103.3892,22.1569],[103.3553,22.1526],[103.3368,22.1542],[103.3188,22.1421],[103.3169,22.1342],[103.3064,22.125],[103.3089,22.116],[103.2933,22.1127],[103.2846,22.1034],[103.2834,22.0875],[103.2734,22.0723],[103.2882,22.0557],[103.2912,22.0432],[103.2773,22.039],[103.2436,22.0491],[103.2253,22.0637],[103.2111,22.0703],[103.2,22.0679],[103.1758,22.0766],[103.1506,22.0751],[103.1473,22.0672],[103.1333,22.0739],[103.1218,22.095],[103.1026,22.1018],[103.0997,22.0871],[103.0897,22.0701],[103.0949,22.0577],[103.0767,22.0575],[103.0647,22.063],[103.0561,22.0533],[103.039,22.0477],[103.0224,22.056],[103.0034,22.0502],[102.994,22.0434],[102.9903,22.0286],[102.9699,22.0297],[102.9614,22.0378],[102.9604,22.0501],[102.9472,22.059],[102.944,22.0661],[102.93,22.0686],[102.9347,22.0841],[102.9255,22.0917],[102.9132,22.0912],[102.897,22.0761],[102.8793,22.0802],[102.868,22.0779],[102.8619,22.0612],[102.855,22.0656],[102.8283,22.0637],[102.7778,22.0885],[102.7808,22.099],[102.7678,22.1172],[102.7436,22.1309],[102.737,22.1639],[102.7469,22.177],[102.7517,22.2038],[102.7469,22.2188],[102.7291,22.2382],[102.6954,22.2452],[102.6765,22.2619],[102.6625,22.2536],[102.6875,22.2366],[102.6979,22.209],[102.6944,22.1971],[102.6771,22.169],[102.661,22.175],[102.6401,22.1771],[102.6172,22.2031],[102.6186,22.2358],[102.6047,22.2394],[102.5793,22.2606],[102.5636,22.2601],[102.5538,22.2435],[102.5341,22.246],[102.5147,22.261],[102.5094,22.2793],[102.4903,22.2978],[102.4911,22.3027],[102.4748,22.3206],[102.4736,22.3278],[102.4562,22.3427],[102.4572,22.3501],[102.4492,22.3612],[102.4265,22.3711],[102.4245,22.3825],[102.4105,22.3884],[102.3877,22.412],[102.3981,22.4186],[102.3936,22.4496],[102.3868,22.4675],[102.361,22.4771],[102.3569,22.4904],[102.3474,22.4895],[102.3485,22.5045],[102.3389,22.5176],[102.3398,22.5273],[102.3218,22.5473],[102.3215,22.5568],[102.3376,22.5597],[102.3543,22.5666],[102.3453,22.5831],[102.3465,22.5891],[102.3712,22.5932],[102.386,22.6093],[102.3879,22.6163],[102.4038,22.6337],[102.4183,22.6362],[102.4,22.6473],[102.3893,22.6638],[102.3824,22.6811],[102.3939,22.6911],[102.4074,22.6843],[102.4237,22.6919],[102.4356,22.7017],[102.4439,22.7258],[102.4564,22.7326],[102.4513,22.7417],[102.4523,22.7563],[102.4593,22.7664],[102.4793,22.7709],[102.4816,22.7788],[102.5081,22.7785],[102.5249,22.7628],[102.5341,22.7586],[102.5476,22.7439],[102.553,22.7313],[102.5649,22.7231],[102.5681,22.7045],[102.5847,22.7073],[102.5854,22.72],[102.6004,22.7336],[102.6107,22.7305],[102.6312,22.7103],[102.6506,22.698],[102.6565,22.6904],[102.6885,22.7045],[102.707,22.6948],[102.7104,22.6813],[102.7264,22.677],[102.7356,22.6664],[102.7516,22.6675],[102.7641,22.6474],[102.7873,22.6436],[102.7832,22.637],[102.7873,22.6264],[102.8164,22.6218],[102.8247,22.6274],[102.8562,22.6108],[102.8626,22.6007],[102.8748,22.5952],[102.8779,22.5879],[102.8722,22.5751],[102.882,22.5682],[102.8776,22.5588],[102.8964,22.5441],[102.8887,22.5376],[102.9053,22.5265],[102.911,22.5098],[102.9196,22.5083],[102.9234,22.4904],[102.9657,22.4793],[102.9825,22.4807],[102.9934,22.4718],[102.9968,22.4603],[103.0113,22.4605],[103.0133,22.4531],[103.0308,22.4425],[103.0353,22.4463],[103.0648,22.4475],[103.08,22.4511],[103.0778,22.4716],[103.0724,22.4874],[103.0845,22.5113],[103.0972,22.5147],[103.114,22.514],[103.1483,22.5444],[103.1561,22.5395],[103.1832,22.5602],[103.1618,22.5836],[103.1578,22.5942],[103.1647,22.6043],[103.1683,22.6186],[103.1805,22.6294],[103.1849,22.6444],[103.1934,22.6502],[103.2082,22.6461],[103.2277,22.6484],[103.2313,22.6574],[103.2497,22.669],[103.2706,22.6745],[103.2836,22.6846],[103.2812,22.6976],[103.288,22.7084],[103.289,22.7205],[103.2854,22.7371],[103.3009,22.752],[103.3024,22.7585],[103.3208,22.7865],[103.3195,22.8078],[103.3668,22.8011],[103.3858,22.7883],[103.3907,22.7813],[103.4092,22.7785],[103.4163,22.7641],[103.4399,22.7532],[103.4406,22.7405],[103.4279,22.7337],[103.4269,22.7173],[103.4398,22.6937],[103.4513,22.6889],[103.4605,22.6782],[103.4557,22.6615],[103.4651,22.6471],[103.4771,22.6399],[103.4794,22.6302],[103.4883,22.6193],[103.5087,22.6098],[103.5115,22.6007],[103.5304,22.5948],[103.5331,22.5842],[103.5486,22.5883],[103.5719,22.5767],[103.5663,22.5684],[103.5767,22.553],[103.5845,22.5312],[103.5952,22.5267],[103.5826,22.4984],[103.566,22.4848],[103.5553,22.4717],[103.5687,22.4572],[103.5723,22.4472],[103.5876,22.4294],[103.6032,22.4249],[103.6036,22.4104],[103.6254,22.3963],[103.6451,22.4043],[103.6758,22.4035],[103.7272,22.4151],[103.7466,22.4081],[103.7623,22.3919],[103.7655,22.359],[103.7789,22.349],[103.779,22.3488],[103.7804,22.3391],[103.7685,22.3336],[103.7688,22.3216],[103.7603,22.3134],[103.7855,22.303],[103.8092,22.2857],[103.8255,22.2696],[103.8268,22.2611],[103.8381,22.2487],[103.8424,22.2363],[103.841,22.2258],[103.8492,22.2215],[103.8551,22.2069],[103.8711,22.2003],[103.8683,22.1783],[103.8685,22.1782],[103.887,22.1745],[103.8973,22.1589],[103.9223,22.1414],[103.9381,22.1398],[103.9368,22.1192],[103.944,22.0986],[103.9384,22.0815],[103.9524,22.0648],[103.9573,22.0489],[103.9531,22.0262],[103.9648,22.0144],[103.9545,21.9999],[103.9677,21.9883],[103.9747,21.9753],[103.985,21.967],[103.9716,21.9598],[103.9614,21.9443],[103.9606,21.9355],[103.943,21.9177],[103.929,21.9233],[103.9213,21.9322],[103.9056,21.921],[103.8935,21.9212],[103.886,21.9063],[103.8891,21.9006],[103.8893,21.8652],[103.9194,21.8381],[103.92,21.8322],[103.9341,21.8203],[103.953,21.7972],[103.9655,21.7613],[103.9514,21.7522],[103.9537,21.7464],[103.9311,21.7436],[103.9156,21.7348],[103.9182,21.7281],[103.9121,21.7166],[103.9221,21.7006],[103.9052,21.6948],[103.8917,21.7005],[103.8824,21.7088],[103.8813,21.688],[103.8722,21.6859],[103.8378,21.7062],[103.8332,21.7438],[103.826,21.7351],[103.8147,21.7401],[103.8074,21.737],[103.7902,21.7629],[103.7831,21.7633],[103.7792,21.7782],[103.7542,21.7803],[103.7536,21.7888],[103.7597,21.8082],[103.7323,21.8094],[103.7156,21.8127],[103.711,21.8219],[103.6965,21.8255],[103.6964,21.8378],[103.7062,21.8434],[103.7084,21.8538],[103.7212,21.8707],[103.7219,21.8797],[103.7051,21.8843],[103.7064,21.9011],[103.7012,21.9099],[103.6833,21.9213],[103.69,21.9325],[103.6862,21.943],[103.6664,21.9499],[103.6594,21.9663],[103.6578,21.9817],[103.6454,21.9944],[103.6341,21.9898],[103.6133,22.0016],[103.6076,22.012],[103.5961,22.0124],[103.5812,22.019],[103.5546,22.0236],[103.546,22.0304],[103.525,22.0248],[103.5106,22.0103],[103.5134,21.9924],[103.4993,21.9778],[103.4968,21.9698]]]},"properties":{"Ma":"14","TinhThanh":"Lai Châu"}},{"type":"Feature","geometry":{"type":"MultiPolygon","coordinates":[[[[107.5604,12.7952],[107.5758,12.7979],[107.59,12.7947],[107.6011,12.8023],[107.613,12.7989],[107.6345,12.8037],[107.643,12.7955],[107.6611,12.7985],[107.6889,12.7899],[107.7245,12.7852],[107.7316,12.782],[107.7704,12.7777],[107.8029,12.7799],[107.8167,12.79],[107.8236,12.8001],[107.8487,12.8121],[107.8628,12.7992],[107.8535,12.7806],[107.8555,12.7646],[107.8605,12.7565],[107.8897,12.7467],[107.9091,12.7431],[107.9076,12.7314],[107.8991,12.7247],[107.8953,12.7108],[107.9122,12.6925],[107.9045,12.675],[107.9146,12.6588],[107.908,12.646],[107.9206,12.6453],[107.9208,12.619],[107.9293,12.615],[107.9285,12.6005],[107.9342,12.5979],[107.9309,12.5823],[107.908,12.5754],[107.8928,12.5637],[107.8955,12.5529],[107.8862,12.5446],[107.9049,12.5285],[107.9399,12.5274],[107.9737,12.5085],[107.9795,12.4964],[107.9915,12.492],[107.9915,12.4852],[108.0011,12.4752],[107.995,12.4704],[107.9843,12.4459],[107.9656,12.4364],[107.9533,12.4417],[107.9437,12.4369],[107.9242,12.4211],[107.9128,12.3983],[107.9218,12.3804],[107.9284,12.3803],[107.9345,12.3674],[107.9309,12.3545],[107.9337,12.3432],[107.9431,12.336],[107.9435,12.3279],[107.9524,12.3188],[107.9711,12.311],[107.9738,12.297],[107.9998,12.304],[108.0051,12.2963],[108.016,12.3026],[108.019,12.2918],[108.0397,12.2893],[108.0515,12.2658],[108.0678,12.2647],[108.0746,12.2512],[108.0856,12.2407],[108.0861,12.225],[108.0963,12.2106],[108.1064,12.2051],[108.1136,12.194],[108.1129,12.1844],[108.1202,12.1752],[108.1533,12.1883],[108.1631,12.1966],[108.1685,12.1883],[108.1812,12.1847],[108.1849,12.1742],[108.1973,12.1773],[108.2093,12.1726],[108.2179,12.1835],[108.238,12.176],[108.2393,12.1625],[108.2548,12.1735],[108.2483,12.1786],[108.2598,12.2005],[108.2721,12.2047],[108.278,12.2144],[108.3004,12.2085],[108.3112,12.2181],[108.332,12.2308],[108.3363,12.2483],[108.3474,12.2478],[108.356,12.2548],[108.3699,12.2541],[108.3875,12.2411],[108.3997,12.2424],[108.4273,12.2517],[108.4412,12.2637],[108.4413,12.2745],[108.46,12.2759],[108.4722,12.2884],[108.4811,12.3029],[108.4929,12.3046],[108.4989,12.2851],[108.5086,12.2778],[108.5314,12.2791],[108.5397,12.2846],[108.5407,12.297],[108.5724,12.2898],[108.5961,12.2767],[108.624,12.2887],[108.6628,12.2976],[108.6764,12.3088],[108.6805,12.3166],[108.7015,12.307],[108.7027,12.2633],[108.7056,12.2558],[108.7018,12.2385],[108.719,12.2249],[108.7218,12.218],[108.7097,12.1909],[108.7191,12.1816],[108.7201,12.1732],[108.7291,12.1621],[108.7201,12.1541],[108.7067,12.1547],[108.694,12.1463],[108.6939,12.1308],[108.6784,12.1219],[108.6994,12.0981],[108.7088,12.0789],[108.7123,12.0612],[108.7031,12.0421],[108.6944,12.0409],[108.6797,12.0114],[108.6835,11.9951],[108.6813,11.9851],[108.662,11.9617],[108.6653,11.9386],[108.6614,11.9265],[108.6641,11.915],[108.6539,11.8954],[108.6556,11.8857],[108.6509,11.8645],[108.6529,11.8441],[108.6393,11.8302],[108.6303,11.8304],[108.6194,11.8037],[108.6371,11.7934],[108.655,11.7927],[108.6719,11.7849],[108.6632,11.761],[108.6678,11.7469],[108.6901,11.7347],[108.6949,11.7113],[108.6932,11.6985],[108.6786,11.6695],[108.6696,11.6636],[108.6581,11.6669],[108.6193,11.6514],[108.5972,11.6491],[108.5759,11.6395],[108.5624,11.6423],[108.5532,11.6323],[108.5521,11.6014],[108.5668,11.5811],[108.5717,11.5787],[108.5827,11.5555],[108.6423,11.5503],[108.659,11.5039],[108.6641,11.4998],[108.6794,11.4725],[108.7131,11.4607],[108.7249,11.4685],[108.7505,11.471],[108.7616,11.4697],[108.7569,11.4113],[108.7833,11.3934],[108.7846,11.3879],[108.8035,11.3817],[108.8437,11.3762],[108.8455,11.3645],[108.8651,11.3505],[108.877,11.354],[108.8765,11.3404],[108.8639,11.3328],[108.8452,11.3323],[108.838,11.3234],[108.8277,11.3197],[108.8169,11.3218],[108.8092,11.3166],[108.7917,11.3147],[108.783,11.3089],[108.7768,11.2916],[108.7607,11.2859],[108.7546,11.28],[108.7515,11.2584],[108.7461,11.2448],[108.7456,11.2315],[108.7332,11.209],[108.7298,11.1842],[108.7119,11.1755],[108.6923,11.1846],[108.6617,11.1932],[108.6367,11.1901],[108.6157,11.1808],[108.5942,11.1845],[108.5802,11.1798],[108.5621,11.1627],[108.5463,11.1605],[108.518,11.1474],[108.5091,11.137],[108.4965,11.1144],[108.4815,11.077],[108.474,11.049],[108.4585,11.0393],[108.446,11.0479],[108.4274,11.0428],[108.4142,11.0266],[108.4086,11.033],[108.3771,11.034],[108.3628,11.0242],[108.3476,10.999],[108.3399,10.969],[108.3402,10.9581],[108.3311,10.9514],[108.3238,10.96],[108.3134,10.9593],[108.3017,10.9457],[108.2956,10.9293],[108.2939,10.9138],[108.2824,10.9149],[108.2823,10.9355],[108.2705,10.9449],[108.2341,10.9544],[108.2132,10.9514],[108.1902,10.9372],[108.1759,10.936],[108.1657,10.9308],[108.14,10.932],[108.1207,10.9278],[108.1092,10.9179],[108.0942,10.9177],[108.0811,10.9104],[108.06,10.8787],[108.0432,10.8444],[108.0333,10.8193],[108.0263,10.795],[108.0148,10.7366],[107.9956,10.709],[107.9857,10.704],[107.9608,10.7054],[107.9347,10.716],[107.8969,10.7221],[107.8631,10.7135],[107.8447,10.7037],[107.831,10.705],[107.8212,10.7009],[107.8068,10.6881],[107.7745,10.6512],[107.7551,10.6405],[107.7275,10.6314],[107.7069,10.6326],[107.6826,10.6241],[107.6638,10.6091],[107.6234,10.5948],[107.5707,10.5684],[107.5662,10.5774],[107.5714,10.6009],[107.5636,10.6144],[107.5682,10.6191],[107.5555,10.6461],[107.539,10.6762],[107.5466,10.6954],[107.5442,10.7061],[107.5259,10.7316],[107.5054,10.7476],[107.5025,10.7632],[107.505,10.7714],[107.522,10.7735],[107.5545,10.7934],[107.5702,10.811],[107.5771,10.8327],[107.5735,10.8472],[107.5597,10.8674],[107.5602,10.9366],[107.5427,10.9783],[107.5273,10.9959],[107.4957,11.0143],[107.4743,11.0067],[107.4652,11.0158],[107.4491,11.0214],[107.4473,11.0284],[107.4282,11.0333],[107.4151,11.0501],[107.4246,11.0617],[107.4228,11.0737],[107.4462,11.0915],[107.454,11.1109],[107.4347,11.1365],[107.4454,11.1461],[107.4563,11.1495],[107.4548,11.1599],[107.4621,11.1683],[107.4609,11.1769],[107.4715,11.1855],[107.4741,11.2021],[107.4882,11.2161],[107.4893,11.2249],[107.4983,11.2272],[107.5163,11.2508],[107.5242,11.2518],[107.5233,11.2731],[107.5184,11.2841],[107.5241,11.2995],[107.5193,11.3139],[107.5351,11.3247],[107.5413,11.3412],[107.5434,11.3599],[107.5345,11.3556],[107.5189,11.3707],[107.513,11.3846],[107.4971,11.3869],[107.4876,11.3963],[107.4854,11.4055],[107.4887,11.4233],[107.4749,11.4363],[107.4462,11.4295],[107.4372,11.4308],[107.4306,11.4405],[107.4458,11.4475],[107.4509,11.4586],[107.4621,11.463],[107.461,11.472],[107.4671,11.4822],[107.4549,11.4924],[107.4529,11.502],[107.4412,11.5109],[107.4262,11.5173],[107.4137,11.5163],[107.4097,11.5284],[107.3761,11.5239],[107.3785,11.544],[107.3566,11.559],[107.3385,11.5441],[107.3327,11.5541],[107.3117,11.5536],[107.3017,11.5706],[107.2973,11.5858],[107.3066,11.5986],[107.3008,11.606],[107.3044,11.6175],[107.2878,11.6309],[107.2726,11.6358],[107.2728,11.6511],[107.2666,11.6623],[107.2785,11.682],[107.2849,11.6875],[107.2854,11.7241],[107.297,11.73],[107.3011,11.7394],[107.3152,11.7404],[107.3253,11.7491],[107.3357,11.7479],[107.353,11.7527],[107.3719,11.7702],[107.3868,11.773],[107.3958,11.7707],[107.3971,11.7854],[107.3931,11.7949],[107.4096,11.8069],[107.4046,11.815],[107.4217,11.8448],[107.4263,11.8571],[107.4186,11.8654],[107.4054,11.8685],[107.4012,11.8897],[107.3949,11.8964],[107.3813,11.9227],[107.3543,11.9419],[107.3569,11.9522],[107.332,11.9946],[107.3223,12.0047],[107.2986,12.0091],[107.2837,12.0181],[107.2697,12.014],[107.2523,12.021],[107.2455,12.0348],[107.2368,12.037],[107.2316,12.0525],[107.233,12.0612],[107.2294,12.0862],[107.2318,12.0988],[107.2401,12.1144],[107.2283,12.1156],[107.2217,12.1259],[107.2295,12.1351],[107.2241,12.181],[107.2063,12.2955],[107.2293,12.2955],[107.2622,12.3144],[107.2685,12.3247],[107.2816,12.3218],[107.2919,12.3279],[107.3027,12.3279],[107.3127,12.3221],[107.3379,12.3262],[107.3466,12.3337],[107.354,12.3224],[107.3645,12.3175],[107.3751,12.3052],[107.3776,12.2957],[107.3882,12.2846],[107.387,12.2701],[107.3985,12.26],[107.4148,12.2513],[107.4304,12.2498],[107.4415,12.2662],[107.444,12.2915],[107.4569,12.2932],[107.4666,12.3011],[107.4674,12.3104],[107.5029,12.3243],[107.516,12.3366],[107.5432,12.3498],[107.5473,12.36],[107.5451,12.3724],[107.5533,12.3767],[107.5457,12.393],[107.5435,12.415],[107.55,12.4186],[107.5588,12.4389],[107.5687,12.4757],[107.5752,12.4775],[107.579,12.4962],[107.5728,12.4987],[107.5625,12.5158],[107.5681,12.5296],[107.5892,12.5595],[107.5826,12.5666],[107.5791,12.5808],[107.5854,12.6029],[107.5839,12.6135],[107.569,12.6425],[107.5709,12.6674],[107.5816,12.6797],[107.5699,12.6924],[107.5589,12.7151],[107.5675,12.7274],[107.5603,12.7455],[107.5589,12.7592],[107.5624,12.774],[107.5604,12.7952]]],[[[108.9578,10.5259],[108.966,10.5178],[108.967,10.5076],[108.9497,10.5039],[108.9314,10.5139],[108.9265,10.5399],[108.9305,10.5535],[108.9504,10.5524],[108.9557,10.546],[108.9578,10.5259]]]]},"properties":{"Ma":"26","TinhThanh":"Lâm Đồng"}},{"type":"Feature","geometry":{"type":"Polygon","coordinates":[[[107.032,21.3251],[107.0078,21.3496],[106.9883,21.3586],[106.9927,21.3818],[106.9857,21.4021],[106.995,21.4169],[107.0038,21.4217],[106.9868,21.4395],[106.9688,21.4361],[106.9596,21.4248],[106.9498,21.4259],[106.9456,21.4346],[106.911,21.4306],[106.8914,21.4514],[106.8923,21.4595],[106.9025,21.4704],[106.8891,21.4826],[106.8904,21.4895],[106.8676,21.4975],[106.8449,21.4936],[106.8399,21.5125],[106.8603,21.5227],[106.8643,21.5348],[106.8522,21.5399],[106.8433,21.5597],[106.8201,21.5625],[106.8063,21.5589],[106.7926,21.566],[106.7841,21.5759],[106.7566,21.5672],[106.759,21.5445],[106.7555,21.5409],[106.7338,21.5451],[106.7261,21.5555],[106.7102,21.5608],[106.699,21.5743],[106.7019,21.5937],[106.6703,21.6087],[106.637,21.6008],[106.6153,21.6078],[106.5961,21.5992],[106.5708,21.6025],[106.5521,21.589],[106.5523,21.5828],[106.5422,21.5701],[106.5274,21.5577],[106.5267,21.5454],[106.5186,21.5318],[106.5074,21.5208],[106.5213,21.4996],[106.5095,21.4867],[106.4948,21.4831],[106.4827,21.4487],[106.4728,21.4476],[106.4658,21.4373],[106.4433,21.4365],[106.4395,21.4435],[106.4175,21.4373],[106.406,21.4292],[106.4158,21.4079],[106.3958,21.4054],[106.3857,21.3967],[106.3717,21.3947],[106.348,21.4001],[106.3406,21.3972],[106.3242,21.4104],[106.3331,21.4377],[106.3259,21.4482],[106.3121,21.4514],[106.2947,21.4432],[106.2833,21.456],[106.2825,21.4723],[106.2855,21.4904],[106.2734,21.4937],[106.2559,21.4868],[106.2418,21.4864],[106.237,21.495],[106.212,21.4967],[106.1827,21.5087],[106.1687,21.5124],[106.1709,21.5495],[106.1679,21.5607],[106.1693,21.5957],[106.1852,21.6043],[106.197,21.6185],[106.191,21.6451],[106.2022,21.6533],[106.2058,21.6635],[106.2266,21.6816],[106.2244,21.6921],[106.2328,21.6989],[106.2375,21.7147],[106.2353,21.727],[106.2246,21.7331],[106.2175,21.7268],[106.1967,21.7354],[106.1942,21.7416],[106.1782,21.7437],[106.1684,21.7542],[106.1497,21.761],[106.1354,21.7853],[106.1135,21.7815],[106.1064,21.7903],[106.1077,21.8034],[106.0954,21.8214],[106.1152,21.8409],[106.1106,21.8607],[106.1173,21.8799],[106.1134,21.8907],[106.1274,21.8993],[106.1319,21.917],[106.1027,21.9405],[106.1118,21.9493],[106.0978,21.9542],[106.1116,21.962],[106.1154,21.9785],[106.11,21.9968],[106.1085,22.0212],[106.0967,22.0302],[106.1028,22.0454],[106.0988,22.068],[106.1142,22.0726],[106.1234,22.0854],[106.1395,22.0858],[106.1572,22.0817],[106.1624,22.1021],[106.1687,22.1104],[106.1852,22.1173],[106.189,22.1397],[106.1965,22.1428],[106.2177,22.1669],[106.2316,22.1744],[106.2211,22.1976],[106.2214,22.2073],[106.2371,22.2212],[106.2469,22.2578],[106.2445,22.2685],[106.2351,22.2789],[106.2121,22.2901],[106.1996,22.3136],[106.2089,22.3375],[106.22,22.3504],[106.2091,22.3677],[106.1916,22.376],[106.1847,22.3869],[106.1873,22.4005],[106.1943,22.4069],[106.193,22.4161],[106.2006,22.4319],[106.2212,22.4551],[106.2399,22.4615],[106.2613,22.4504],[106.2762,22.4482],[106.2955,22.4258],[106.3192,22.4075],[106.3305,22.4118],[106.3325,22.4021],[106.3444,22.3917],[106.342,22.3738],[106.3607,22.3575],[106.3788,22.3595],[106.396,22.3738],[106.4134,22.3705],[106.4249,22.3586],[106.4341,22.3633],[106.4526,22.3566],[106.4873,22.3683],[106.492,22.3938],[106.4975,22.4048],[106.5198,22.3975],[106.532,22.4098],[106.5353,22.4189],[106.5607,22.4224],[106.5714,22.4039],[106.5859,22.3946],[106.5856,22.3784],[106.5796,22.3712],[106.5644,22.366],[106.5596,22.3489],[106.5815,22.34],[106.5893,22.3436],[106.6026,22.3378],[106.6136,22.3399],[106.6265,22.3359],[106.6486,22.3397],[106.6588,22.334],[106.6591,22.3178],[106.6683,22.3075],[106.6669,22.2863],[106.6769,22.2856],[106.6884,22.2725],[106.6958,22.2311],[106.7024,22.2199],[106.6912,22.2043],[106.6711,22.1836],[106.6852,22.1641],[106.7032,22.1627],[106.6962,22.1543],[106.6924,22.1194],[106.6989,22.1065],[106.713,22.0956],[106.7049,22.0853],[106.7065,22.0652],[106.6972,22.0544],[106.708,22.0254],[106.6997,22.0154],[106.6883,22.0096],[106.6824,22.001],[106.6834,21.9852],[106.6946,21.9731],[106.7159,21.9719],[106.7284,21.9852],[106.7373,22.0031],[106.7587,22.0128],[106.7714,22.0112],[106.7979,21.9902],[106.7999,21.9802],[106.8119,21.9735],[106.8277,21.9759],[106.8409,21.9836],[106.8578,21.98],[106.8794,21.9821],[106.9037,21.9714],[106.9185,21.974],[106.9235,21.9632],[106.9206,21.9548],[106.9337,21.9295],[106.9456,21.9323],[106.961,21.9194],[106.9794,21.9265],[106.9885,21.9429],[107.0151,21.9462],[107.026,21.9379],[107.0481,21.9297],[107.0584,21.9145],[107.0633,21.8962],[107.0556,21.8844],[107.0408,21.8791],[107.0259,21.8652],[107.0179,21.8638],[107.0045,21.8455],[107.0045,21.8326],[107.0176,21.8272],[107.0299,21.8172],[107.0585,21.8109],[107.0856,21.8078],[107.1006,21.7933],[107.1131,21.7924],[107.128,21.7744],[107.1344,21.7754],[107.141,21.7621],[107.1608,21.7566],[107.1659,21.7498],[107.1852,21.747],[107.1971,21.7333],[107.1998,21.7203],[107.2225,21.7063],[107.2495,21.7049],[107.2511,21.7167],[107.2639,21.7283],[107.3012,21.7421],[107.3147,21.725],[107.324,21.7061],[107.3347,21.6988],[107.3391,21.6873],[107.3492,21.6816],[107.3476,21.6742],[107.3567,21.6664],[107.3641,21.6402],[107.3541,21.6305],[107.3623,21.6001],[107.3383,21.5884],[107.3089,21.596],[107.2943,21.5922],[107.2842,21.5789],[107.2842,21.569],[107.267,21.5649],[107.2476,21.5565],[107.2169,21.5524],[107.2046,21.5406],[107.2165,21.5316],[107.2235,21.5197],[107.2337,21.5194],[107.2386,21.5058],[107.2365,21.4963],[107.2464,21.4824],[107.2397,21.4728],[107.2384,21.4593],[107.2418,21.4349],[107.2574,21.4172],[107.2577,21.4046],[107.265,21.4001],[107.259,21.3792],[107.2519,21.3663],[107.2407,21.3649],[107.2172,21.3885],[107.2037,21.379],[107.1941,21.3791],[107.1699,21.3635],[107.1555,21.3681],[107.1269,21.3692],[107.1108,21.3761],[107.0972,21.374],[107.0929,21.3575],[107.0787,21.3463],[107.0633,21.3484],[107.0492,21.3283],[107.032,21.3251]]]},"properties":{"Ma":"11","TinhThanh":"Lạng Sơn"}},{"type":"Feature","geometry":{"type":"Polygon","coordinates":[[[103.9221,21.7006],[103.9121,21.7166],[103.9182,21.7281],[103.9156,21.7348],[103.9311,21.7436],[103.9537,21.7464],[103.9514,21.7522],[103.9655,21.7613],[103.953,21.7972],[103.9341,21.8203],[103.92,21.8322],[103.9194,21.8381],[103.8893,21.8652],[103.8891,21.9006],[103.886,21.9063],[103.8935,21.9212],[103.9056,21.921],[103.9213,21.9322],[103.929,21.9233],[103.943,21.9177],[103.9606,21.9355],[103.9614,21.9443],[103.9716,21.9598],[103.985,21.967],[103.9747,21.9753],[103.9677,21.9883],[103.9545,21.9999],[103.9648,22.0144],[103.9531,22.0262],[103.9573,22.0489],[103.9524,22.0648],[103.9384,22.0815],[103.944,22.0986],[103.9368,22.1192],[103.9381,22.1398],[103.9223,22.1414],[103.8973,22.1589],[103.887,22.1745],[103.8685,22.1782],[103.8683,22.1783],[103.8711,22.2003],[103.8551,22.2069],[103.8492,22.2215],[103.841,22.2258],[103.8424,22.2363],[103.8381,22.2487],[103.8268,22.2611],[103.8255,22.2696],[103.8092,22.2857],[103.7855,22.303],[103.7603,22.3134],[103.7688,22.3216],[103.7685,22.3336],[103.7804,22.3391],[103.779,22.3488],[103.7789,22.349],[103.7655,22.359],[103.7623,22.3919],[103.7466,22.4081],[103.7272,22.4151],[103.6758,22.4035],[103.6451,22.4043],[103.6254,22.3963],[103.6036,22.4104],[103.6032,22.4249],[103.5876,22.4294],[103.5723,22.4472],[103.5687,22.4572],[103.5553,22.4717],[103.566,22.4848],[103.5826,22.4984],[103.5952,22.5267],[103.5845,22.5312],[103.5767,22.553],[103.5663,22.5684],[103.5719,22.5767],[103.5486,22.5883],[103.5331,22.5842],[103.5304,22.5948],[103.5454,22.6124],[103.5524,22.6368],[103.567,22.6427],[103.5751,22.6525],[103.5788,22.6704],[103.5694,22.6778],[103.565,22.6882],[103.5643,22.7057],[103.5754,22.7176],[103.5831,22.732],[103.5919,22.7364],[103.6085,22.7635],[103.6205,22.7745],[103.6173,22.7826],[103.6338,22.7874],[103.6392,22.7975],[103.6631,22.7859],[103.6659,22.7716],[103.6786,22.7651],[103.6841,22.7537],[103.7054,22.7428],[103.7386,22.7121],[103.7375,22.7032],[103.7508,22.6882],[103.7685,22.6902],[103.7819,22.6704],[103.7934,22.6623],[103.8121,22.6412],[103.8241,22.6174],[103.8408,22.6056],[103.8442,22.5984],[103.8653,22.5824],[103.8746,22.5672],[103.8893,22.57],[103.915,22.544],[103.9277,22.5386],[103.9322,22.5279],[103.9458,22.5249],[103.953,22.5123],[103.9614,22.5065],[103.9799,22.5078],[103.9901,22.5194],[104.0058,22.5169],[104.0126,22.5237],[104.005,22.5384],[104.0134,22.5447],[104.0118,22.5626],[104.0158,22.5946],[104.0295,22.6258],[104.0284,22.6386],[104.0324,22.6636],[104.0396,22.677],[104.0287,22.6872],[104.0396,22.7168],[104.0393,22.7237],[104.0658,22.7573],[104.0898,22.7723],[104.0955,22.7899],[104.1149,22.8117],[104.1267,22.8137],[104.1406,22.8061],[104.1604,22.8149],[104.1671,22.8225],[104.1833,22.8261],[104.22,22.8287],[104.2437,22.8439],[104.2557,22.8449],[104.268,22.8393],[104.2711,22.8293],[104.2678,22.8134],[104.2583,22.7888],[104.2584,22.7663],[104.2803,22.7413],[104.3019,22.7302],[104.3206,22.7321],[104.3395,22.7224],[104.3419,22.7114],[104.3346,22.6901],[104.3523,22.6766],[104.3657,22.6728],[104.3856,22.6798],[104.3984,22.6805],[104.4106,22.658],[104.412,22.6388],[104.4293,22.6234],[104.4396,22.6183],[104.4622,22.6132],[104.459,22.6046],[104.4663,22.5752],[104.4598,22.5725],[104.4429,22.5765],[104.425,22.5736],[104.421,22.5587],[104.4236,22.5519],[104.4155,22.5365],[104.4177,22.5253],[104.434,22.5229],[104.4411,22.5064],[104.4544,22.495],[104.471,22.4889],[104.4739,22.4836],[104.4505,22.4625],[104.4502,22.4477],[104.4662,22.425],[104.4909,22.4197],[104.4971,22.4049],[104.5085,22.4039],[104.53,22.389],[104.5502,22.3803],[104.5541,22.3732],[104.5467,22.3621],[104.5573,22.3531],[104.5693,22.3554],[104.5811,22.346],[104.5648,22.3313],[104.5786,22.3158],[104.5801,22.3062],[104.5656,22.2894],[104.5428,22.277],[104.5529,22.2417],[104.5741,22.2452],[104.5868,22.254],[104.5858,22.2638],[104.6073,22.2913],[104.6295,22.2868],[104.6388,22.2784],[104.6505,22.2804],[104.659,22.274],[104.6701,22.2768],[104.6768,22.2648],[104.6864,22.2614],[104.7044,22.264],[104.7223,22.2575],[104.7297,22.2345],[104.7298,22.2255],[104.7213,22.2167],[104.7254,22.198],[104.7399,22.1869],[104.7554,22.1846],[104.7566,22.1732],[104.7802,22.1662],[104.7834,22.1725],[104.7997,22.1701],[104.813,22.1728],[104.8202,22.1849],[104.8298,22.1775],[104.8461,22.185],[104.8555,22.1702],[104.854,22.1573],[104.8623,22.1474],[104.8606,22.1221],[104.8656,22.1066],[104.8649,22.0965],[104.8735,22.0809],[104.8871,22.071],[104.9181,22.0587],[104.9286,22.0615],[104.9416,22.0523],[104.9465,22.0356],[104.9676,22.0313],[104.9719,22.0402],[104.9968,22.044],[104.9897,22.003],[104.9997,21.9886],[104.9924,21.9709],[104.9953,21.9618],[104.9873,21.9429],[104.9897,21.9312],[104.9992,21.9291],[105.0105,21.9372],[105.0192,21.9357],[105.0221,21.9172],[105.0143,21.9072],[105.0185,21.8941],[105.037,21.8913],[105.0458,21.8639],[105.0584,21.8584],[105.0615,21.8499],[105.0772,21.8302],[105.0889,21.8282],[105.1003,21.812],[105.0889,21.8073],[105.0827,21.7916],[105.0717,21.7812],[105.0809,21.7707],[105.0748,21.7585],[105.0606,21.7442],[105.0761,21.7357],[105.0738,21.7281],[105.0861,21.7182],[105.0917,21.7121],[105.1,21.6835],[105.073,21.6815],[105.0446,21.6902],[105.0309,21.7012],[105.0197,21.6882],[105.0002,21.6879],[105.0013,21.6806],[104.9869,21.6746],[104.9853,21.6612],[104.973,21.657],[104.9682,21.6479],[104.9574,21.6601],[104.9378,21.6513],[104.934,21.6426],[104.9105,21.6346],[104.9045,21.6264],[104.9048,21.6098],[104.8914,21.6016],[104.8981,21.5782],[104.8976,21.5637],[104.8897,21.5584],[104.872,21.5554],[104.8687,21.5419],[104.8782,21.5356],[104.8855,21.522],[104.8825,21.5086],[104.8936,21.4845],[104.8965,21.47],[104.9117,21.4476],[104.9114,21.4331],[104.9058,21.4288],[104.9077,21.4142],[104.8926,21.3937],[104.8819,21.3833],[104.8836,21.3733],[104.8932,21.3653],[104.9005,21.3512],[104.8963,21.3444],[104.8828,21.342],[104.8684,21.3536],[104.863,21.3655],[104.8547,21.3649],[104.8498,21.3395],[104.82,21.3383],[104.8136,21.3335],[104.7946,21.3352],[104.7791,21.326],[104.7679,21.3317],[104.7682,21.3468],[104.7488,21.3525],[104.7439,21.3684],[104.7345,21.3815],[104.7354,21.4031],[104.7104,21.3997],[104.7031,21.4059],[104.6901,21.4008],[104.6856,21.3771],[104.6711,21.376],[104.6523,21.3848],[104.6472,21.383],[104.6123,21.4048],[104.6067,21.4159],[104.589,21.4226],[104.5786,21.4088],[104.5502,21.4096],[104.5289,21.413],[104.5151,21.3955],[104.5039,21.3763],[104.4851,21.3657],[104.4736,21.3517],[104.444,21.3576],[104.4298,21.3545],[104.4208,21.36],[104.4207,21.3749],[104.4123,21.3866],[104.397,21.3924],[104.3824,21.4025],[104.3699,21.3986],[104.3538,21.415],[104.3427,21.4164],[104.332,21.4081],[104.3197,21.4281],[104.2986,21.439],[104.3004,21.4576],[104.287,21.4637],[104.282,21.4721],[104.2852,21.4944],[104.2951,21.5104],[104.2934,21.5247],[104.2825,21.5372],[104.277,21.5512],[104.2887,21.5689],[104.2978,21.5713],[104.2906,21.6028],[104.3,21.6047],[104.3195,21.6202],[104.3305,21.6379],[104.3404,21.6445],[104.3389,21.6531],[104.316,21.6567],[104.2968,21.653],[104.289,21.6611],[104.2708,21.6652],[104.2627,21.6635],[104.2542,21.671],[104.232,21.6731],[104.2119,21.6713],[104.2109,21.664],[104.1965,21.648],[104.1742,21.6487],[104.16,21.6557],[104.1235,21.6514],[104.1182,21.6473],[104.0998,21.6469],[104.0877,21.6429],[104.0802,21.6495],[104.0488,21.6576],[104.0266,21.6723],[104.0063,21.6663],[104.0057,21.6725],[103.982,21.6777],[103.9701,21.6642],[103.9613,21.6696],[103.9373,21.6698],[103.9381,21.6906],[103.9221,21.7006]]]},"properties":{"Ma":"09","TinhThanh":"Lào Cai"}},{"type":"Feature","geometry":{"type":"Polygon","coordinates":[[[105.7627,18.7631],[105.7475,18.7539],[105.7418,18.7428],[105.7562,18.7066],[105.7657,18.6908],[105.7688,18.6767],[105.7637,18.6708],[105.7441,18.6681],[105.7262,18.6727],[105.7163,18.6676],[105.7034,18.6346],[105.6933,18.6329],[105.6887,18.6207],[105.6896,18.5956],[105.6832,18.5825],[105.6761,18.5784],[105.6632,18.5849],[105.6498,18.5784],[105.6353,18.5636],[105.6262,18.5627],[105.6163,18.5773],[105.5897,18.5727],[105.5832,18.5587],[105.5589,18.5591],[105.5463,18.5524],[105.5311,18.5608],[105.5265,18.5761],[105.5185,18.5837],[105.5155,18.5986],[105.5018,18.6109],[105.4765,18.614],[105.4765,18.6076],[105.4594,18.6011],[105.4431,18.5996],[105.4348,18.5875],[105.4176,18.5906],[105.3976,18.5799],[105.3772,18.5784],[105.3597,18.5815],[105.3387,18.5904],[105.3302,18.6018],[105.3059,18.6068],[105.2956,18.6219],[105.2833,18.6234],[105.2628,18.6178],[105.2409,18.6044],[105.2281,18.5924],[105.2121,18.5993],[105.1883,18.6019],[105.1925,18.6326],[105.1987,18.6396],[105.1834,18.6575],[105.1675,18.6578],[105.1539,18.6773],[105.1413,18.6788],[105.136,18.6868],[105.1388,18.6973],[105.1337,18.7148],[105.1161,18.7138],[105.1061,18.7037],[105.0839,18.7086],[105.0731,18.7033],[105.0668,18.7082],[105.0509,18.7064],[105.0601,18.7236],[105.0514,18.7292],[105.0421,18.7245],[105.0203,18.7307],[105.0103,18.7423],[104.9968,18.737],[104.9711,18.7425],[104.9429,18.7384],[104.9378,18.7605],[104.9382,18.7734],[104.9237,18.7863],[104.8972,18.7873],[104.8923,18.7838],[104.8727,18.7865],[104.8568,18.7743],[104.8465,18.7833],[104.8317,18.7856],[104.8163,18.7822],[104.7948,18.7842],[104.7844,18.8022],[104.7634,18.7982],[104.7397,18.8005],[104.7348,18.8159],[104.7197,18.8207],[104.7147,18.8298],[104.6988,18.8401],[104.6894,18.8352],[104.6755,18.8384],[104.6693,18.8525],[104.6542,18.865],[104.6366,18.8695],[104.6272,18.8792],[104.6288,18.8873],[104.6088,18.8931],[104.5869,18.9038],[104.5666,18.926],[104.5615,18.94],[104.5459,18.9539],[104.544,18.9726],[104.5295,18.9856],[104.5126,18.9817],[104.4972,19.0039],[104.4817,19.004],[104.4713,18.9876],[104.4619,18.9913],[104.4542,18.9853],[104.437,18.997],[104.4264,19.0155],[104.4019,19.0373],[104.4002,19.0572],[104.3823,19.0632],[104.3668,19.0741],[104.3538,19.0707],[104.3384,19.0757],[104.3067,19.0925],[104.3004,19.1133],[104.2815,19.1198],[104.2712,19.1196],[104.2502,19.1102],[104.2332,19.1121],[104.2147,19.1197],[104.2235,19.1568],[104.1987,19.1636],[104.1939,19.1822],[104.1813,19.1981],[104.15,19.1996],[104.1303,19.2043],[104.1129,19.2233],[104.1032,19.213],[104.0938,19.2296],[104.0837,19.2338],[104.0699,19.2467],[104.0194,19.2369],[104.0025,19.2293],[103.993,19.2391],[103.9685,19.2473],[103.9248,19.2842],[103.9177,19.3014],[103.9001,19.3088],[103.8872,19.3],[103.8766,19.3054],[103.8756,19.3181],[103.8949,19.3309],[103.9075,19.3297],[103.9189,19.3414],[103.9367,19.3474],[103.953,19.3584],[103.9614,19.3756],[103.9572,19.3817],[103.9763,19.3985],[103.9974,19.4053],[104.0141,19.4021],[104.0227,19.4156],[104.0518,19.4252],[104.0535,19.4189],[104.0718,19.4188],[104.0751,19.4508],[104.0697,19.4546],[104.0858,19.4667],[104.0855,19.4796],[104.098,19.4925],[104.1151,19.4922],[104.123,19.5036],[104.1074,19.5175],[104.1091,19.531],[104.1054,19.5654],[104.0972,19.5771],[104.0857,19.5818],[104.0623,19.6115],[104.0603,19.6199],[104.0685,19.6358],[104.0575,19.6515],[104.0648,19.6581],[104.0765,19.6803],[104.0928,19.6654],[104.1115,19.6602],[104.1348,19.6613],[104.153,19.6664],[104.1581,19.6735],[104.1564,19.6851],[104.1647,19.6964],[104.1741,19.692],[104.1947,19.695],[104.2103,19.7033],[104.2363,19.7075],[104.2636,19.7033],[104.2716,19.6962],[104.2896,19.6944],[104.3048,19.6973],[104.3208,19.6867],[104.3277,19.6724],[104.3386,19.6769],[104.343,19.6866],[104.3688,19.6962],[104.3881,19.6997],[104.3983,19.6966],[104.4037,19.7044],[104.4159,19.7065],[104.4236,19.6991],[104.4219,19.6799],[104.4312,19.6713],[104.4457,19.6721],[104.4517,19.6533],[104.4648,19.6489],[104.4775,19.6553],[104.4949,19.65],[104.4989,19.6364],[104.5125,19.6223],[104.5261,19.6133],[104.5376,19.6121],[104.5477,19.6188],[104.558,19.6122],[104.5694,19.6134],[104.5791,19.6261],[104.5907,19.6307],[104.6005,19.6291],[104.6123,19.6343],[104.6194,19.6278],[104.6355,19.6223],[104.6495,19.6259],[104.6524,19.6435],[104.646,19.6552],[104.6605,19.6597],[104.66,19.6728],[104.6707,19.6875],[104.6633,19.7],[104.684,19.7179],[104.6943,19.7229],[104.7009,19.737],[104.7232,19.7552],[104.7374,19.7501],[104.7539,19.7512],[104.7685,19.7648],[104.7631,19.7758],[104.7761,19.776],[104.7835,19.7843],[104.799,19.7907],[104.8025,19.7861],[104.8271,19.7875],[104.836,19.7952],[104.8387,19.8089],[104.8345,19.8134],[104.8369,19.8273],[104.848,19.8417],[104.8336,19.8531],[104.8508,19.872],[104.8414,19.8862],[104.8457,19.9064],[104.8425,19.9246],[104.8635,19.9449],[104.8862,19.9517],[104.9044,19.9684],[104.9113,19.9886],[104.9201,19.996],[104.9237,19.9899],[104.9444,19.9884],[104.9584,19.9926],[104.9649,19.9753],[104.9765,19.976],[104.999,19.9616],[105.0031,19.9508],[105.0186,19.9513],[105.0267,19.9443],[105.0434,19.9396],[105.0572,19.9302],[105.0874,19.9352],[105.1056,19.9359],[105.1344,19.9204],[105.1559,19.922],[105.1688,19.914],[105.1767,19.8962],[105.1785,19.8822],[105.1884,19.8675],[105.179,19.8549],[105.1521,19.8559],[105.1453,19.8346],[105.1325,19.8268],[105.1318,19.8066],[105.1279,19.801],[105.1326,19.7859],[105.1308,19.7782],[105.1375,19.765],[105.133,19.7603],[105.1335,19.7431],[105.1479,19.732],[105.1612,19.7165],[105.1534,19.7075],[105.1644,19.6989],[105.164,19.6853],[105.1789,19.6798],[105.2113,19.6618],[105.2238,19.6483],[105.2378,19.6482],[105.2461,19.6566],[105.2611,19.6384],[105.2663,19.6166],[105.282,19.6038],[105.2767,19.59],[105.2819,19.5745],[105.2811,19.5635],[105.2712,19.5555],[105.2721,19.538],[105.2675,19.5296],[105.275,19.5182],[105.2716,19.5078],[105.2802,19.5044],[105.2774,19.4943],[105.2898,19.4913],[105.2912,19.483],[105.3086,19.4893],[105.316,19.5057],[105.3451,19.5425],[105.3574,19.5402],[105.3562,19.5318],[105.3645,19.5166],[105.3592,19.5075],[105.3836,19.4792],[105.3915,19.4656],[105.3893,19.4563],[105.4024,19.4489],[105.4124,19.4591],[105.429,19.4553],[105.4449,19.4414],[105.4544,19.444],[105.4692,19.4557],[105.4811,19.449],[105.4897,19.4502],[105.5004,19.4618],[105.5251,19.4641],[105.5384,19.4555],[105.5442,19.4335],[105.5606,19.4142],[105.5666,19.4031],[105.583,19.3898],[105.5824,19.3803],[105.5907,19.3704],[105.6094,19.3685],[105.6203,19.3825],[105.6284,19.38],[105.6377,19.367],[105.6423,19.3534],[105.6528,19.3532],[105.6556,19.3426],[105.6679,19.3402],[105.6635,19.3191],[105.6755,19.3156],[105.6837,19.3045],[105.715,19.3031],[105.7195,19.3091],[105.7366,19.3181],[105.7494,19.3023],[105.7557,19.3068],[105.7682,19.2921],[105.8011,19.302],[105.8054,19.2867],[105.795,19.2715],[105.7844,19.2748],[105.7786,19.2673],[105.7712,19.2337],[105.7664,19.2275],[105.7496,19.2301],[105.7396,19.2213],[105.7328,19.1974],[105.7309,19.1751],[105.7331,19.1653],[105.7296,19.1404],[105.731,19.1161],[105.7369,19.103],[105.7256,19.103],[105.7123,19.0976],[105.6932,19.0831],[105.6738,19.0975],[105.6529,19.084],[105.6405,19.0667],[105.6274,19.0407],[105.6202,19.0133],[105.6182,18.9775],[105.6222,18.9462],[105.6283,18.922],[105.6372,18.8972],[105.6672,18.8804],[105.691,18.8739],[105.695,18.8643],[105.7129,18.8469],[105.7201,18.8346],[105.7171,18.8261],[105.7332,18.7958],[105.7627,18.7631]]]},"properties":{"Ma":"17","TinhThanh":"Nghệ An"}},{"type":"Feature","geometry":{"type":"Polygon","coordinates":[[[105.769,20.5645],[105.7951,20.5676],[105.8058,20.6003],[105.8063,20.6115],[105.8126,20.6165],[105.8133,20.6337],[105.8323,20.6451],[105.8187,20.6605],[105.8325,20.6623],[105.8476,20.6553],[105.8601,20.6447],[105.8838,20.6446],[105.8964,20.6522],[105.9027,20.6649],[105.9197,20.6759],[105.943,20.6821],[105.947,20.6762],[105.9452,20.6551],[105.958,20.6508],[105.96,20.6607],[105.9776,20.6657],[105.9784,20.6737],[105.9887,20.6826],[105.9958,20.6975],[106.0033,20.7038],[106.0243,20.6964],[106.0371,20.6762],[106.0372,20.6637],[106.0321,20.648],[106.0386,20.6279],[106.0541,20.6116],[106.0766,20.6031],[106.1028,20.6183],[106.1151,20.6133],[106.1292,20.5949],[106.1295,20.5811],[106.137,20.5707],[106.1619,20.5635],[106.1731,20.5466],[106.1794,20.512],[106.1784,20.4955],[106.1915,20.4795],[106.2113,20.4782],[106.2255,20.4677],[106.2207,20.4462],[106.21,20.4293],[106.2108,20.4218],[106.223,20.4095],[106.2407,20.4055],[106.2752,20.4045],[106.2866,20.3893],[106.2828,20.3788],[106.2542,20.3559],[106.2524,20.342],[106.2625,20.3275],[106.272,20.3269],[106.2977,20.3421],[106.3213,20.3612],[106.3363,20.3767],[106.3424,20.3759],[106.3562,20.3535],[106.3721,20.345],[106.3888,20.3439],[106.4072,20.3317],[106.4188,20.3148],[106.4373,20.2961],[106.4606,20.2891],[106.474,20.2906],[106.4882,20.2975],[106.4956,20.3069],[106.513,20.3091],[106.5271,20.3163],[106.5799,20.2642],[106.5926,20.2403],[106.5849,20.2324],[106.5822,20.2167],[106.5616,20.2032],[106.5448,20.2133],[106.5368,20.2252],[106.5284,20.2211],[106.5196,20.228],[106.5,20.2202],[106.4378,20.2129],[106.4299,20.2081],[106.4131,20.2067],[106.3866,20.1959],[106.3848,20.1918],[106.358,20.1789],[106.3526,20.1683],[106.3338,20.1485],[106.3247,20.1424],[106.3002,20.1125],[106.2492,20.0597],[106.2227,20.0279],[106.2047,20.009],[106.1975,20.0058],[106.1815,19.9859],[106.1741,19.9896],[106.154,19.9788],[106.1394,19.9789],[106.1392,19.9679],[106.1061,19.9576],[106.096,19.9571],[106.0908,19.9641],[106.0807,19.9399],[106.0674,19.9374],[106.0304,19.973],[106.0244,19.9755],[106.026,19.9907],[106.0323,19.9991],[106.0543,20.0068],[106.0613,20.0182],[106.0661,20.0373],[106.0735,20.0513],[106.0718,20.0666],[106.0233,20.059],[106.0136,20.0649],[105.9926,20.0687],[105.9586,20.0671],[105.947,20.0746],[105.9301,20.0906],[105.9249,20.1008],[105.9075,20.1068],[105.8961,20.1174],[105.8685,20.125],[105.8602,20.1335],[105.8316,20.1511],[105.8082,20.1583],[105.7934,20.17],[105.7408,20.1852],[105.7377,20.194],[105.7009,20.218],[105.6939,20.2309],[105.6828,20.2353],[105.6791,20.2466],[105.6496,20.274],[105.6208,20.2819],[105.6128,20.2891],[105.6038,20.3081],[105.5938,20.314],[105.5791,20.3119],[105.5486,20.3348],[105.5497,20.347],[105.5427,20.3621],[105.5628,20.3578],[105.571,20.3595],[105.581,20.3699],[105.6055,20.3607],[105.6194,20.3485],[105.6351,20.3437],[105.6696,20.3098],[105.6861,20.3052],[105.7016,20.3212],[105.7238,20.3291],[105.7299,20.3388],[105.7193,20.3486],[105.7129,20.3649],[105.6946,20.3877],[105.6975,20.3973],[105.686,20.411],[105.7055,20.4119],[105.7194,20.4074],[105.732,20.3974],[105.7309,20.3855],[105.7462,20.382],[105.7465,20.3666],[105.7567,20.3672],[105.7597,20.3781],[105.7546,20.3885],[105.7521,20.4072],[105.7568,20.4176],[105.7517,20.4389],[105.7728,20.4426],[105.7824,20.4365],[105.794,20.4469],[105.8081,20.4291],[105.8247,20.4176],[105.8437,20.4207],[105.8541,20.434],[105.8524,20.4781],[105.8434,20.4783],[105.8204,20.4937],[105.819,20.506],[105.8063,20.4994],[105.7949,20.5115],[105.7827,20.5397],[105.7746,20.5478],[105.769,20.5645]]]},"properties":{"Ma":"06","TinhThanh":"Ninh Bình"}},{"type":"Feature","geometry":{"type":"Polygon","coordinates":[[[105.7846,21.3596],[105.7832,21.3429],[105.7764,21.3362],[105.757,21.3005],[105.738,21.288],[105.7358,21.2793],[105.7228,21.2661],[105.7253,21.242],[105.7362,21.2401],[105.7242,21.2253],[105.7092,21.2198],[105.6904,21.2199],[105.6805,21.2337],[105.6448,21.2347],[105.6552,21.2272],[105.6562,21.219],[105.6451,21.2156],[105.6396,21.2076],[105.6281,21.2107],[105.6228,21.1997],[105.6258,21.1755],[105.6173,21.1791],[105.6,21.1696],[105.5759,21.1644],[105.5709,21.1606],[105.5278,21.1542],[105.4947,21.1599],[105.4768,21.1709],[105.468,21.1828],[105.4657,21.2077],[105.4598,21.2284],[105.4521,21.238],[105.4437,21.2697],[105.4272,21.2778],[105.4058,21.2991],[105.394,21.3033],[105.3567,21.2781],[105.356,21.2602],[105.3463,21.2245],[105.3252,21.2047],[105.2994,21.1868],[105.2891,21.1703],[105.2914,21.1529],[105.3057,21.1378],[105.3205,21.1099],[105.3172,21.0927],[105.3079,21.0828],[105.294,21.0547],[105.2998,21.029],[105.3153,21.0113],[105.3352,21.0094],[105.3492,21.0128],[105.3534,21.0074],[105.3754,21.0145],[105.382,21.0215],[105.3921,21.0145],[105.3921,21.006],[105.4032,20.9981],[105.4178,20.9978],[105.4223,20.9837],[105.4324,20.9791],[105.4429,20.9633],[105.4438,20.956],[105.4617,20.9465],[105.4796,20.9477],[105.4905,20.9341],[105.5125,20.9223],[105.5251,20.9188],[105.5385,20.9276],[105.546,20.9231],[105.5805,20.9287],[105.5793,20.9155],[105.5684,20.911],[105.5664,20.8996],[105.5565,20.8878],[105.5593,20.8811],[105.5825,20.8592],[105.5864,20.8408],[105.5747,20.8223],[105.5607,20.8198],[105.5582,20.8037],[105.5835,20.8119],[105.5894,20.8315],[105.5981,20.842],[105.6163,20.8317],[105.6416,20.8286],[105.6304,20.8159],[105.6329,20.7927],[105.6481,20.7937],[105.6497,20.7608],[105.6581,20.741],[105.6665,20.7341],[105.6616,20.7234],[105.6749,20.7049],[105.6823,20.699],[105.6802,20.6835],[105.6694,20.6759],[105.6811,20.653],[105.6784,20.6285],[105.6639,20.6281],[105.6662,20.6179],[105.6871,20.6162],[105.6917,20.6221],[105.7039,20.6166],[105.7098,20.5993],[105.7217,20.5961],[105.7316,20.6001],[105.7434,20.5986],[105.7641,20.5768],[105.769,20.5645],[105.7746,20.5478],[105.7827,20.5397],[105.7949,20.5115],[105.8063,20.4994],[105.819,20.506],[105.8204,20.4937],[105.8434,20.4783],[105.8524,20.4781],[105.8541,20.434],[105.8437,20.4207],[105.8247,20.4176],[105.8081,20.4291],[105.794,20.4469],[105.7824,20.4365],[105.7728,20.4426],[105.7517,20.4389],[105.7568,20.4176],[105.7521,20.4072],[105.7546,20.3885],[105.7597,20.3781],[105.7567,20.3672],[105.7465,20.3666],[105.7462,20.382],[105.7309,20.3855],[105.732,20.3974],[105.7194,20.4074],[105.7055,20.4119],[105.686,20.411],[105.6975,20.3973],[105.6946,20.3877],[105.7129,20.3649],[105.7193,20.3486],[105.7299,20.3388],[105.7238,20.3291],[105.7016,20.3212],[105.6861,20.3052],[105.6696,20.3098],[105.6351,20.3437],[105.6194,20.3485],[105.6055,20.3607],[105.581,20.3699],[105.571,20.3595],[105.5628,20.3578],[105.5427,20.3621],[105.5298,20.3717],[105.5212,20.3598],[105.5004,20.3613],[105.4766,20.3752],[105.4606,20.3752],[105.4367,20.3844],[105.4062,20.3726],[105.386,20.3785],[105.3672,20.3887],[105.3456,20.3907],[105.3424,20.3965],[105.3177,20.408],[105.3028,20.4212],[105.2905,20.4188],[105.2767,20.4314],[105.2609,20.4368],[105.2672,20.455],[105.2621,20.4654],[105.2443,20.4737],[105.2446,20.488],[105.2305,20.4973],[105.2312,20.5032],[105.2157,20.5089],[105.2013,20.5184],[105.1849,20.5211],[105.1718,20.5146],[105.1633,20.5229],[105.1617,20.5351],[105.1531,20.5431],[105.1413,20.5439],[105.1303,20.5567],[105.1077,20.5676],[105.0936,20.5669],[105.0786,20.5782],[105.0544,20.5704],[105.0533,20.5618],[105.0239,20.559],[105.0097,20.5721],[104.9983,20.5759],[104.98,20.5761],[104.9853,20.5892],[104.9633,20.6082],[104.9609,20.6272],[104.948,20.6442],[104.9319,20.6489],[104.9178,20.6604],[104.8979,20.6706],[104.8722,20.6627],[104.853,20.6636],[104.8466,20.6521],[104.8372,20.6606],[104.8411,20.6785],[104.8369,20.6953],[104.8494,20.7029],[104.841,20.7109],[104.8364,20.7343],[104.8383,20.748],[104.8479,20.7541],[104.859,20.7542],[104.8751,20.7676],[104.8826,20.7675],[104.9065,20.7533],[104.9174,20.7515],[104.9246,20.7429],[104.9377,20.7451],[104.9688,20.7329],[104.9856,20.7225],[105.0134,20.7252],[105.0108,20.7429],[104.9912,20.7536],[105.0057,20.7823],[105.0253,20.8023],[105.0088,20.8083],[104.9979,20.8178],[105.0067,20.8429],[104.9976,20.8467],[105.0004,20.8581],[104.9904,20.8708],[104.9909,20.8773],[104.9806,20.8895],[104.9769,20.9064],[104.9634,20.913],[104.9494,20.9276],[104.9405,20.9314],[104.9199,20.9669],[104.903,20.9782],[104.8961,20.9889],[104.8903,21.0096],[104.88,21.0236],[104.8686,21.0296],[104.8542,21.0684],[104.8573,21.079],[104.8679,21.0759],[104.8767,21.0987],[104.9064,21.1126],[104.8973,21.1299],[104.8813,21.1342],[104.8527,21.1529],[104.8588,21.176],[104.858,21.1887],[104.8635,21.2051],[104.8593,21.2173],[104.8441,21.2263],[104.8526,21.2378],[104.8502,21.2556],[104.8403,21.2649],[104.8429,21.3106],[104.8184,21.3224],[104.8136,21.3335],[104.82,21.3383],[104.8498,21.3395],[104.8547,21.3649],[104.863,21.3655],[104.8684,21.3536],[104.8828,21.342],[104.8963,21.3444],[104.9005,21.3512],[104.8932,21.3653],[104.8836,21.3733],[104.8819,21.3833],[104.8926,21.3937],[104.9077,21.4142],[104.9058,21.4288],[104.9114,21.4331],[104.9117,21.4476],[104.8965,21.47],[104.8936,21.4845],[104.8825,21.5086],[104.8855,21.522],[104.8782,21.5356],[104.8687,21.5419],[104.872,21.5554],[104.8897,21.5584],[104.8976,21.5637],[104.8981,21.5782],[104.8914,21.6016],[104.9048,21.6098],[104.9045,21.6264],[104.9105,21.6346],[104.934,21.6426],[104.9378,21.6513],[104.9574,21.6601],[104.9682,21.6479],[104.973,21.657],[104.9853,21.6612],[104.9869,21.6746],[105.0013,21.6806],[105.0002,21.6879],[105.0197,21.6882],[105.0309,21.7012],[105.0446,21.6902],[105.073,21.6815],[105.1,21.6835],[105.0917,21.7121],[105.0861,21.7182],[105.1019,21.7178],[105.1092,21.7061],[105.1237,21.7046],[105.132,21.6973],[105.1505,21.6993],[105.1566,21.6859],[105.1778,21.6872],[105.1919,21.677],[105.1962,21.6685],[105.2085,21.6611],[105.235,21.6585],[105.2379,21.6433],[105.2248,21.6301],[105.233,21.6177],[105.247,21.616],[105.2514,21.6048],[105.2447,21.6001],[105.2485,21.5854],[105.2563,21.5747],[105.2732,21.5619],[105.2676,21.5499],[105.271,21.5432],[105.29,21.5393],[105.2977,21.531],[105.2951,21.5197],[105.3062,21.5086],[105.3202,21.513],[105.3371,21.5044],[105.3381,21.5121],[105.3487,21.5194],[105.3618,21.5196],[105.3699,21.5246],[105.3809,21.5228],[105.389,21.5121],[105.411,21.5129],[105.4275,21.5041],[105.4403,21.5099],[105.4561,21.5114],[105.4725,21.5199],[105.4848,21.5178],[105.5139,21.5366],[105.5229,21.5376],[105.5298,21.5568],[105.5425,21.5738],[105.5557,21.5709],[105.5629,21.5584],[105.5839,21.5349],[105.5994,21.5323],[105.6072,21.5235],[105.6117,21.5057],[105.6353,21.4928],[105.6313,21.4791],[105.644,21.47],[105.6526,21.4573],[105.6667,21.4599],[105.6782,21.4558],[105.6874,21.4428],[105.7045,21.4407],[105.7152,21.4299],[105.7246,21.4321],[105.7209,21.4159],[105.7296,21.4089],[105.7473,21.4158],[105.7556,21.4104],[105.7657,21.3887],[105.7598,21.3781],[105.7684,21.3747],[105.7752,21.3607],[105.7846,21.3596]]]},"properties":{"Ma":"12","TinhThanh":"Phú Thọ"}},{"type":"Feature","geometry":{"type":"MultiPolygon","coordinates":[[[[107.6239,15.4143],[107.6374,15.4158],[107.6429,15.4057],[107.6549,15.3972],[107.6617,15.3844],[107.6624,15.3568],[107.669,15.3454],[107.6906,15.3258],[107.6931,15.3175],[107.7073,15.3037],[107.7301,15.3081],[107.7286,15.2863],[107.7325,15.2533],[107.7393,15.2291],[107.7557,15.2365],[107.771,15.2299],[107.7782,15.2182],[107.7872,15.2189],[107.8089,15.2122],[107.8191,15.2164],[107.8292,15.209],[107.8725,15.2101],[107.8827,15.1966],[107.8912,15.193],[107.9001,15.2055],[107.9146,15.212],[107.9286,15.2091],[107.9376,15.1905],[107.9477,15.1875],[107.9504,15.1751],[107.9789,15.1665],[107.9908,15.1571],[107.9991,15.1566],[108.0044,15.1423],[107.9883,15.0945],[107.9805,15.0854],[107.9756,15.0688],[107.9551,15.0584],[107.9536,15.0484],[107.9654,15.0204],[107.9922,14.9983],[108.0018,15.002],[108.0173,15.0019],[108.0475,14.9921],[108.0633,14.9686],[108.0827,14.9665],[108.0881,14.9514],[108.1072,14.9514],[108.1181,14.9592],[108.1492,14.9624],[108.1622,14.9738],[108.1492,15.0225],[108.1517,15.0376],[108.1463,15.0456],[108.1622,15.0611],[108.1768,15.0601],[108.2084,15.0374],[108.2256,15.0294],[108.2403,15.033],[108.2381,15.0481],[108.2421,15.0649],[108.2351,15.0782],[108.2508,15.0841],[108.2572,15.0908],[108.2603,15.1038],[108.2581,15.1172],[108.2783,15.137],[108.2831,15.153],[108.2979,15.1701],[108.3024,15.193],[108.2922,15.2017],[108.3045,15.2097],[108.3085,15.2207],[108.2895,15.2337],[108.2907,15.2465],[108.3032,15.2585],[108.3061,15.2697],[108.2994,15.279],[108.3141,15.2981],[108.3222,15.3016],[108.3645,15.2956],[108.3787,15.3034],[108.3916,15.2988],[108.4033,15.3004],[108.4028,15.3084],[108.4116,15.3162],[108.4385,15.3123],[108.4824,15.308],[108.5077,15.3256],[108.5253,15.3203],[108.5448,15.3362],[108.5591,15.3342],[108.5707,15.3419],[108.6025,15.3458],[108.6026,15.3525],[108.6323,15.3589],[108.6345,15.3631],[108.6548,15.3687],[108.6724,15.3642],[108.7213,15.3748],[108.739,15.3991],[108.7493,15.392],[108.7769,15.3845],[108.7778,15.3917],[108.7916,15.3904],[108.8072,15.4024],[108.8141,15.4123],[108.8322,15.393],[108.8282,15.3764],[108.8406,15.3587],[108.8513,15.3484],[108.864,15.3439],[108.8658,15.3348],[108.8825,15.3261],[108.8695,15.3014],[108.8726,15.2933],[108.8926,15.2648],[108.9092,15.249],[108.9206,15.2442],[108.9394,15.2435],[108.9409,15.227],[108.9277,15.2103],[108.9143,15.2119],[108.8999,15.2002],[108.8949,15.1882],[108.8954,15.1684],[108.8993,15.1407],[108.8969,15.1285],[108.9025,15.1029],[108.9028,15.085],[108.9172,15.0256],[108.9344,14.9733],[108.9514,14.9296],[108.9772,14.8726],[109.0007,14.829],[109.0027,14.821],[109.0403,14.7575],[109.0779,14.7021],[109.0749,14.6912],[109.0836,14.6754],[109.0832,14.6683],[109.0669,14.6632],[109.0653,14.6496],[109.0722,14.6186],[109.0723,14.6024],[109.0821,14.5779],[109.0589,14.5914],[109.0538,14.6032],[109.0445,14.6082],[109.046,14.6277],[109.0347,14.647],[109.0303,14.6453],[109.017,14.6648],[108.9945,14.6728],[108.9789,14.6693],[108.9636,14.6832],[108.9505,14.6838],[108.94,14.6938],[108.9256,14.6985],[108.8903,14.6815],[108.8781,14.6841],[108.8648,14.6926],[108.8525,14.6886],[108.8354,14.6899],[108.8261,14.6745],[108.8077,14.6679],[108.7814,14.6689],[108.7719,14.6761],[108.7618,14.6669],[108.7669,14.6268],[108.7619,14.6188],[108.7638,14.5987],[108.7532,14.5918],[108.7332,14.5882],[108.7088,14.6035],[108.6889,14.5913],[108.68,14.5955],[108.6772,14.5841],[108.6402,14.563],[108.6436,14.5555],[108.608,14.5328],[108.5956,14.5465],[108.5933,14.5643],[108.5733,14.5721],[108.571,14.578],[108.5476,14.589],[108.5323,14.5775],[108.5285,14.5556],[108.5052,14.5448],[108.489,14.5441],[108.4584,14.5529],[108.438,14.5554],[108.4164,14.57],[108.4092,14.5896],[108.3938,14.6024],[108.3764,14.6011],[108.3657,14.5844],[108.3582,14.5801],[108.3593,14.5628],[108.3739,14.5485],[108.3715,14.5369],[108.384,14.5222],[108.3785,14.5119],[108.3632,14.4943],[108.3243,14.4535],[108.3236,14.4419],[108.3091,14.4253],[108.2983,14.418],[108.2918,14.4045],[108.2968,14.3926],[108.2862,14.3881],[108.2666,14.3863],[108.2524,14.39],[108.2435,14.3974],[108.21,14.3869],[108.203,14.3747],[108.1897,14.3689],[108.1698,14.3682],[108.1599,14.3627],[108.1521,14.3485],[108.1155,14.3633],[108.0994,14.3353],[108.082,14.3342],[108.0875,14.3241],[108.084,14.3129],[108.073,14.3054],[108.0686,14.2835],[108.0567,14.2662],[108.043,14.2769],[108.0344,14.2686],[108.0143,14.2412],[107.9997,14.2453],[107.98,14.2432],[107.9729,14.2372],[107.9482,14.243],[107.9333,14.2409],[107.9193,14.2599],[107.8971,14.2782],[107.8768,14.2824],[107.8728,14.2762],[107.8555,14.2757],[107.8402,14.2705],[107.8353,14.2628],[107.8383,14.2381],[107.8291,14.2333],[107.8179,14.214],[107.8085,14.2125],[107.7987,14.22],[107.7832,14.2252],[107.7634,14.2127],[107.7627,14.2029],[107.7413,14.208],[107.723,14.2157],[107.6995,14.2155],[107.6893,14.2213],[107.6792,14.1921],[107.6708,14.1758],[107.6584,14.1636],[107.6648,14.1404],[107.6581,14.115],[107.658,14.1042],[107.649,14.0963],[107.6573,14.0837],[107.6505,14.0676],[107.6359,14.0551],[107.6128,14.0536],[107.601,14.0442],[107.5998,14.028],[107.5924,14.0223],[107.5765,14.0189],[107.5467,14.0227],[107.5382,14.0106],[107.5233,14.0144],[107.5212,14.0055],[107.5266,13.9855],[107.5124,13.9841],[107.5063,13.9749],[107.485,13.9606],[107.4691,13.953],[107.4701,13.9346],[107.4588,13.9215],[107.4545,13.9286],[107.4535,13.9495],[107.4558,13.9796],[107.4449,13.9899],[107.4139,13.9935],[107.3969,13.9925],[107.3845,13.9877],[107.3792,13.9967],[107.3575,14.0181],[107.3577,14.0287],[107.3656,14.0346],[107.3635,14.0511],[107.3673,14.0657],[107.3799,14.0655],[107.3795,14.0824],[107.361,14.0845],[107.3548,14.0912],[107.3342,14.1007],[107.338,14.1257],[107.3414,14.1334],[107.3628,14.1628],[107.3584,14.1681],[107.3695,14.1802],[107.3761,14.178],[107.3969,14.2236],[107.4074,14.2356],[107.4001,14.2477],[107.41,14.2697],[107.4056,14.2857],[107.406,14.2999],[107.3907,14.3159],[107.3908,14.326],[107.4077,14.3449],[107.4106,14.3629],[107.4253,14.3732],[107.4186,14.3853],[107.4222,14.3957],[107.4191,14.4073],[107.436,14.4158],[107.4487,14.4259],[107.4564,14.4176],[107.4598,14.406],[107.4879,14.4053],[107.4899,14.4294],[107.4968,14.4354],[107.5044,14.4582],[107.5038,14.4819],[107.5084,14.488],[107.515,14.5115],[107.5319,14.5537],[107.5227,14.5655],[107.5203,14.5869],[107.5249,14.5979],[107.5428,14.6059],[107.538,14.6217],[107.5487,14.6534],[107.5545,14.6602],[107.5499,14.6789],[107.56,14.6942],[107.5554,14.7097],[107.5561,14.7208],[107.5213,14.7279],[107.5386,14.741],[107.542,14.7492],[107.526,14.7757],[107.5098,14.7836],[107.5094,14.7957],[107.5243,14.8051],[107.5411,14.826],[107.56,14.8379],[107.5703,14.852],[107.5903,14.8645],[107.5916,14.8732],[107.5832,14.8928],[107.5735,14.8912],[107.5619,14.9024],[107.5442,14.9055],[107.5329,14.916],[107.5303,14.928],[107.5142,14.9311],[107.5058,14.9288],[107.4997,14.9429],[107.4906,14.9436],[107.4792,14.9573],[107.4824,14.9706],[107.4674,14.9873],[107.4681,15.0079],[107.473,15.0196],[107.5112,15.0283],[107.5281,15.0416],[107.5435,15.0491],[107.5797,15.029],[107.588,15.0292],[107.5948,15.0469],[107.6145,15.0455],[107.6208,15.0508],[107.5982,15.0882],[107.6229,15.1093],[107.6103,15.127],[107.6254,15.1417],[107.6098,15.172],[107.584,15.2005],[107.5967,15.2104],[107.6113,15.2116],[107.6251,15.2313],[107.6198,15.2452],[107.6209,15.2656],[107.6161,15.2702],[107.6149,15.2876],[107.6218,15.2956],[107.6247,15.3112],[107.6348,15.3195],[107.6099,15.3346],[107.6048,15.3566],[107.6088,15.3673],[107.5954,15.3823],[107.6128,15.3941],[107.6239,15.4143]]],[[[109.118,15.3697],[109.0996,15.3756],[109.0993,15.3899],[109.128,15.3913],[109.1396,15.3813],[109.1255,15.3707],[109.118,15.3697]]]]},"properties":{"Ma":"22","TinhThanh":"Quảng Ngãi"}},{"type":"Feature","geometry":{"type":"MultiPolygon","coordinates":[[[[106.5019,21.2244],[106.5294,21.2226],[106.5425,21.1924],[106.5561,21.1945],[106.5678,21.1888],[106.5799,21.1924],[106.5909,21.1838],[106.605,21.1797],[106.6097,21.1702],[106.6403,21.1715],[106.6411,21.1805],[106.682,21.1666],[106.6964,21.1703],[106.7151,21.1607],[106.733,21.1612],[106.7438,21.1568],[106.7671,21.1558],[106.7692,21.1524],[106.7949,21.1491],[106.8048,21.1546],[106.8189,21.1563],[106.826,21.1665],[106.8254,21.1882],[106.8408,21.186],[106.8569,21.1882],[106.8588,21.1784],[106.8738,21.1739],[106.8804,21.1827],[106.8926,21.1789],[106.9163,21.1844],[106.9305,21.1707],[106.9427,21.1733],[106.9474,21.1885],[106.9554,21.1902],[106.9562,21.2064],[106.9691,21.2235],[106.9783,21.2264],[106.9772,21.2395],[106.9858,21.2569],[106.9757,21.2708],[106.9725,21.284],[106.9837,21.2921],[107.0032,21.2933],[107.02,21.2992],[107.0337,21.3143],[107.032,21.3251],[107.0492,21.3283],[107.0633,21.3484],[107.0787,21.3463],[107.0929,21.3575],[107.0972,21.374],[107.1108,21.3761],[107.1269,21.3692],[107.1555,21.3681],[107.1699,21.3635],[107.1941,21.3791],[107.2037,21.379],[107.2172,21.3885],[107.2407,21.3649],[107.2519,21.3663],[107.259,21.3792],[107.265,21.4001],[107.2577,21.4046],[107.2574,21.4172],[107.2418,21.4349],[107.2384,21.4593],[107.2397,21.4728],[107.2464,21.4824],[107.2365,21.4963],[107.2386,21.5058],[107.2337,21.5194],[107.2235,21.5197],[107.2165,21.5316],[107.2046,21.5406],[107.2169,21.5524],[107.2476,21.5565],[107.267,21.5649],[107.2842,21.569],[107.2842,21.5789],[107.2943,21.5922],[107.3089,21.596],[107.3383,21.5884],[107.3623,21.6001],[107.3683,21.6027],[107.3827,21.5956],[107.3978,21.6098],[107.3951,21.6167],[107.4082,21.623],[107.4171,21.6395],[107.434,21.6511],[107.4668,21.6649],[107.4822,21.6569],[107.4839,21.631],[107.4981,21.6148],[107.4896,21.5987],[107.5048,21.5977],[107.5228,21.5906],[107.538,21.5938],[107.5433,21.5894],[107.5568,21.6093],[107.5826,21.6163],[107.5903,21.6065],[107.603,21.6036],[107.6119,21.6082],[107.6516,21.6075],[107.6652,21.6141],[107.6868,21.6107],[107.7154,21.6213],[107.7213,21.6288],[107.7412,21.639],[107.7708,21.6449],[107.7828,21.6554],[107.7963,21.6536],[107.8155,21.6584],[107.8269,21.6533],[107.8339,21.6434],[107.8435,21.6415],[107.8522,21.6506],[107.8714,21.6474],[107.8778,21.6321],[107.8881,21.626],[107.8834,21.6123],[107.8915,21.6066],[107.8994,21.5926],[107.916,21.5861],[107.942,21.5659],[107.9518,21.5398],[107.9679,21.5366],[107.9799,21.5447],[108.0062,21.5485],[108.0359,21.5464],[108.0367,21.5404],[108.0492,21.5287],[108.0379,21.5222],[108.0363,21.5028],[108.0266,21.4957],[108.0318,21.4871],[108.0411,21.4925],[108.0646,21.4941],[108.0598,21.4849],[108.0382,21.4817],[108.0207,21.476],[108.0029,21.4657],[107.9825,21.4449],[107.9775,21.436],[107.9658,21.4347],[107.9546,21.4415],[107.9519,21.4255],[107.9564,21.4099],[107.9529,21.4013],[107.9279,21.3999],[107.9187,21.4061],[107.9067,21.4245],[107.884,21.4379],[107.8937,21.4625],[107.8492,21.4595],[107.837,21.4406],[107.826,21.4588],[107.8262,21.4694],[107.7921,21.4722],[107.7797,21.455],[107.7654,21.4469],[107.7616,21.4248],[107.753,21.4107],[107.7552,21.4047],[107.7189,21.3943],[107.7095,21.3869],[107.6959,21.3893],[107.6872,21.3823],[107.6756,21.3807],[107.6682,21.3692],[107.6548,21.3708],[107.6478,21.366],[107.6504,21.3541],[107.6424,21.3398],[107.6346,21.334],[107.6183,21.3055],[107.6055,21.2911],[107.5856,21.2874],[107.5762,21.292],[107.565,21.287],[107.5591,21.2929],[107.5363,21.29],[107.5125,21.2946],[107.5005,21.2923],[107.5005,21.2457],[107.527,21.2231],[107.5378,21.1965],[107.5568,21.1994],[107.5811,21.2066],[107.5963,21.2189],[107.6116,21.2182],[107.6058,21.2037],[107.599,21.2016],[107.5931,21.188],[107.5649,21.1612],[107.5316,21.1356],[107.5183,21.1299],[107.4788,21.1031],[107.4688,21.0868],[107.4532,21.0872],[107.4409,21.0747],[107.4253,21.0667],[107.4124,21.0515],[107.3956,21.0482],[107.3834,21.0409],[107.3566,21.0013],[107.328,20.9864],[107.308,20.9943],[107.2941,20.9915],[107.2755,20.9981],[107.2498,20.9978],[107.241,20.993],[107.2283,20.9758],[107.2139,20.9722],[107.199,20.9619],[107.2033,20.9405],[107.1993,20.9347],[107.1747,20.9341],[107.1593,20.9274],[107.1457,20.9419],[107.1282,20.9365],[107.1158,20.9375],[107.0997,20.9481],[107.0854,20.9496],[107.0762,20.9454],[107.0677,20.9551],[107.0591,20.9577],[107.0322,20.9464],[106.9876,20.9567],[106.9619,20.9508],[106.959,20.9438],[106.9411,20.9339],[106.9396,20.9162],[106.946,20.9077],[106.9197,20.9105],[106.8965,20.9024],[106.8854,20.9021],[106.8658,20.8691],[106.8656,20.8546],[106.8736,20.8338],[106.8331,20.812],[106.8246,20.8233],[106.8083,20.8311],[106.7887,20.832],[106.7656,20.8497],[106.7527,20.879],[106.7565,20.8912],[106.766,20.9014],[106.7711,20.9136],[106.7688,20.9711],[106.7568,20.9918],[106.7403,20.999],[106.7237,20.9967],[106.686,21.0054],[106.6531,21.019],[106.6342,21.0114],[106.6235,21.0121],[106.6107,21.0211],[106.609,21.0298],[106.5773,21.0563],[106.5685,21.0531],[106.546,21.0546],[106.5331,21.0475],[106.5036,21.0565],[106.4873,21.0679],[106.4767,21.0695],[106.4584,21.0649],[106.4473,21.07],[106.4406,21.0797],[106.4507,21.0944],[106.439,21.1073],[106.4415,21.1169],[106.4616,21.1151],[106.473,21.1188],[106.4838,21.1287],[106.4833,21.1606],[106.487,21.1724],[106.4969,21.1847],[106.4945,21.1991],[106.5019,21.2244]]],[[[106.9941,20.9235],[106.9879,20.9138],[106.9753,20.9201],[106.974,20.9388],[106.9916,20.9405],[106.9941,20.9235]]],[[[107.3413,20.8484],[107.3472,20.8306],[107.3569,20.8311],[107.368,20.8247],[107.3803,20.8245],[107.3805,20.7934],[107.3709,20.8039],[107.3498,20.8066],[107.3439,20.8042],[107.3387,20.8369],[107.3413,20.8484]]],[[[107.3149,20.9093],[107.3214,20.8868],[107.3158,20.8851],[107.3059,20.9077],[107.3149,20.9093]]],[[[107.3432,20.9213],[107.341,20.9138],[107.3232,20.9195],[107.3206,20.9281],[107.3432,20.9213]]],[[[107.3832,20.9561],[107.3842,20.9499],[107.3675,20.9338],[107.3489,20.9251],[107.3177,20.931],[107.329,20.9432],[107.3412,20.9392],[107.3525,20.9413],[107.3679,20.9501],[107.3744,20.9602],[107.3832,20.9561]]],[[[107.3614,20.8872],[107.3733,20.8916],[107.3929,20.8813],[107.3838,20.8667],[107.3733,20.8589],[107.351,20.8611],[107.3451,20.8698],[107.3299,20.876],[107.3317,20.8953],[107.3456,20.8874],[107.3614,20.8872]]],[[[107.3557,20.9002],[107.3865,20.9168],[107.4054,20.92],[107.413,20.9254],[107.421,20.9485],[107.4508,20.969],[107.4549,20.9663],[107.4449,20.9424],[107.4198,20.9196],[107.3854,20.9058],[107.3557,20.9002]]],[[[107.3827,21.0202],[107.3831,21.0379],[107.3915,21.0358],[107.3827,21.0202]]],[[[107.4141,20.805],[107.4224,20.7973],[107.4161,20.7747],[107.3999,20.78],[107.3997,20.8014],[107.4141,20.805]]],[[[107.4481,20.9005],[107.4491,20.8929],[107.4283,20.8837],[107.4197,20.8964],[107.4453,20.9053],[107.4481,20.9005]]],[[[107.4813,20.9674],[107.4735,20.9555],[107.4603,20.9445],[107.4576,20.9542],[107.4757,20.9776],[107.4813,20.9674]]],[[[107.489,20.7715],[107.4819,20.7575],[107.4727,20.7627],[107.489,20.7715]]],[[[107.5338,20.9095],[107.5237,20.8971],[107.5184,20.8834],[107.5074,20.8767],[107.4952,20.861],[107.4823,20.8231],[107.4766,20.8326],[107.4904,20.8641],[107.4901,20.8759],[107.4744,20.885],[107.4792,20.8991],[107.5209,20.9166],[107.5268,20.9241],[107.531,20.9409],[107.5432,20.9618],[107.5595,20.9685],[107.5517,20.9475],[107.5605,20.9339],[107.5443,20.922],[107.5338,20.9095]]],[[[107.5161,20.9233],[107.506,20.9184],[107.4611,20.9049],[107.4566,20.9172],[107.419,20.9034],[107.4069,20.8937],[107.3941,20.8993],[107.4152,20.9092],[107.4221,20.9165],[107.4339,20.9177],[107.4459,20.9301],[107.4759,20.9477],[107.4881,20.9649],[107.4853,20.9877],[107.4977,21.0004],[107.5031,21.0122],[107.5108,21.012],[107.5339,21.04],[107.5457,21.0198],[107.548,20.9953],[107.5394,20.978],[107.5231,20.9301],[107.5161,20.9233]]],[[[107.5325,21.0699],[107.5367,21.0615],[107.5173,21.0466],[107.5015,21.0506],[107.5325,21.0699]]],[[[107.5349,21.2814],[107.5484,21.2753],[107.529,21.2649],[107.5226,21.2766],[107.5349,21.2814]]],[[[107.6237,21.109],[107.6097,21.0711],[107.5991,21.0491],[107.5965,21.0302],[107.5882,21.0244],[107.5848,21.0039],[107.577,20.9791],[107.5623,20.975],[107.5667,20.9912],[107.5646,20.9998],[107.573,21.0226],[107.585,21.0356],[107.5895,21.0756],[107.6023,21.0891],[107.6208,21.1154],[107.6237,21.109]]],[[[107.5811,21.1121],[107.571,21.0849],[107.5604,21.0762],[107.5372,21.0706],[107.526,21.088],[107.5445,21.1001],[107.5494,21.1142],[107.5628,21.1115],[107.5715,21.1178],[107.5811,21.1121]]],[[[107.5766,21.1272],[107.5641,21.1183],[107.5565,21.1287],[107.5662,21.1379],[107.5766,21.1272]]],[[[107.668,21.1763],[107.6642,21.1621],[107.6658,21.1453],[107.6543,21.1401],[107.6616,21.1903],[107.6724,21.1849],[107.668,21.1763]]],[[[107.6353,21.2559],[107.6095,21.2347],[107.6015,21.2431],[107.6235,21.2542],[107.6353,21.2559]]],[[[107.5477,21.2646],[107.5493,21.2724],[107.5708,21.2765],[107.5865,21.261],[107.5512,21.2555],[107.5477,21.2646]]],[[[107.7783,20.9733],[107.7597,20.9541],[107.7481,20.9571],[107.761,20.9678],[107.7537,20.9831],[107.7349,20.991],[107.7309,20.9998],[107.7439,21.0221],[107.7629,21.0119],[107.7809,20.9923],[107.7843,20.983],[107.7783,20.9733]]],[[[107.8612,21.0372],[107.8568,21.0245],[107.8385,21.0109],[107.8198,20.9815],[107.8083,20.9845],[107.805,20.9948],[107.8139,21.0158],[107.8232,21.0288],[107.8296,21.0303],[107.8389,21.0445],[107.8547,21.0454],[107.8612,21.0372]]],[[[107.783,21.0384],[107.7645,21.0309],[107.7636,21.0432],[107.7783,21.0513],[107.783,21.0384]]],[[[107.9804,21.2411],[107.9753,21.2305],[107.9561,21.2302],[107.9484,21.2393],[107.9691,21.2487],[107.9804,21.2411]]],[[[107.7796,21.293],[107.7531,21.2825],[107.7514,21.2882],[107.766,21.2958],[107.7796,21.293]]],[[[107.8192,21.3541],[107.8066,21.3448],[107.7966,21.3321],[107.7695,21.3224],[107.7394,21.3062],[107.7304,21.312],[107.7168,21.3033],[107.7117,21.3057],[107.7465,21.3262],[107.7683,21.3332],[107.7946,21.3507],[107.8073,21.3561],[107.8192,21.3541]]],[[[107.9284,21.3612],[107.91,21.357],[107.9038,21.3601],[107.8845,21.3579],[107.8609,21.3482],[107.8471,21.3391],[107.8421,21.3444],[107.8573,21.3574],[107.8555,21.3782],[107.8874,21.3836],[107.9054,21.3812],[107.9423,21.3924],[107.9727,21.3978],[107.9992,21.397],[107.9647,21.3759],[107.9515,21.3589],[107.9433,21.3555],[107.9284,21.3612]]],[[[107.8861,21.407],[107.8919,21.4117],[107.906,21.4102],[107.9027,21.3953],[107.8867,21.3996],[107.8739,21.3981],[107.8687,21.4052],[107.8798,21.4136],[107.8861,21.407]]]]},"properties":{"Ma":"03","TinhThanh":"Quảng Ninh"}},{"type":"Feature","geometry":{"type":"Polygon","coordinates":[[[105.6354,17.9914],[105.6535,17.9933],[105.7062,17.9929],[105.7131,18.0028],[105.722,18.0058],[105.7212,18.0205],[105.7302,18.0331],[105.749,18.0338],[105.76,18.0242],[105.7754,18.0173],[105.7865,18.0238],[105.8087,18.0253],[105.8165,18.0372],[105.8283,18.0311],[105.834,18.045],[105.813,18.0529],[105.82,18.0605],[105.8394,18.0661],[105.8685,18.066],[105.8881,18.0849],[105.8963,18.0896],[105.9123,18.0867],[105.9193,18.0804],[105.9319,18.089],[105.9461,18.0726],[105.9527,18.0572],[105.9674,18.0549],[105.9754,18.0623],[105.9862,18.0638],[105.9961,18.0512],[106.0159,18.0343],[106.0234,18.0239],[106.0503,18.0221],[106.0574,18.0164],[106.0757,17.9912],[106.0481,17.9655],[106.0457,17.9467],[106.0605,17.9384],[106.0782,17.9328],[106.1188,17.9274],[106.1309,17.9207],[106.1726,17.9145],[106.1813,17.921],[106.207,17.9249],[106.2231,17.93],[106.2406,17.9304],[106.2642,17.9142],[106.275,17.9196],[106.2837,17.9104],[106.2912,17.9212],[106.2849,17.9354],[106.2963,17.9456],[106.3057,17.9624],[106.3234,17.9629],[106.3295,17.9788],[106.3388,17.9909],[106.3585,17.9908],[106.4017,17.9793],[106.4228,17.9696],[106.4352,17.9728],[106.4442,17.9689],[106.4445,17.9521],[106.4503,17.9496],[106.4683,17.9563],[106.4793,17.9534],[106.4917,17.9595],[106.511,17.9599],[106.5053,17.957],[106.5133,17.9395],[106.5017,17.9236],[106.483,17.9205],[106.4721,17.9069],[106.4686,17.8951],[106.45,17.8674],[106.4454,17.8522],[106.4445,17.8326],[106.4493,17.8061],[106.466,17.7543],[106.4889,17.7108],[106.4955,17.7027],[106.4998,17.688],[106.5143,17.661],[106.5409,17.6227],[106.5457,17.6221],[106.5638,17.5866],[106.5899,17.5439],[106.6273,17.495],[106.6361,17.4772],[106.6495,17.4585],[106.6837,17.4193],[106.7197,17.3822],[106.7749,17.3304],[106.8165,17.2957],[106.8789,17.2496],[106.9367,17.205],[106.9692,17.1823],[107.0124,17.1495],[107.0627,17.1167],[107.0961,17.0998],[107.116,17.084],[107.1134,17.074],[107.1138,17.0508],[107.1104,17.0406],[107.111,17.0199],[107.1168,17.0038],[107.1421,16.9645],[107.1727,16.9279],[107.1984,16.9044],[107.2307,16.8696],[107.3095,16.8023],[107.3512,16.7704],[107.3889,16.7432],[107.3703,16.7341],[107.3563,16.7097],[107.3578,16.6991],[107.3374,16.684],[107.3315,16.6734],[107.3187,16.6617],[107.3162,16.6379],[107.3108,16.6253],[107.3192,16.6214],[107.3286,16.6085],[107.3174,16.5947],[107.2959,16.5839],[107.2712,16.5662],[107.2562,16.5736],[107.2449,16.5872],[107.239,16.5828],[107.2187,16.5776],[107.2027,16.5827],[107.1539,16.5747],[107.1276,16.5652],[107.1218,16.5523],[107.1016,16.5526],[107.0621,16.5373],[107.056,16.5238],[107.0675,16.5106],[107.0946,16.5013],[107.1196,16.4868],[107.1288,16.4764],[107.1358,16.4564],[107.1245,16.4424],[107.1041,16.44],[107.0897,16.4488],[107.0594,16.4484],[107.0505,16.4259],[107.0649,16.4104],[107.0504,16.3823],[107.0406,16.3735],[107.016,16.3612],[107.0219,16.351],[107.0241,16.3334],[107.0222,16.3209],[107.0262,16.3129],[107.0209,16.3055],[107.0036,16.316],[106.9946,16.3101],[106.9699,16.3024],[106.9634,16.3078],[106.968,16.3302],[106.9656,16.352],[106.9621,16.3586],[106.9383,16.3641],[106.9239,16.3715],[106.9132,16.3833],[106.8977,16.3916],[106.8959,16.4122],[106.9002,16.4258],[106.8853,16.4226],[106.8737,16.4263],[106.8713,16.435],[106.8869,16.4488],[106.8841,16.4678],[106.8764,16.4697],[106.8778,16.4828],[106.886,16.49],[106.8904,16.5115],[106.8866,16.5218],[106.8742,16.5328],[106.8442,16.5474],[106.8308,16.5491],[106.8305,16.5408],[106.8226,16.5295],[106.8285,16.5219],[106.8195,16.5044],[106.8148,16.4882],[106.8054,16.4754],[106.8019,16.4635],[106.792,16.4733],[106.7707,16.468],[106.7753,16.4598],[106.7714,16.431],[106.7641,16.4257],[106.7474,16.4245],[106.7406,16.4116],[106.7343,16.4266],[106.7239,16.4334],[106.702,16.4357],[106.6827,16.4576],[106.6742,16.4567],[106.6745,16.4737],[106.6624,16.4724],[106.6597,16.4914],[106.6653,16.5033],[106.6522,16.5123],[106.647,16.5223],[106.6472,16.5398],[106.6589,16.5531],[106.6723,16.5621],[106.6626,16.5718],[106.6491,16.5928],[106.6325,16.5913],[106.6257,16.6018],[106.6165,16.6058],[106.5976,16.6062],[106.5864,16.6009],[106.5824,16.6114],[106.5899,16.6162],[106.5866,16.6267],[106.5642,16.6424],[106.5671,16.6513],[106.5518,16.6944],[106.5508,16.8675],[106.5396,16.8719],[106.5299,16.8855],[106.5193,16.8891],[106.5164,16.9144],[106.532,16.9255],[106.5478,16.9259],[106.5498,16.9978],[106.5373,16.9931],[106.5304,16.9781],[106.516,16.971],[106.4727,16.9825],[106.4626,16.9902],[106.4629,16.9971],[106.438,16.9947],[106.4282,17.0043],[106.4232,17.0321],[106.4132,17.038],[106.4023,17.0508],[106.4136,17.0697],[106.4056,17.0887],[106.3728,17.1107],[106.3705,17.1231],[106.357,17.1338],[106.3535,17.1455],[106.3557,17.1565],[106.3346,17.1707],[106.3265,17.1807],[106.3235,17.1993],[106.3029,17.2088],[106.3076,17.2172],[106.3241,17.2168],[106.3334,17.2266],[106.3331,17.2342],[106.3174,17.2353],[106.3171,17.2512],[106.3093,17.252],[106.3051,17.2678],[106.3048,17.2909],[106.2911,17.2966],[106.2752,17.2962],[106.2741,17.2857],[106.28,17.2759],[106.278,17.2668],[106.26,17.2533],[106.2455,17.2486],[106.2316,17.2511],[106.2064,17.2713],[106.1912,17.2781],[106.1776,17.2935],[106.1505,17.3114],[106.142,17.3246],[106.119,17.3458],[106.0932,17.3592],[106.0052,17.4606],[105.9475,17.5281],[105.9208,17.5582],[105.8629,17.6254],[105.8452,17.6277],[105.8307,17.6487],[105.8174,17.6595],[105.8067,17.6583],[105.7949,17.6636],[105.782,17.6752],[105.7512,17.6693],[105.7489,17.6911],[105.7423,17.7109],[105.7431,17.7223],[105.7298,17.7282],[105.7267,17.7459],[105.7185,17.7544],[105.7039,17.7597],[105.692,17.7696],[105.6901,17.7854],[105.6788,17.8102],[105.685,17.8241],[105.6752,17.8381],[105.6578,17.8529],[105.6486,17.8537],[105.6215,17.8705],[105.6128,17.8856],[105.6255,17.9035],[105.6287,17.953],[105.6396,17.9666],[105.6404,17.9867],[105.6354,17.9914]]]},"properties":{"Ma":"19","TinhThanh":"Quảng Trị"}},{"type":"Feature","geometry":{"type":"Polygon","coordinates":[[[103.2172,20.8955],[103.2457,20.892],[103.2671,20.9017],[103.2769,20.8973],[103.2897,20.908],[103.2784,20.9204],[103.2773,20.9379],[103.2894,20.9476],[103.2999,20.9458],[103.3002,20.9643],[103.2941,20.9764],[103.2898,20.9948],[103.281,20.9991],[103.292,21.017],[103.2861,21.0353],[103.2759,21.0445],[103.2749,21.0567],[103.3018,21.0629],[103.2934,21.0753],[103.2865,21.0933],[103.2941,21.0985],[103.3346,21.0914],[103.3666,21.0702],[103.371,21.0627],[103.3936,21.0633],[103.4042,21.0603],[103.4221,21.0649],[103.4243,21.0713],[103.4087,21.0874],[103.4023,21.1046],[103.4006,21.1299],[103.3964,21.1511],[103.4059,21.1565],[103.4146,21.1687],[103.4281,21.163],[103.4338,21.1691],[103.4379,21.1907],[103.4329,21.2066],[103.4316,21.2242],[103.4366,21.2413],[103.4308,21.2519],[103.4393,21.2637],[103.4413,21.2819],[103.4327,21.3107],[103.4142,21.3196],[103.399,21.3169],[103.3798,21.329],[103.3697,21.3315],[103.3716,21.3407],[103.3882,21.3612],[103.3884,21.3676],[103.3626,21.3718],[103.3586,21.3883],[103.3402,21.3999],[103.3369,21.4107],[103.3417,21.4275],[103.354,21.4247],[103.3749,21.4278],[103.3919,21.4368],[103.4181,21.4267],[103.4427,21.4322],[103.4568,21.4576],[103.4542,21.4802],[103.4478,21.4856],[103.4517,21.5018],[103.4636,21.5197],[103.4849,21.5207],[103.5031,21.5337],[103.5171,21.5328],[103.5226,21.548],[103.5192,21.565],[103.5341,21.5686],[103.5305,21.5867],[103.5427,21.6025],[103.5479,21.6023],[103.5599,21.6266],[103.5508,21.6326],[103.5416,21.6456],[103.5571,21.656],[103.5679,21.6778],[103.5841,21.6852],[103.5987,21.683],[103.5863,21.7001],[103.5726,21.7396],[103.5614,21.7493],[103.5598,21.76],[103.5411,21.7774],[103.5477,21.7988],[103.5396,21.8121],[103.5399,21.8279],[103.5295,21.8332],[103.53,21.8421],[103.5223,21.8615],[103.5068,21.8728],[103.4948,21.8752],[103.4828,21.895],[103.4795,21.9087],[103.4845,21.9383],[103.4984,21.9446],[103.5055,21.9552],[103.4968,21.9698],[103.4993,21.9778],[103.5134,21.9924],[103.5106,22.0103],[103.525,22.0248],[103.546,22.0304],[103.5546,22.0236],[103.5812,22.019],[103.5961,22.0124],[103.6076,22.012],[103.6133,22.0016],[103.6341,21.9898],[103.6454,21.9944],[103.6578,21.9817],[103.6594,21.9663],[103.6664,21.9499],[103.6862,21.943],[103.69,21.9325],[103.6833,21.9213],[103.7012,21.9099],[103.7064,21.9011],[103.7051,21.8843],[103.7219,21.8797],[103.7212,21.8707],[103.7084,21.8538],[103.7062,21.8434],[103.6964,21.8378],[103.6965,21.8255],[103.711,21.8219],[103.7156,21.8127],[103.7323,21.8094],[103.7597,21.8082],[103.7536,21.7888],[103.7542,21.7803],[103.7792,21.7782],[103.7831,21.7633],[103.7902,21.7629],[103.8074,21.737],[103.8147,21.7401],[103.826,21.7351],[103.8332,21.7438],[103.8378,21.7062],[103.8722,21.6859],[103.8813,21.688],[103.8824,21.7088],[103.8917,21.7005],[103.9052,21.6948],[103.9221,21.7006],[103.9381,21.6906],[103.9373,21.6698],[103.9613,21.6696],[103.9701,21.6642],[103.982,21.6777],[104.0057,21.6725],[104.0063,21.6663],[104.0266,21.6723],[104.0488,21.6576],[104.0802,21.6495],[104.0877,21.6429],[104.0998,21.6469],[104.1182,21.6473],[104.1235,21.6514],[104.16,21.6557],[104.1742,21.6487],[104.1965,21.648],[104.2109,21.664],[104.2119,21.6713],[104.232,21.6731],[104.2542,21.671],[104.2627,21.6635],[104.2708,21.6652],[104.289,21.6611],[104.2968,21.653],[104.316,21.6567],[104.3389,21.6531],[104.3404,21.6445],[104.3305,21.6379],[104.3195,21.6202],[104.3,21.6047],[104.2906,21.6028],[104.2978,21.5713],[104.2887,21.5689],[104.277,21.5512],[104.2825,21.5372],[104.2934,21.5247],[104.2951,21.5104],[104.2852,21.4944],[104.282,21.4721],[104.287,21.4637],[104.3004,21.4576],[104.2986,21.439],[104.3197,21.4281],[104.332,21.4081],[104.3427,21.4164],[104.3538,21.415],[104.3699,21.3986],[104.3824,21.4025],[104.397,21.3924],[104.4123,21.3866],[104.4207,21.3749],[104.4208,21.36],[104.4298,21.3545],[104.444,21.3576],[104.4736,21.3517],[104.4851,21.3657],[104.5039,21.3763],[104.5151,21.3955],[104.5289,21.413],[104.5502,21.4096],[104.5786,21.4088],[104.589,21.4226],[104.6067,21.4159],[104.6123,21.4048],[104.6472,21.383],[104.6523,21.3848],[104.6711,21.376],[104.6856,21.3771],[104.6901,21.4008],[104.7031,21.4059],[104.7104,21.3997],[104.7354,21.4031],[104.7345,21.3815],[104.7439,21.3684],[104.7488,21.3525],[104.7682,21.3468],[104.7679,21.3317],[104.7791,21.326],[104.7946,21.3352],[104.8136,21.3335],[104.8184,21.3224],[104.8429,21.3106],[104.8403,21.2649],[104.8502,21.2556],[104.8526,21.2378],[104.8441,21.2263],[104.8593,21.2173],[104.8635,21.2051],[104.858,21.1887],[104.8588,21.176],[104.8527,21.1529],[104.8813,21.1342],[104.8973,21.1299],[104.9064,21.1126],[104.8767,21.0987],[104.8679,21.0759],[104.8573,21.079],[104.8542,21.0684],[104.8686,21.0296],[104.88,21.0236],[104.8903,21.0096],[104.8961,20.9889],[104.903,20.9782],[104.9199,20.9669],[104.9405,20.9314],[104.9494,20.9276],[104.9634,20.913],[104.9769,20.9064],[104.9806,20.8895],[104.9909,20.8773],[104.9904,20.8708],[105.0004,20.8581],[104.9976,20.8467],[105.0067,20.8429],[104.9979,20.8178],[105.0088,20.8083],[105.0253,20.8023],[105.0057,20.7823],[104.9912,20.7536],[105.0108,20.7429],[105.0134,20.7252],[104.9856,20.7225],[104.9688,20.7329],[104.9377,20.7451],[104.9246,20.7429],[104.9174,20.7515],[104.9065,20.7533],[104.8826,20.7675],[104.8751,20.7676],[104.859,20.7542],[104.8479,20.7541],[104.8383,20.748],[104.8364,20.7343],[104.841,20.7109],[104.8494,20.7029],[104.8369,20.6953],[104.8411,20.6785],[104.8372,20.6606],[104.8466,20.6521],[104.82,20.6394],[104.8001,20.6187],[104.7967,20.6118],[104.8007,20.5849],[104.7817,20.5839],[104.7705,20.5755],[104.7609,20.585],[104.7537,20.578],[104.7409,20.5751],[104.7276,20.589],[104.7159,20.6062],[104.6862,20.6009],[104.6852,20.611],[104.6622,20.6285],[104.6386,20.6549],[104.6359,20.6729],[104.5921,20.6756],[104.5832,20.683],[104.5857,20.6951],[104.5805,20.7044],[104.5523,20.7221],[104.5288,20.7124],[104.5244,20.7017],[104.4963,20.7151],[104.4884,20.7284],[104.4889,20.746],[104.4828,20.7653],[104.4504,20.7838],[104.4488,20.797],[104.4194,20.7958],[104.3955,20.8214],[104.3839,20.828],[104.3687,20.8254],[104.363,20.8353],[104.3474,20.8511],[104.3268,20.8601],[104.3351,20.8713],[104.3282,20.8894],[104.3135,20.9044],[104.2973,20.9095],[104.292,20.9248],[104.2808,20.928],[104.2636,20.9188],[104.2582,20.8995],[104.2476,20.9034],[104.2386,20.914],[104.2432,20.9333],[104.2293,20.9399],[104.2143,20.9394],[104.2044,20.9475],[104.1936,20.9481],[104.1875,20.9572],[104.1578,20.9566],[104.1313,20.9493],[104.1206,20.9722],[104.103,20.9786],[104.0926,20.9663],[104.0713,20.9613],[104.0519,20.9517],[104.0574,20.9427],[104.048,20.9289],[104.0499,20.9159],[104.0292,20.9035],[104.021,20.9066],[103.9948,20.9065],[103.9772,20.9116],[103.959,20.8983],[103.945,20.8956],[103.9397,20.9031],[103.919,20.9019],[103.8993,20.906],[103.8852,20.8976],[103.8588,20.8695],[103.8486,20.8621],[103.8339,20.8727],[103.8272,20.8719],[103.8053,20.8542],[103.8077,20.823],[103.7958,20.8192],[103.7796,20.8034],[103.7901,20.7807],[103.7836,20.7693],[103.7911,20.7502],[103.7707,20.7349],[103.7567,20.7324],[103.7327,20.7337],[103.7288,20.7219],[103.7369,20.7094],[103.7342,20.6957],[103.7456,20.6797],[103.7367,20.6697],[103.7243,20.6657],[103.7149,20.6691],[103.6952,20.6623],[103.6818,20.6623],[103.674,20.6692],[103.6663,20.7008],[103.6569,20.6964],[103.6483,20.7008],[103.6379,20.7203],[103.6095,20.7312],[103.6042,20.7424],[103.5832,20.7499],[103.5748,20.7465],[103.5642,20.7502],[103.551,20.7454],[103.5382,20.7517],[103.5202,20.7502],[103.5075,20.7554],[103.5018,20.7727],[103.488,20.7862],[103.4815,20.7977],[103.4848,20.8098],[103.4639,20.8278],[103.451,20.8216],[103.4332,20.7976],[103.4138,20.7975],[103.3999,20.784],[103.3841,20.7869],[103.3665,20.8035],[103.3493,20.8038],[103.3159,20.8213],[103.304,20.8204],[103.2941,20.8361],[103.2872,20.8384],[103.2674,20.8234],[103.2486,20.8325],[103.2375,20.8337],[103.2256,20.8513],[103.2352,20.8737],[103.2274,20.8795],[103.2172,20.8955]]]},"properties":{"Ma":"15","TinhThanh":"Sơn La"}},{"type":"Feature","geometry":{"type":"Polygon","coordinates":[[[106.4517,11.6712],[106.4535,11.6535],[106.4644,11.6398],[106.4697,11.6138],[106.4866,11.603],[106.4831,11.5948],[106.4893,11.5834],[106.4905,11.5705],[106.475,11.549],[106.4555,11.5415],[106.4408,11.5463],[106.4269,11.5327],[106.428,11.5124],[106.4225,11.5064],[106.4236,11.4952],[106.412,11.4729],[106.4022,11.4654],[106.3747,11.4541],[106.3663,11.4404],[106.3507,11.3767],[106.3311,11.3532],[106.3318,11.3435],[106.3447,11.3222],[106.3379,11.3026],[106.3411,11.2856],[106.3543,11.2876],[106.3528,11.266],[106.3641,11.2595],[106.3513,11.2486],[106.3615,11.2382],[106.3714,11.2446],[106.3839,11.2277],[106.3799,11.2181],[106.3893,11.2124],[106.3837,11.194],[106.3881,11.1855],[106.402,11.182],[106.41,11.1733],[106.4266,11.1707],[106.4368,11.1598],[106.4301,11.1481],[106.4458,11.1358],[106.4424,11.116],[106.4374,11.1114],[106.4273,11.074],[106.4202,11.0634],[106.4243,11.0478],[106.4201,11.0362],[106.4115,11.0294],[106.4089,11.0166],[106.4128,11.0089],[106.392,10.9998],[106.3625,10.9973],[106.3565,10.9916],[106.3729,10.9698],[106.4118,10.9737],[106.4541,10.9415],[106.5318,10.9024],[106.5329,10.9],[106.5201,10.8522],[106.5046,10.7889],[106.4637,10.7565],[106.4916,10.7243],[106.5018,10.7264],[106.5094,10.7171],[106.5202,10.7237],[106.5302,10.7173],[106.5272,10.7093],[106.5356,10.6861],[106.5503,10.6856],[106.5536,10.6684],[106.5505,10.6591],[106.5556,10.6509],[106.5807,10.6555],[106.5975,10.6534],[106.6092,10.6575],[106.6295,10.642],[106.6296,10.6316],[106.6409,10.6267],[106.6658,10.6387],[106.6855,10.6515],[106.7003,10.6541],[106.712,10.6503],[106.7296,10.6364],[106.7318,10.6226],[106.7187,10.6061],[106.7233,10.5881],[106.7289,10.5799],[106.7389,10.5814],[106.7453,10.5757],[106.742,10.5654],[106.7491,10.5307],[106.744,10.5],[106.7359,10.4981],[106.7049,10.4711],[106.6917,10.4492],[106.6797,10.439],[106.6677,10.4395],[106.6599,10.451],[106.6586,10.4771],[106.6509,10.4837],[106.639,10.4793],[106.6332,10.4594],[106.6254,10.4506],[106.6012,10.4377],[106.5853,10.4358],[106.5892,10.4184],[106.5706,10.4123],[106.5601,10.4128],[106.5575,10.4251],[106.5444,10.4288],[106.5373,10.4206],[106.5289,10.4333],[106.5182,10.4243],[106.5097,10.4276],[106.5013,10.418],[106.4815,10.4043],[106.4803,10.3969],[106.4645,10.4002],[106.4536,10.4118],[106.4263,10.4144],[106.4179,10.4348],[106.4273,10.4339],[106.4506,10.4535],[106.4421,10.466],[106.4174,10.4819],[106.417,10.4881],[106.404,10.4918],[106.3892,10.4764],[106.3705,10.4877],[106.3695,10.518],[106.3559,10.5225],[106.3478,10.5304],[106.349,10.5407],[106.3389,10.5481],[106.3184,10.5707],[106.3106,10.5656],[106.286,10.587],[106.2047,10.5792],[106.1965,10.5804],[106.1012,10.5758],[106.1024,10.5228],[106.086,10.5237],[105.9981,10.5326],[105.91,10.5386],[105.8682,10.5925],[105.8347,10.6383],[105.8079,10.6536],[105.7806,10.6587],[105.6256,10.8034],[105.5959,10.8306],[105.6127,10.832],[105.5826,10.8919],[105.5474,10.9099],[105.5163,10.9224],[105.4993,10.953],[105.5051,10.9488],[105.5374,10.9521],[105.5516,10.959],[105.5716,10.9619],[105.6189,10.9754],[105.6679,10.9877],[105.6893,10.9985],[105.7183,11.0212],[105.7423,11.0273],[105.755,11.0262],[105.7795,11.0312],[105.7869,11.014],[105.8086,10.9734],[105.8405,10.9338],[105.8645,10.8999],[105.8491,10.867],[105.8497,10.8639],[105.8989,10.8445],[105.9335,10.8391],[105.9364,10.8463],[105.929,10.8593],[105.9323,10.8666],[105.9458,10.873],[105.9564,10.8838],[105.9442,10.9101],[105.9467,10.9162],[105.973,10.8927],[106.0109,10.8547],[106.0703,10.8128],[106.0954,10.808],[106.1635,10.8119],[106.1891,10.7901],[106.1869,10.8381],[106.1613,10.8873],[106.1402,10.9154],[106.1529,10.9414],[106.1441,10.9756],[106.1557,10.9831],[106.1772,10.9799],[106.1894,10.9746],[106.2043,10.9775],[106.197,10.9922],[106.1923,11.0115],[106.1872,11.0505],[106.1739,11.0742],[106.154,11.1015],[106.144,11.1008],[106.1226,11.0889],[106.1059,11.0709],[106.0984,11.0786],[106.0991,11.0877],[106.0886,11.0997],[106.0762,11.0973],[106.0687,11.1092],[106.0528,11.1243],[106.0244,11.1387],[106.0167,11.1558],[106.0139,11.1906],[105.9868,11.1925],[105.9738,11.1982],[105.9658,11.1954],[105.9407,11.2059],[105.9264,11.2171],[105.9109,11.2395],[105.9069,11.2524],[105.9117,11.2669],[105.9085,11.2829],[105.8785,11.2872],[105.8636,11.2867],[105.8707,11.3076],[105.8672,11.3185],[105.8739,11.3268],[105.8827,11.3675],[105.8705,11.3728],[105.8787,11.3901],[105.8708,11.4037],[105.8859,11.4119],[105.891,11.4248],[105.9008,11.428],[105.9034,11.4465],[105.8872,11.4504],[105.8786,11.4599],[105.877,11.4757],[105.8847,11.4831],[105.8786,11.5016],[105.8847,11.518],[105.8844,11.5369],[105.862,11.5664],[105.8452,11.5617],[105.8274,11.5643],[105.8178,11.5704],[105.811,11.5875],[105.8091,11.6024],[105.8142,11.6188],[105.8282,11.6194],[105.8327,11.6249],[105.837,11.6479],[105.85,11.6601],[105.8682,11.6707],[105.8881,11.6767],[105.9031,11.6634],[105.9306,11.6467],[105.9525,11.6391],[105.9811,11.6694],[105.977,11.6832],[105.9829,11.6923],[106.0038,11.7068],[106.0154,11.732],[106.0095,11.7496],[106.015,11.7667],[106.0234,11.7748],[106.0397,11.7786],[106.0521,11.7737],[106.0709,11.7755],[106.0919,11.7644],[106.1053,11.7465],[106.1409,11.7428],[106.1534,11.7364],[106.1672,11.748],[106.1758,11.7463],[106.1887,11.7532],[106.1957,11.74],[106.2147,11.7282],[106.2298,11.7307],[106.2654,11.7208],[106.2692,11.707],[106.2983,11.6808],[106.299,11.6754],[106.316,11.6764],[106.3322,11.6861],[106.3382,11.6809],[106.3531,11.6904],[106.3707,11.6965],[106.3951,11.6926],[106.4138,11.6774],[106.4314,11.6715],[106.4517,11.6712]]]},"properties":{"Ma":"27","TinhThanh":"Tây Ninh"}},{"type":"Feature","geometry":{"type":"Polygon","coordinates":[[[106.1852,21.6043],[106.1733,21.6102],[106.1624,21.6248],[106.1421,21.623],[106.1356,21.6179],[106.1169,21.617],[106.0999,21.6248],[106.0779,21.6173],[106.0673,21.6046],[106.0594,21.6043],[106.0486,21.5811],[106.0349,21.5718],[106.036,21.5613],[106.0479,21.5588],[106.0537,21.5387],[106.0442,21.5218],[106.0454,21.5088],[106.0378,21.4902],[106.0479,21.4817],[106.0406,21.4704],[106.0512,21.4604],[106.0459,21.4418],[106.0267,21.4336],[106.033,21.4188],[106.0274,21.3994],[105.9792,21.4136],[105.9678,21.4311],[105.9576,21.4322],[105.9565,21.4074],[105.9401,21.3965],[105.9449,21.392],[105.9435,21.3775],[105.9364,21.3714],[105.909,21.3742],[105.9004,21.356],[105.9044,21.3454],[105.8865,21.346],[105.8813,21.3388],[105.8928,21.3265],[105.8767,21.3276],[105.8588,21.338],[105.8533,21.3482],[105.8527,21.3616],[105.8589,21.3737],[105.8472,21.3774],[105.8307,21.3752],[105.8005,21.3847],[105.7877,21.3749],[105.7846,21.3596],[105.7752,21.3607],[105.7684,21.3747],[105.7598,21.3781],[105.7657,21.3887],[105.7556,21.4104],[105.7473,21.4158],[105.7296,21.4089],[105.7209,21.4159],[105.7246,21.4321],[105.7152,21.4299],[105.7045,21.4407],[105.6874,21.4428],[105.6782,21.4558],[105.6667,21.4599],[105.6526,21.4573],[105.644,21.47],[105.6313,21.4791],[105.6353,21.4928],[105.6117,21.5057],[105.6072,21.5235],[105.5994,21.5323],[105.5839,21.5349],[105.5629,21.5584],[105.5557,21.5709],[105.5425,21.5738],[105.5267,21.5826],[105.5183,21.5974],[105.4966,21.6184],[105.5002,21.6287],[105.4834,21.6601],[105.4817,21.6787],[105.4878,21.6895],[105.4777,21.6976],[105.4903,21.7038],[105.4941,21.716],[105.5046,21.7302],[105.516,21.7366],[105.509,21.7504],[105.5176,21.7554],[105.5258,21.7678],[105.5166,21.774],[105.5003,21.7705],[105.4935,21.7801],[105.4979,21.7931],[105.4932,21.804],[105.4968,21.8319],[105.5108,21.8327],[105.5146,21.8272],[105.5278,21.8347],[105.5286,21.8524],[105.5184,21.8759],[105.5263,21.8881],[105.5426,21.8907],[105.545,21.904],[105.5529,21.9085],[105.5522,21.9339],[105.5491,21.9478],[105.5519,21.9626],[105.5316,21.9685],[105.5249,21.9815],[105.5053,21.9922],[105.5058,22.0077],[105.4951,22.0103],[105.4875,22.0475],[105.4751,22.0582],[105.4734,22.0684],[105.4636,22.0765],[105.4736,22.0964],[105.466,22.103],[105.4652,22.1205],[105.4764,22.1298],[105.4747,22.1372],[105.4928,22.1519],[105.493,22.1582],[105.4626,22.1691],[105.4607,22.1855],[105.4496,22.1915],[105.4343,22.2091],[105.4353,22.227],[105.441,22.2343],[105.4357,22.2588],[105.4552,22.2682],[105.4623,22.2646],[105.4726,22.2741],[105.4709,22.2851],[105.487,22.2927],[105.4787,22.3076],[105.4814,22.3154],[105.4967,22.3225],[105.496,22.3408],[105.5137,22.3479],[105.5169,22.3679],[105.5137,22.3768],[105.5193,22.3872],[105.5183,22.3997],[105.536,22.4077],[105.5566,22.4021],[105.5508,22.4221],[105.56,22.463],[105.5893,22.4849],[105.5962,22.5033],[105.5917,22.5081],[105.5985,22.5227],[105.5912,22.5435],[105.578,22.5591],[105.5635,22.5651],[105.5518,22.576],[105.5464,22.5896],[105.549,22.5993],[105.5299,22.621],[105.5316,22.6332],[105.5414,22.6387],[105.5409,22.6489],[105.55,22.6574],[105.5613,22.6579],[105.5642,22.6657],[105.5758,22.664],[105.5819,22.6692],[105.6028,22.6673],[105.6007,22.6869],[105.613,22.6954],[105.6417,22.6998],[105.6632,22.7227],[105.6727,22.7252],[105.6865,22.7178],[105.7,22.7196],[105.7096,22.728],[105.7215,22.7308],[105.7286,22.7396],[105.7391,22.7415],[105.747,22.7303],[105.7585,22.7253],[105.752,22.7129],[105.7608,22.6972],[105.7769,22.692],[105.773,22.684],[105.7548,22.6687],[105.7294,22.6338],[105.7396,22.6279],[105.7533,22.6088],[105.7468,22.596],[105.7533,22.5867],[105.7661,22.5889],[105.7776,22.5772],[105.7727,22.562],[105.7757,22.5503],[105.7875,22.5503],[105.8043,22.5238],[105.8235,22.5211],[105.8413,22.515],[105.8569,22.5215],[105.8995,22.507],[105.9039,22.4953],[105.9113,22.4964],[105.9203,22.5087],[105.9241,22.5215],[105.9325,22.5281],[105.9468,22.5287],[105.9526,22.523],[105.9658,22.5286],[105.9692,22.5355],[105.9864,22.5441],[106.0032,22.5487],[106.0059,22.5549],[106.0263,22.5581],[106.0423,22.5658],[106.0476,22.578],[106.059,22.571],[106.0825,22.5728],[106.0733,22.5549],[106.0864,22.5531],[106.0952,22.5272],[106.102,22.5164],[106.1193,22.5106],[106.1147,22.4832],[106.1196,22.4718],[106.1097,22.4631],[106.0943,22.4417],[106.1016,22.4356],[106.0991,22.4144],[106.1114,22.3989],[106.1222,22.4025],[106.1399,22.3945],[106.1567,22.4099],[106.1681,22.4089],[106.1847,22.3869],[106.1916,22.376],[106.2091,22.3677],[106.22,22.3504],[106.2089,22.3375],[106.1996,22.3136],[106.2121,22.2901],[106.2351,22.2789],[106.2445,22.2685],[106.2469,22.2578],[106.2371,22.2212],[106.2214,22.2073],[106.2211,22.1976],[106.2316,22.1744],[106.2177,22.1669],[106.1965,22.1428],[106.189,22.1397],[106.1852,22.1173],[106.1687,22.1104],[106.1624,22.1021],[106.1572,22.0817],[106.1395,22.0858],[106.1234,22.0854],[106.1142,22.0726],[106.0988,22.068],[106.1028,22.0454],[106.0967,22.0302],[106.1085,22.0212],[106.11,21.9968],[106.1154,21.9785],[106.1116,21.962],[106.0978,21.9542],[106.1118,21.9493],[106.1027,21.9405],[106.1319,21.917],[106.1274,21.8993],[106.1134,21.8907],[106.1173,21.8799],[106.1106,21.8607],[106.1152,21.8409],[106.0954,21.8214],[106.1077,21.8034],[106.1064,21.7903],[106.1135,21.7815],[106.1354,21.7853],[106.1497,21.761],[106.1684,21.7542],[106.1782,21.7437],[106.1942,21.7416],[106.1967,21.7354],[106.2175,21.7268],[106.2246,21.7331],[106.2353,21.727],[106.2375,21.7147],[106.2328,21.6989],[106.2244,21.6921],[106.2266,21.6816],[106.2058,21.6635],[106.2022,21.6533],[106.191,21.6451],[106.197,21.6185],[106.1852,21.6043]]]},"properties":{"Ma":"10","TinhThanh":"Thái Nguyên"}},{"type":"Feature","geometry":{"type":"MultiPolygon","coordinates":[[[[105.8054,19.2867],[105.8011,19.302],[105.7682,19.2921],[105.7557,19.3068],[105.7494,19.3023],[105.7366,19.3181],[105.7195,19.3091],[105.715,19.3031],[105.6837,19.3045],[105.6755,19.3156],[105.6635,19.3191],[105.6679,19.3402],[105.6556,19.3426],[105.6528,19.3532],[105.6423,19.3534],[105.6377,19.367],[105.6284,19.38],[105.6203,19.3825],[105.6094,19.3685],[105.5907,19.3704],[105.5824,19.3803],[105.583,19.3898],[105.5666,19.4031],[105.5606,19.4142],[105.5442,19.4335],[105.5384,19.4555],[105.5251,19.4641],[105.5004,19.4618],[105.4897,19.4502],[105.4811,19.449],[105.4692,19.4557],[105.4544,19.444],[105.4449,19.4414],[105.429,19.4553],[105.4124,19.4591],[105.4024,19.4489],[105.3893,19.4563],[105.3915,19.4656],[105.3836,19.4792],[105.3592,19.5075],[105.3645,19.5166],[105.3562,19.5318],[105.3574,19.5402],[105.3451,19.5425],[105.316,19.5057],[105.3086,19.4893],[105.2912,19.483],[105.2898,19.4913],[105.2774,19.4943],[105.2802,19.5044],[105.2716,19.5078],[105.275,19.5182],[105.2675,19.5296],[105.2721,19.538],[105.2712,19.5555],[105.2811,19.5635],[105.2819,19.5745],[105.2767,19.59],[105.282,19.6038],[105.2663,19.6166],[105.2611,19.6384],[105.2461,19.6566],[105.2378,19.6482],[105.2238,19.6483],[105.2113,19.6618],[105.1789,19.6798],[105.164,19.6853],[105.1644,19.6989],[105.1534,19.7075],[105.1612,19.7165],[105.1479,19.732],[105.1335,19.7431],[105.133,19.7603],[105.1375,19.765],[105.1308,19.7782],[105.1326,19.7859],[105.1279,19.801],[105.1318,19.8066],[105.1325,19.8268],[105.1453,19.8346],[105.1521,19.8559],[105.179,19.8549],[105.1884,19.8675],[105.1785,19.8822],[105.1767,19.8962],[105.1688,19.914],[105.1559,19.922],[105.1344,19.9204],[105.1056,19.9359],[105.0874,19.9352],[105.0572,19.9302],[105.0434,19.9396],[105.0267,19.9443],[105.0186,19.9513],[105.0031,19.9508],[104.999,19.9616],[104.9765,19.976],[104.9649,19.9753],[104.9584,19.9926],[104.9444,19.9884],[104.9237,19.9899],[104.9201,19.996],[104.9235,20.019],[104.9347,20.0358],[104.9622,20.0519],[104.9736,20.0633],[104.9756,20.0778],[104.9919,20.0941],[104.9653,20.099],[104.9605,20.1116],[104.9345,20.1262],[104.9224,20.1411],[104.9289,20.1478],[104.9274,20.1582],[104.897,20.1473],[104.8788,20.1433],[104.8598,20.1429],[104.8417,20.1493],[104.8226,20.1611],[104.8198,20.1707],[104.7731,20.1987],[104.7504,20.1988],[104.733,20.2027],[104.7184,20.202],[104.7017,20.2124],[104.6864,20.218],[104.6733,20.2161],[104.662,20.2328],[104.6445,20.235],[104.6335,20.2289],[104.6127,20.245],[104.6096,20.256],[104.611,20.2756],[104.6175,20.2929],[104.6155,20.3078],[104.6209,20.3207],[104.6155,20.3475],[104.6224,20.3667],[104.6446,20.3738],[104.6661,20.3896],[104.6831,20.3969],[104.6841,20.4036],[104.7128,20.3994],[104.7196,20.4079],[104.7065,20.4152],[104.6968,20.4317],[104.686,20.4435],[104.6652,20.4536],[104.6718,20.4657],[104.6573,20.475],[104.6254,20.4616],[104.6133,20.4266],[104.5973,20.417],[104.5777,20.415],[104.5651,20.417],[104.5428,20.4089],[104.5309,20.4141],[104.5252,20.3947],[104.5117,20.3857],[104.4962,20.3835],[104.4912,20.3774],[104.4741,20.369],[104.4582,20.3716],[104.4522,20.3782],[104.4384,20.3756],[104.4206,20.3766],[104.4101,20.3842],[104.4045,20.411],[104.4129,20.422],[104.3916,20.4402],[104.3814,20.4431],[104.38,20.4578],[104.3746,20.4654],[104.3895,20.4768],[104.3881,20.4882],[104.4154,20.4894],[104.4493,20.5097],[104.4756,20.517],[104.4929,20.5408],[104.5278,20.5556],[104.5261,20.5694],[104.5342,20.5757],[104.542,20.5981],[104.5624,20.6077],[104.5839,20.61],[104.6022,20.6057],[104.6142,20.6214],[104.6273,20.6263],[104.6386,20.6549],[104.6622,20.6285],[104.6852,20.611],[104.6862,20.6009],[104.7159,20.6062],[104.7276,20.589],[104.7409,20.5751],[104.7537,20.578],[104.7609,20.585],[104.7705,20.5755],[104.7817,20.5839],[104.8007,20.5849],[104.7967,20.6118],[104.8001,20.6187],[104.82,20.6394],[104.8466,20.6521],[104.853,20.6636],[104.8722,20.6627],[104.8979,20.6706],[104.9178,20.6604],[104.9319,20.6489],[104.948,20.6442],[104.9609,20.6272],[104.9633,20.6082],[104.9853,20.5892],[104.98,20.5761],[104.9983,20.5759],[105.0097,20.5721],[105.0239,20.559],[105.0533,20.5618],[105.0544,20.5704],[105.0786,20.5782],[105.0936,20.5669],[105.1077,20.5676],[105.1303,20.5567],[105.1413,20.5439],[105.1531,20.5431],[105.1617,20.5351],[105.1633,20.5229],[105.1718,20.5146],[105.1849,20.5211],[105.2013,20.5184],[105.2157,20.5089],[105.2312,20.5032],[105.2305,20.4973],[105.2446,20.488],[105.2443,20.4737],[105.2621,20.4654],[105.2672,20.455],[105.2609,20.4368],[105.2767,20.4314],[105.2905,20.4188],[105.3028,20.4212],[105.3177,20.408],[105.3424,20.3965],[105.3456,20.3907],[105.3672,20.3887],[105.386,20.3785],[105.4062,20.3726],[105.4367,20.3844],[105.4606,20.3752],[105.4766,20.3752],[105.5004,20.3613],[105.5212,20.3598],[105.5298,20.3717],[105.5427,20.3621],[105.5497,20.347],[105.5486,20.3348],[105.5791,20.3119],[105.5938,20.314],[105.6038,20.3081],[105.6128,20.2891],[105.6208,20.2819],[105.6496,20.274],[105.6791,20.2466],[105.6828,20.2353],[105.6939,20.2309],[105.7009,20.218],[105.7377,20.194],[105.7408,20.1852],[105.7934,20.17],[105.8082,20.1583],[105.8316,20.1511],[105.8602,20.1335],[105.8685,20.125],[105.8961,20.1174],[105.9075,20.1068],[105.9249,20.1008],[105.9301,20.0906],[105.947,20.0746],[105.9586,20.0671],[105.9926,20.0687],[106.0136,20.0649],[106.0233,20.059],[106.0718,20.0666],[106.0735,20.0513],[106.0661,20.0373],[106.0613,20.0182],[106.0543,20.0068],[106.0323,19.9991],[106.026,19.9907],[106.0244,19.9755],[106.0258,19.9599],[106.0002,19.9481],[105.9911,19.9477],[105.9683,19.9351],[105.9531,19.9192],[105.9493,19.8905],[105.9598,19.8853],[105.9407,19.8544],[105.9324,19.8279],[105.9309,19.8139],[105.9343,19.7819],[105.9106,19.7507],[105.8955,19.7209],[105.8793,19.7294],[105.8674,19.7218],[105.8577,19.7081],[105.845,19.6831],[105.8308,19.6408],[105.8236,19.6087],[105.8197,19.5833],[105.8134,19.5734],[105.8071,19.5056],[105.8072,19.4742],[105.811,19.436],[105.7999,19.4276],[105.7936,19.4161],[105.7925,19.4038],[105.7847,19.3993],[105.789,19.3676],[105.8008,19.3402],[105.8139,19.3281],[105.8191,19.3144],[105.8064,19.2944],[105.8054,19.2867]]],[[[105.9347,19.3795],[105.9341,19.3647],[105.9255,19.359],[105.9141,19.3689],[105.9286,19.3834],[105.9347,19.3795]]]]},"properties":{"Ma":"16","TinhThanh":"Thanh Hóa"}},{"type":"Feature","geometry":{"type":"Polygon","coordinates":[[[106.4236,11.4952],[106.4362,11.5006],[106.4771,11.4959],[106.4887,11.4996],[106.514,11.4826],[106.5216,11.4818],[106.5401,11.4676],[106.5456,11.4682],[106.5564,11.4849],[106.5732,11.4566],[106.5646,11.4448],[106.5459,11.4335],[106.5422,11.4233],[106.5479,11.4033],[106.5393,11.3878],[106.5531,11.3731],[106.5631,11.3706],[106.5761,11.3786],[106.592,11.3807],[106.5995,11.3864],[106.6132,11.3874],[106.6161,11.3633],[106.6329,11.3588],[106.6514,11.3597],[106.6713,11.3537],[106.6772,11.3627],[106.6793,11.3851],[106.6968,11.403],[106.7047,11.3971],[106.7108,11.4077],[106.7261,11.4238],[106.7291,11.4327],[106.741,11.4332],[106.7421,11.4409],[106.7534,11.4466],[106.7501,11.4679],[106.7539,11.4766],[106.7753,11.4827],[106.7909,11.492],[106.8031,11.4812],[106.8079,11.4613],[106.8053,11.4504],[106.7908,11.4351],[106.7794,11.427],[106.7696,11.4261],[106.7693,11.4081],[106.7736,11.399],[106.786,11.3989],[106.7852,11.38],[106.8024,11.3804],[106.8137,11.3762],[106.8252,11.3832],[106.8418,11.3749],[106.8546,11.3767],[106.8585,11.3608],[106.8568,11.3459],[106.8631,11.3384],[106.8554,11.3289],[106.859,11.3152],[106.8746,11.3093],[106.8716,11.326],[106.885,11.3404],[106.9003,11.3406],[106.9081,11.3536],[106.9298,11.3553],[106.9398,11.3515],[106.9511,11.3375],[106.9512,11.3217],[106.943,11.3168],[106.9372,11.3056],[106.9392,11.2922],[106.9256,11.2671],[106.9282,11.2487],[106.9236,11.2418],[106.9107,11.2412],[106.9183,11.221],[106.9071,11.2033],[106.9056,11.1943],[106.9333,11.1891],[106.9536,11.1635],[106.9559,11.1527],[106.9539,11.1308],[106.9652,11.1081],[106.9574,11.1063],[106.9472,11.0899],[106.946,11.0764],[106.9525,11.071],[106.948,11.0598],[106.9408,11.0574],[106.9325,11.0645],[106.9148,11.0432],[106.9067,11.0219],[106.8907,11.0269],[106.8727,11.0198],[106.8591,11.0321],[106.8396,11.0403],[106.8287,11.0636],[106.8214,11.0651],[106.8019,11.0596],[106.8004,11.0522],[106.8107,11.0431],[106.8131,11.0325],[106.808,11.0261],[106.7846,11.0177],[106.7745,11.0053],[106.7816,10.987],[106.7965,10.974],[106.7758,10.9593],[106.769,10.9518],[106.7708,10.9428],[106.7941,10.9237],[106.8121,10.9176],[106.8162,10.9036],[106.8312,10.9065],[106.8383,10.9033],[106.8437,10.8838],[106.8511,10.8763],[106.8467,10.8655],[106.8567,10.8427],[106.8801,10.8169],[106.8782,10.8005],[106.8665,10.7908],[106.8661,10.7828],[106.874,10.7681],[106.865,10.7645],[106.8482,10.7754],[106.8379,10.7715],[106.8236,10.7603],[106.8248,10.7786],[106.8164,10.7799],[106.799,10.7589],[106.7762,10.7487],[106.7538,10.7248],[106.7509,10.7135],[106.7575,10.6938],[106.7727,10.6763],[106.7828,10.6731],[106.8071,10.6575],[106.814,10.6405],[106.8239,10.629],[106.8376,10.627],[106.8404,10.6356],[106.8512,10.6398],[106.8585,10.6367],[106.8727,10.6479],[106.8847,10.6408],[106.9034,10.6248],[106.9098,10.6098],[106.9211,10.6098],[106.9406,10.597],[106.9597,10.5938],[106.9839,10.5794],[106.986,10.5955],[106.9913,10.6054],[107.0067,10.61],[106.9973,10.6236],[106.9992,10.6347],[107.0132,10.6434],[107.0444,10.6575],[107.0666,10.6535],[107.0966,10.6521],[107.101,10.6631],[107.1214,10.6734],[107.1338,10.6851],[107.1397,10.7104],[107.139,10.7415],[107.1544,10.7442],[107.1695,10.7537],[107.1893,10.772],[107.2068,10.7746],[107.2065,10.7581],[107.2212,10.757],[107.2313,10.7642],[107.2439,10.7564],[107.3005,10.755],[107.3053,10.7131],[107.3008,10.7018],[107.3071,10.6962],[107.3,10.6834],[107.3162,10.669],[107.3317,10.6774],[107.3459,10.6758],[107.3538,10.6964],[107.3483,10.705],[107.3585,10.716],[107.361,10.7282],[107.3718,10.732],[107.3829,10.7507],[107.3944,10.763],[107.4098,10.7746],[107.4202,10.7743],[107.426,10.7867],[107.4444,10.8043],[107.4536,10.803],[107.4579,10.7914],[107.4709,10.7935],[107.4831,10.7709],[107.4962,10.7674],[107.505,10.7714],[107.5025,10.7632],[107.5054,10.7476],[107.5259,10.7316],[107.5442,10.7061],[107.5466,10.6954],[107.539,10.6762],[107.5555,10.6461],[107.5682,10.6191],[107.5636,10.6144],[107.5714,10.6009],[107.5662,10.5774],[107.5707,10.5684],[107.5584,10.5582],[107.5359,10.5298],[107.5285,10.5232],[107.5157,10.5031],[107.4867,10.4974],[107.4713,10.4985],[107.4553,10.4832],[107.4447,10.4689],[107.4208,10.4671],[107.3843,10.4688],[107.3675,10.4672],[107.3504,10.4577],[107.3285,10.4503],[107.2996,10.4286],[107.2821,10.4105],[107.2598,10.3828],[107.2394,10.3787],[107.2172,10.4022],[107.2068,10.406],[107.1788,10.3999],[107.1661,10.3998],[107.1565,10.3875],[107.1256,10.3714],[107.1067,10.3557],[107.0919,10.3355],[107.0874,10.3242],[107.0744,10.33],[107.0722,10.3475],[107.0607,10.3551],[107.0623,10.3666],[107.0553,10.3739],[107.0586,10.3871],[107.0707,10.3838],[107.0788,10.3925],[107.0924,10.3879],[107.103,10.3954],[107.1086,10.4087],[107.1181,10.4167],[107.1134,10.4359],[107.0735,10.433],[107.0513,10.4508],[107.0415,10.4656],[107.0255,10.4658],[106.9966,10.4605],[106.9915,10.4509],[106.9661,10.4465],[106.9627,10.4385],[106.9823,10.4247],[106.9856,10.4132],[106.9705,10.3948],[106.9426,10.3854],[106.9185,10.374],[106.8945,10.3651],[106.8759,10.3607],[106.8346,10.3542],[106.8225,10.3774],[106.8151,10.3913],[106.7813,10.4295],[106.7569,10.4626],[106.7454,10.4884],[106.744,10.5],[106.7491,10.5307],[106.742,10.5654],[106.7453,10.5757],[106.7389,10.5814],[106.7289,10.5799],[106.7233,10.5881],[106.7187,10.6061],[106.7318,10.6226],[106.7296,10.6364],[106.712,10.6503],[106.7003,10.6541],[106.6855,10.6515],[106.6658,10.6387],[106.6409,10.6267],[106.6296,10.6316],[106.6295,10.642],[106.6092,10.6575],[106.5975,10.6534],[106.5807,10.6555],[106.5556,10.6509],[106.5505,10.6591],[106.5536,10.6684],[106.5503,10.6856],[106.5356,10.6861],[106.5272,10.7093],[106.5302,10.7173],[106.5202,10.7237],[106.5094,10.7171],[106.5018,10.7264],[106.4916,10.7243],[106.4637,10.7565],[106.5046,10.7889],[106.5201,10.8522],[106.5329,10.9],[106.5318,10.9024],[106.4541,10.9415],[106.4118,10.9737],[106.3729,10.9698],[106.3565,10.9916],[106.3625,10.9973],[106.392,10.9998],[106.4128,11.0089],[106.4089,11.0166],[106.4115,11.0294],[106.4201,11.0362],[106.4243,11.0478],[106.4202,11.0634],[106.4273,11.074],[106.4374,11.1114],[106.4424,11.116],[106.4458,11.1358],[106.4301,11.1481],[106.4368,11.1598],[106.4266,11.1707],[106.41,11.1733],[106.402,11.182],[106.3881,11.1855],[106.3837,11.194],[106.3893,11.2124],[106.3799,11.2181],[106.3839,11.2277],[106.3714,11.2446],[106.3615,11.2382],[106.3513,11.2486],[106.3641,11.2595],[106.3528,11.266],[106.3543,11.2876],[106.3411,11.2856],[106.3379,11.3026],[106.3447,11.3222],[106.3318,11.3435],[106.3311,11.3532],[106.3507,11.3767],[106.3663,11.4404],[106.3747,11.4541],[106.4022,11.4654],[106.412,11.4729],[106.4236,11.4952]]]},"properties":{"Ma":"79","TinhThanh":"TP. Hồ Chí Minh"}},{"type":"Feature","geometry":{"type":"Polygon","coordinates":[[[105.5646,23.1192],[105.5525,23.1114],[105.5271,23.1078],[105.5172,23.084],[105.5198,23.0746],[105.5087,23.0611],[105.504,23.0422],[105.4977,23.0392],[105.4876,23.0093],[105.4588,23.0049],[105.4468,22.9992],[105.4414,23.0038],[105.3998,22.9917],[105.3752,22.9902],[105.3615,22.9793],[105.3644,22.9642],[105.3621,22.9401],[105.3328,22.9286],[105.321,22.9153],[105.3125,22.9156],[105.3048,22.9003],[105.3067,22.8892],[105.3004,22.8754],[105.2845,22.8788],[105.2687,22.878],[105.2665,22.8661],[105.2828,22.8559],[105.3009,22.8561],[105.3244,22.844],[105.3291,22.8323],[105.344,22.8265],[105.3481,22.8135],[105.3588,22.8167],[105.3873,22.8098],[105.3992,22.7949],[105.404,22.7951],[105.4216,22.7809],[105.4419,22.7733],[105.45,22.759],[105.4697,22.7559],[105.4787,22.7386],[105.4752,22.7282],[105.4817,22.7094],[105.5011,22.7006],[105.4888,22.677],[105.4978,22.6555],[105.4937,22.645],[105.4988,22.6337],[105.5141,22.6366],[105.5316,22.6332],[105.5299,22.621],[105.549,22.5993],[105.5464,22.5896],[105.5518,22.576],[105.5635,22.5651],[105.578,22.5591],[105.5912,22.5435],[105.5985,22.5227],[105.5917,22.5081],[105.5962,22.5033],[105.5893,22.4849],[105.56,22.463],[105.5508,22.4221],[105.5566,22.4021],[105.536,22.4077],[105.5183,22.3997],[105.5193,22.3872],[105.5137,22.3768],[105.5169,22.3679],[105.5137,22.3479],[105.496,22.3408],[105.4967,22.3225],[105.4814,22.3154],[105.4787,22.3076],[105.487,22.2927],[105.4709,22.2851],[105.4726,22.2741],[105.4623,22.2646],[105.4552,22.2682],[105.4357,22.2588],[105.441,22.2343],[105.4353,22.227],[105.4343,22.2091],[105.4496,22.1915],[105.4607,22.1855],[105.4626,22.1691],[105.493,22.1582],[105.4928,22.1519],[105.4747,22.1372],[105.4764,22.1298],[105.4652,22.1205],[105.466,22.103],[105.4736,22.0964],[105.4636,22.0765],[105.4734,22.0684],[105.4751,22.0582],[105.4875,22.0475],[105.4951,22.0103],[105.5058,22.0077],[105.5053,21.9922],[105.5249,21.9815],[105.5316,21.9685],[105.5519,21.9626],[105.5491,21.9478],[105.5522,21.9339],[105.5529,21.9085],[105.545,21.904],[105.5426,21.8907],[105.5263,21.8881],[105.5184,21.8759],[105.5286,21.8524],[105.5278,21.8347],[105.5146,21.8272],[105.5108,21.8327],[105.4968,21.8319],[105.4932,21.804],[105.4979,21.7931],[105.4935,21.7801],[105.5003,21.7705],[105.5166,21.774],[105.5258,21.7678],[105.5176,21.7554],[105.509,21.7504],[105.516,21.7366],[105.5046,21.7302],[105.4941,21.716],[105.4903,21.7038],[105.4777,21.6976],[105.4878,21.6895],[105.4817,21.6787],[105.4834,21.6601],[105.5002,21.6287],[105.4966,21.6184],[105.5183,21.5974],[105.5267,21.5826],[105.5425,21.5738],[105.5298,21.5568],[105.5229,21.5376],[105.5139,21.5366],[105.4848,21.5178],[105.4725,21.5199],[105.4561,21.5114],[105.4403,21.5099],[105.4275,21.5041],[105.411,21.5129],[105.389,21.5121],[105.3809,21.5228],[105.3699,21.5246],[105.3618,21.5196],[105.3487,21.5194],[105.3381,21.5121],[105.3371,21.5044],[105.3202,21.513],[105.3062,21.5086],[105.2951,21.5197],[105.2977,21.531],[105.29,21.5393],[105.271,21.5432],[105.2676,21.5499],[105.2732,21.5619],[105.2563,21.5747],[105.2485,21.5854],[105.2447,21.6001],[105.2514,21.6048],[105.247,21.616],[105.233,21.6177],[105.2248,21.6301],[105.2379,21.6433],[105.235,21.6585],[105.2085,21.6611],[105.1962,21.6685],[105.1919,21.677],[105.1778,21.6872],[105.1566,21.6859],[105.1505,21.6993],[105.132,21.6973],[105.1237,21.7046],[105.1092,21.7061],[105.1019,21.7178],[105.0861,21.7182],[105.0738,21.7281],[105.0761,21.7357],[105.0606,21.7442],[105.0748,21.7585],[105.0809,21.7707],[105.0717,21.7812],[105.0827,21.7916],[105.0889,21.8073],[105.1003,21.812],[105.0889,21.8282],[105.0772,21.8302],[105.0615,21.8499],[105.0584,21.8584],[105.0458,21.8639],[105.037,21.8913],[105.0185,21.8941],[105.0143,21.9072],[105.0221,21.9172],[105.0192,21.9357],[105.0105,21.9372],[104.9992,21.9291],[104.9897,21.9312],[104.9873,21.9429],[104.9953,21.9618],[104.9924,21.9709],[104.9997,21.9886],[104.9897,22.003],[104.9968,22.044],[104.9719,22.0402],[104.9676,22.0313],[104.9465,22.0356],[104.9416,22.0523],[104.9286,22.0615],[104.9181,22.0587],[104.8871,22.071],[104.8735,22.0809],[104.8649,22.0965],[104.8656,22.1066],[104.8606,22.1221],[104.8623,22.1474],[104.854,22.1573],[104.8555,22.1702],[104.8461,22.185],[104.8298,22.1775],[104.8202,22.1849],[104.813,22.1728],[104.7997,22.1701],[104.7834,22.1725],[104.7802,22.1662],[104.7566,22.1732],[104.7554,22.1846],[104.7399,22.1869],[104.7254,22.198],[104.7213,22.2167],[104.7298,22.2255],[104.7297,22.2345],[104.7223,22.2575],[104.7044,22.264],[104.6864,22.2614],[104.6768,22.2648],[104.6701,22.2768],[104.659,22.274],[104.6505,22.2804],[104.6388,22.2784],[104.6295,22.2868],[104.6073,22.2913],[104.5858,22.2638],[104.5868,22.254],[104.5741,22.2452],[104.5529,22.2417],[104.5428,22.277],[104.5656,22.2894],[104.5801,22.3062],[104.5786,22.3158],[104.5648,22.3313],[104.5811,22.346],[104.5693,22.3554],[104.5573,22.3531],[104.5467,22.3621],[104.5541,22.3732],[104.5502,22.3803],[104.53,22.389],[104.5085,22.4039],[104.4971,22.4049],[104.4909,22.4197],[104.4662,22.425],[104.4502,22.4477],[104.4505,22.4625],[104.4739,22.4836],[104.471,22.4889],[104.4544,22.495],[104.4411,22.5064],[104.434,22.5229],[104.4177,22.5253],[104.4155,22.5365],[104.4236,22.5519],[104.421,22.5587],[104.425,22.5736],[104.4429,22.5765],[104.4598,22.5725],[104.4663,22.5752],[104.459,22.6046],[104.4622,22.6132],[104.4396,22.6183],[104.4293,22.6234],[104.412,22.6388],[104.4106,22.658],[104.3984,22.6805],[104.3856,22.6798],[104.3657,22.6728],[104.3523,22.6766],[104.3346,22.6901],[104.3419,22.7114],[104.3524,22.6924],[104.3778,22.6912],[104.3841,22.702],[104.3992,22.702],[104.4079,22.7241],[104.4226,22.7374],[104.4715,22.7579],[104.5023,22.7876],[104.5137,22.7898],[104.5306,22.8207],[104.55,22.8339],[104.5543,22.8424],[104.5701,22.8442],[104.5775,22.8537],[104.5982,22.8467],[104.6047,22.8313],[104.5975,22.817],[104.6139,22.8166],[104.6216,22.8262],[104.6181,22.8388],[104.656,22.8338],[104.673,22.8174],[104.7029,22.8266],[104.724,22.8201],[104.7358,22.8304],[104.726,22.8479],[104.7383,22.8589],[104.7529,22.8569],[104.7642,22.8728],[104.7654,22.8858],[104.7777,22.9052],[104.7916,22.9053],[104.8102,22.9196],[104.8306,22.9246],[104.8385,22.9221],[104.8451,22.9328],[104.8621,22.9428],[104.8657,22.9624],[104.8303,22.9977],[104.828,23.0264],[104.8199,23.0383],[104.8204,23.0551],[104.8135,23.0582],[104.8156,23.0794],[104.8066,23.0841],[104.8012,23.1151],[104.8218,23.1174],[104.8394,23.1149],[104.8486,23.1218],[104.8757,23.1256],[104.882,23.1443],[104.8815,23.1653],[104.8964,23.1794],[104.9085,23.1808],[104.9266,23.165],[104.9241,23.1603],[104.9473,23.1508],[104.9477,23.1664],[104.956,23.1806],[104.9624,23.199],[104.9799,23.206],[104.9869,23.2006],[104.9974,23.203],[104.9989,23.2136],[105.0244,23.2189],[105.0352,23.2322],[105.0417,23.2339],[105.0509,23.2481],[105.0831,23.2669],[105.0915,23.264],[105.1075,23.2456],[105.1351,23.2561],[105.1559,23.2668],[105.1706,23.2892],[105.1785,23.288],[105.1847,23.2774],[105.1982,23.275],[105.2266,23.2607],[105.2374,23.2649],[105.2357,23.2876],[105.2476,23.2916],[105.2504,23.3096],[105.2587,23.3197],[105.2499,23.332],[105.2566,23.3423],[105.2834,23.342],[105.2877,23.3526],[105.3082,23.3818],[105.3221,23.3924],[105.348,23.3696],[105.3514,23.3455],[105.3711,23.319],[105.3861,23.3144],[105.402,23.2957],[105.4206,23.285],[105.4391,23.3009],[105.4466,23.2922],[105.4505,23.2786],[105.4649,23.2648],[105.473,23.2512],[105.493,23.2323],[105.4915,23.2209],[105.4982,23.203],[105.5171,23.1966],[105.5268,23.1886],[105.5424,23.1941],[105.5532,23.1874],[105.5608,23.1684],[105.5741,23.16],[105.5664,23.1361],[105.5596,23.1283],[105.5646,23.1192]]]},"properties":{"Ma":"08","TinhThanh":"Tuyên Quang"}},{"type":"Feature","geometry":{"type":"Polygon","coordinates":[[[106.2997,9.5859],[106.2475,9.6175],[106.21,9.65],[106.1717,9.6855],[106.1461,9.7143],[106.1282,9.7311],[106.1128,9.7496],[106.1002,9.7602],[106.0689,9.7787],[106.0511,9.8025],[106.0227,9.8258],[106.0017,9.8512],[105.9958,9.8656],[105.9804,9.8838],[105.9707,9.8896],[105.9616,9.9011],[105.9469,9.9102],[105.9192,9.9315],[105.906,9.932],[105.8768,9.9512],[105.8443,9.9828],[105.8261,10.0054],[105.8131,10.0308],[105.781,10.0701],[105.7654,10.0782],[105.7519,10.09],[105.7327,10.0994],[105.709,10.1173],[105.6823,10.1345],[105.6854,10.1435],[105.7278,10.2047],[105.7477,10.1969],[105.7658,10.1793],[105.7752,10.1886],[105.8011,10.1555],[105.8185,10.1495],[105.8491,10.1502],[105.8516,10.1601],[105.8705,10.1545],[105.8702,10.1687],[105.8762,10.1892],[105.8952,10.1855],[105.8996,10.1918],[105.9132,10.1924],[105.9197,10.2113],[105.9128,10.2257],[105.9012,10.2342],[105.9019,10.245],[105.8903,10.2443],[105.8773,10.2643],[105.8935,10.2759],[105.9041,10.2751],[105.9269,10.2837],[105.9748,10.3289],[105.9949,10.3289],[106.0346,10.2988],[106.0767,10.2783],[106.0887,10.2762],[106.1037,10.2837],[106.1429,10.2841],[106.1635,10.2928],[106.2032,10.3133],[106.2215,10.3176],[106.2491,10.3205],[106.288,10.3306],[106.3001,10.3196],[106.3118,10.3211],[106.3679,10.3396],[106.3875,10.3397],[106.4025,10.3342],[106.4483,10.3065],[106.4772,10.3066],[106.4976,10.2913],[106.5185,10.2821],[106.5419,10.2656],[106.5904,10.2508],[106.6424,10.2406],[106.6567,10.241],[106.6778,10.2366],[106.6912,10.2309],[106.7093,10.2123],[106.7543,10.191],[106.7533,10.1807],[106.7777,10.1687],[106.7892,10.1518],[106.7853,10.1269],[106.7904,10.1169],[106.7885,10.1058],[106.7672,10.0758],[106.7341,10.0403],[106.7086,10.0278],[106.6971,10.0267],[106.6808,10.005],[106.6662,9.9996],[106.6505,9.9789],[106.6493,9.9358],[106.6616,9.9275],[106.6711,9.9029],[106.6796,9.8967],[106.6876,9.8841],[106.67,9.8485],[106.659,9.8329],[106.6274,9.8001],[106.6208,9.796],[106.5794,9.7599],[106.5639,9.7424],[106.5673,9.7382],[106.5711,9.7084],[106.5702,9.6969],[106.5781,9.6946],[106.5807,9.6658],[106.5691,9.6384],[106.5576,9.6167],[106.5259,9.5768],[106.488,9.5505],[106.4485,9.5364],[106.4135,9.5292],[106.4063,9.5376],[106.3923,9.5314],[106.372,9.5309],[106.3681,9.5492],[106.358,9.5557],[106.3414,9.5748],[106.3087,9.5952],[106.2997,9.5859]]]},"properties":{"Ma":"30","TinhThanh":"Vĩnh Long"}}]}